<?xml version="1.0" encoding="UTF-8"?>
<osm version="0.6" generator="Overpass API 0.7.62.11 87bfad18">
<note>The data included in this document is from www.openstreetmap.org. The data is made available under ODbL.</note>
<meta osm_base="2026-06-01T08:52:28Z"/>

  <node id="27093069" lat="38.7637590" lon="-9.1730410" version="5" timestamp="2019-04-28T04:22:09Z" changeset="69654145" uid="1193685" user="DiogoBaptista98"/>
  <node id="82779868" lat="38.7637312" lon="-9.1728860" version="5" timestamp="2019-04-28T04:22:09Z" changeset="69654145" uid="1193685" user="DiogoBaptista98"/>
  <node id="82779869" lat="38.7645748" lon="-9.1728941" version="3" timestamp="2016-03-17T19:55:38Z" changeset="37905240" uid="47097" user="Josef K"/>
  <node id="82779910" lat="38.7673471" lon="-9.1717346" version="4" timestamp="2016-03-17T19:55:38Z" changeset="37905240" uid="47097" user="Josef K"/>
  <node id="82779912" lat="38.7680851" lon="-9.1709767" version="3" timestamp="2011-05-27T05:40:01Z" changeset="8258719" uid="350918" user="JPF_pt"/>
  <node id="82779914" lat="38.7686437" lon="-9.1701431" version="4" timestamp="2014-03-30T08:51:10Z" changeset="21396488" uid="350918" user="JPF_pt"/>
  <node id="82779922" lat="38.7698849" lon="-9.1675865" version="8" timestamp="2017-09-19T03:31:54Z" changeset="52160969" uid="350918" user="JPF_pt">
    <tag k="highway" v="motorway_junction"/>
  </node>
  <node id="245930182" lat="38.7704678" lon="-9.1642049" version="7" timestamp="2017-09-19T01:13:06Z" changeset="52159830" uid="350918" user="JPF_pt"/>
  <node id="254807937" lat="38.7649221" lon="-9.1667124" version="6" timestamp="2021-11-17T01:33:01Z" changeset="113876124" uid="1193685" user="DiogoBaptista98"/>
  <node id="254811761" lat="38.7633120" lon="-9.1670936" version="8" timestamp="2022-10-09T08:19:56Z" changeset="127235355" uid="17329951" user="josejade">
    <tag k="button_operated" v="no"/>
    <tag k="crossing" v="traffic_signals"/>
    <tag k="highway" v="traffic_signals"/>
    <tag k="tactile_paving" v="no"/>
    <tag k="traffic_signals:sound" v="no"/>
    <tag k="traffic_signals:vibration" v="no"/>
  </node>
  <node id="254811767" lat="38.7633404" lon="-9.1669299" version="5" timestamp="2021-11-17T01:33:01Z" changeset="113876124" uid="1193685" user="DiogoBaptista98"/>
  <node id="254811768" lat="38.7639510" lon="-9.1669527" version="4" timestamp="2021-11-17T01:33:01Z" changeset="113876124" uid="1193685" user="DiogoBaptista98"/>
  <node id="254811769" lat="38.7641662" lon="-9.1668814" version="3" timestamp="2021-11-17T01:33:01Z" changeset="113876124" uid="1193685" user="DiogoBaptista98"/>
  <node id="254811773" lat="38.7647688" lon="-9.1666348" version="6" timestamp="2023-02-11T19:42:16Z" changeset="132419334" uid="347293" user="Alexmol">
    <tag k="crossing" v="uncontrolled"/>
    <tag k="crossing:island" v="no"/>
    <tag k="crossing:markings" v="zebra"/>
    <tag k="highway" v="crossing"/>
    <tag k="tactile_paving" v="no"/>
  </node>
  <node id="254811775" lat="38.7656028" lon="-9.1672535" version="3" timestamp="2020-09-13T03:15:58Z" changeset="90808871" uid="1193685" user="DiogoBaptista98"/>
  <node id="254811776" lat="38.7657832" lon="-9.1673219" version="5" timestamp="2021-11-17T01:33:01Z" changeset="113876124" uid="1193685" user="DiogoBaptista98"/>
  <node id="254811777" lat="38.7659808" lon="-9.1672549" version="4" timestamp="2012-09-25T23:16:21Z" changeset="13253596" uid="602999" user="rtafav2"/>
  <node id="254811781" lat="38.7670116" lon="-9.1661976" version="5" timestamp="2012-09-25T23:16:21Z" changeset="13253596" uid="602999" user="rtafav2"/>
  <node id="254811785" lat="38.7670474" lon="-9.1658126" version="8" timestamp="2016-06-29T01:50:24Z" changeset="40356349" uid="47097" user="Josef K"/>
  <node id="254940972" lat="38.7673296" lon="-9.1675662" version="6" timestamp="2023-02-11T19:42:16Z" changeset="132419334" uid="347293" user="Alexmol">
    <tag k="crossing" v="uncontrolled"/>
    <tag k="crossing:island" v="no"/>
    <tag k="crossing:markings" v="zebra"/>
    <tag k="highway" v="crossing"/>
    <tag k="tactile_paving" v="yes"/>
  </node>
  <node id="254940973" lat="38.7659642" lon="-9.1679457" version="7" timestamp="2020-09-13T03:15:58Z" changeset="90808871" uid="1193685" user="DiogoBaptista98"/>
  <node id="254940976" lat="38.7653830" lon="-9.1680170" version="1" timestamp="2008-03-30T18:18:07Z" changeset="425973" uid="25979" user="rmcc">
    <tag k="created_by" v="JOSM"/>
  </node>
  <node id="254940977" lat="38.7647269" lon="-9.1674605" version="4" timestamp="2024-01-30T23:03:44Z" changeset="146882542" uid="11152051" user="RazorWind"/>
  <node id="254940980" lat="38.7638073" lon="-9.1681456" version="4" timestamp="2024-01-30T23:03:44Z" changeset="146882542" uid="11152051" user="RazorWind"/>
  <node id="254940981" lat="38.7639437" lon="-9.1706934" version="3" timestamp="2017-09-26T03:37:15Z" changeset="52371644" uid="350918" user="JPF_pt"/>
  <node id="254940984" lat="38.7643934" lon="-9.1713873" version="3" timestamp="2019-09-06T03:22:17Z" changeset="74155503" uid="1193685" user="DiogoBaptista98"/>
  <node id="254940985" lat="38.7647454" lon="-9.1718458" version="4" timestamp="2019-09-06T03:10:07Z" changeset="74155340" uid="1193685" user="DiogoBaptista98"/>
  <node id="254940987" lat="38.7643912" lon="-9.1722101" version="3" timestamp="2016-03-17T19:55:35Z" changeset="37905240" uid="47097" user="Josef K"/>
  <node id="254940988" lat="38.7642017" lon="-9.1723501" version="3" timestamp="2016-03-17T19:55:35Z" changeset="37905240" uid="47097" user="Josef K"/>
  <node id="254940989" lat="38.7640147" lon="-9.1723383" version="3" timestamp="2016-03-17T19:55:35Z" changeset="37905240" uid="47097" user="Josef K"/>
  <node id="254940991" lat="38.7638319" lon="-9.1721977" version="2" timestamp="2008-04-22T23:47:13Z" changeset="240199" uid="35505" user="gambozino">
    <tag k="created_by" v="JOSM"/>
  </node>
  <node id="254941117" lat="38.7619300" lon="-9.1686892" version="3" timestamp="2014-05-06T16:39:59Z" changeset="22170304" uid="207581" user="Hjart"/>
  <node id="254941118" lat="38.7614431" lon="-9.1681667" version="2" timestamp="2014-05-06T16:39:59Z" changeset="22170304" uid="207581" user="Hjart"/>
  <node id="254941119" lat="38.7612293" lon="-9.1681070" version="2" timestamp="2014-05-06T16:39:59Z" changeset="22170304" uid="207581" user="Hjart"/>
  <node id="254941121" lat="38.7605629" lon="-9.1680875" version="4" timestamp="2019-09-06T02:55:45Z" changeset="74155170" uid="1193685" user="DiogoBaptista98"/>
  <node id="257665376" lat="38.7629472" lon="-9.1669123" version="3" timestamp="2021-11-17T01:33:01Z" changeset="113876124" uid="1193685" user="DiogoBaptista98"/>
  <node id="257665381" lat="38.7654334" lon="-9.1681192" version="3" timestamp="2012-09-25T16:36:55Z" changeset="13247644" uid="602999" user="rtafav2"/>
  <node id="257665382" lat="38.7643856" lon="-9.1684095" version="5" timestamp="2020-02-26T21:23:26Z" changeset="81521753" uid="1728066" user="HeapSrc"/>
  <node id="257665383" lat="38.7643266" lon="-9.1684301" version="6" timestamp="2020-02-26T21:23:26Z" changeset="81521753" uid="1728066" user="HeapSrc"/>
  <node id="259098917" lat="38.7648654" lon="-9.1662819" version="3" timestamp="2021-11-17T01:33:01Z" changeset="113876124" uid="1193685" user="DiogoBaptista98"/>
  <node id="259098918" lat="38.7648714" lon="-9.1666045" version="2" timestamp="2021-11-17T01:33:01Z" changeset="113876124" uid="1193685" user="DiogoBaptista98"/>
  <node id="259099813" lat="38.7646062" lon="-9.1666424" version="3" timestamp="2021-11-17T01:33:01Z" changeset="113876124" uid="1193685" user="DiogoBaptista98"/>
  <node id="259102688" lat="38.7668737" lon="-9.1655615" version="6" timestamp="2024-11-14T14:44:38Z" changeset="159133277" uid="20972402" user="DanielAgos">
    <tag k="button_operated" v="no"/>
    <tag k="crossing" v="traffic_signals"/>
    <tag k="crossing_ref" v="zebra"/>
    <tag k="highway" v="traffic_signals"/>
    <tag k="tactile_paving" v="no"/>
  </node>
  <node id="259102690" lat="38.7666965" lon="-9.1653552" version="5" timestamp="2021-12-23T14:32:53Z" changeset="115301293" uid="12612838" user="rui228">
    <tag k="highway" v="motorway_junction"/>
  </node>
  <node id="259103234" lat="38.7673540" lon="-9.1653030" version="5" timestamp="2021-12-23T14:32:53Z" changeset="115301293" uid="12612838" user="rui228">
    <tag k="highway" v="motorway_junction"/>
  </node>
  <node id="259114738" lat="38.7638037" lon="-9.1707668" version="4" timestamp="2022-10-17T04:54:37Z" changeset="127647556" uid="14309561" user="kmpoppe (@ Mapillary Update)">
    <tag k="amenity" v="recycling"/>
    <tag k="created_by" v="Potlatch 0.8a"/>
    <tag k="mapillary" v="502788334197789"/>
    <tag k="recycling:glass_bottles" v="yes"/>
    <tag k="recycling_type" v="container"/>
    <tag k="survey:date" v="2019-11-22"/>
  </node>
  <node id="259283879" lat="38.7621646" lon="-9.1687150" version="3" timestamp="2016-09-08T17:04:30Z" changeset="42008264" uid="47097" user="Josef K"/>
  <node id="259285659" lat="38.7642425" lon="-9.1685237" version="4" timestamp="2020-02-26T21:23:26Z" changeset="81521753" uid="1728066" user="HeapSrc"/>
  <node id="259285660" lat="38.7645404" lon="-9.1703471" version="5" timestamp="2024-01-30T23:03:44Z" changeset="146882542" uid="11152051" user="RazorWind"/>
  <node id="259285661" lat="38.7646982" lon="-9.1705155" version="4" timestamp="2020-02-26T21:23:26Z" changeset="81521753" uid="1728066" user="HeapSrc"/>
  <node id="259285662" lat="38.7647818" lon="-9.1704899" version="4" timestamp="2020-02-26T21:23:26Z" changeset="81521753" uid="1728066" user="HeapSrc"/>
  <node id="259285663" lat="38.7653223" lon="-9.1703267" version="4" timestamp="2020-02-26T21:23:26Z" changeset="81521753" uid="1728066" user="HeapSrc"/>
  <node id="259285664" lat="38.7654226" lon="-9.1703568" version="4" timestamp="2020-02-26T21:23:26Z" changeset="81521753" uid="1728066" user="HeapSrc"/>
  <node id="259285665" lat="38.7656319" lon="-9.1705323" version="4" timestamp="2020-02-26T21:23:26Z" changeset="81521753" uid="1728066" user="HeapSrc"/>
  <node id="259285666" lat="38.7657015" lon="-9.1705579" version="4" timestamp="2020-02-26T21:23:26Z" changeset="81521753" uid="1728066" user="HeapSrc"/>
  <node id="259285668" lat="38.7662831" lon="-9.1704356" version="3" timestamp="2020-02-26T21:23:26Z" changeset="81521753" uid="1728066" user="HeapSrc"/>
  <node id="259285669" lat="38.7664518" lon="-9.1704954" version="2" timestamp="2012-09-25T16:36:56Z" changeset="13247644" uid="602999" user="rtafav2"/>
  <node id="259285670" lat="38.7669170" lon="-9.1709372" version="3" timestamp="2019-09-06T03:29:45Z" changeset="74155610" uid="1193685" user="DiogoBaptista98"/>
  <node id="259286166" lat="38.7646569" lon="-9.1668391" version="2" timestamp="2017-10-31T02:10:00Z" changeset="53382911" uid="2117094" user="rictum_satz"/>
  <node id="259286167" lat="38.7648251" lon="-9.1668483" version="2" timestamp="2017-10-31T02:10:00Z" changeset="53382911" uid="2117094" user="rictum_satz"/>
  <node id="259286168" lat="38.7649934" lon="-9.1669315" version="2" timestamp="2017-10-31T02:10:00Z" changeset="53382911" uid="2117094" user="rictum_satz"/>
  <node id="259286169" lat="38.7657142" lon="-9.1675061" version="2" timestamp="2017-10-31T02:10:00Z" changeset="53382911" uid="2117094" user="rictum_satz"/>
  <node id="259286171" lat="38.7658189" lon="-9.1678203" version="3" timestamp="2022-03-01T02:28:26Z" changeset="117964586" uid="1193685" user="DiogoBaptista98">
    <tag k="highway" v="turning_circle"/>
  </node>
  <node id="259286172" lat="38.7638520" lon="-9.1706871" version="1" timestamp="2008-04-22T23:44:23Z" changeset="240199" uid="35505" user="gambozino"/>
  <node id="259286173" lat="38.7634750" lon="-9.1706394" version="2" timestamp="2017-09-26T03:37:15Z" changeset="52371644" uid="350918" user="JPF_pt"/>
  <node id="259286174" lat="38.7634336" lon="-9.1705684" version="3" timestamp="2017-09-26T03:37:15Z" changeset="52371644" uid="350918" user="JPF_pt"/>
  <node id="259286175" lat="38.7634460" lon="-9.1689259" version="2" timestamp="2009-06-28T20:28:49Z" changeset="1667146" uid="116151" user="cruz"/>
  <node id="259286176" lat="38.7634263" lon="-9.1687997" version="3" timestamp="2024-01-30T23:03:44Z" changeset="146882542" uid="11152051" user="RazorWind"/>
  <node id="259286177" lat="38.7634506" lon="-9.1678749" version="3" timestamp="2024-01-30T23:03:44Z" changeset="146882542" uid="11152051" user="RazorWind"/>
  <node id="259286178" lat="38.7635273" lon="-9.1675401" version="3" timestamp="2024-01-30T23:03:44Z" changeset="146882542" uid="11152051" user="RazorWind"/>
  <node id="259286179" lat="38.7637394" lon="-9.1673157" version="3" timestamp="2024-01-30T23:03:44Z" changeset="146882542" uid="11152051" user="RazorWind"/>
  <node id="259286180" lat="38.7645024" lon="-9.1669299" version="3" timestamp="2024-01-30T23:03:44Z" changeset="146882542" uid="11152051" user="RazorWind"/>
  <node id="259286730" lat="38.7632498" lon="-9.1707922" version="8" timestamp="2022-02-09T00:44:11Z" changeset="117181264" uid="1193685" user="DiogoBaptista98"/>
  <node id="259286731" lat="38.7633793" lon="-9.1708705" version="5" timestamp="2024-11-27T14:25:15Z" changeset="159662581" uid="102819" user="adaptive">
    <tag k="crossing" v="traffic_signals"/>
    <tag k="highway" v="crossing"/>
    <tag k="tactile_paving" v="no"/>
  </node>
  <node id="259286732" lat="38.7640006" lon="-9.1708857" version="2" timestamp="2014-03-30T08:45:27Z" changeset="21396415" uid="350918" user="JPF_pt"/>
  <node id="259287485" lat="38.7657097" lon="-9.1714859" version="2" timestamp="2019-09-06T03:25:44Z" changeset="74155551" uid="1193685" user="DiogoBaptista98"/>
  <node id="259287486" lat="38.7667194" lon="-9.1712173" version="3" timestamp="2019-09-06T03:29:45Z" changeset="74155610" uid="1193685" user="DiogoBaptista98"/>
  <node id="259287661" lat="38.7647912" lon="-9.1720318" version="2" timestamp="2019-09-06T03:10:07Z" changeset="74155340" uid="1193685" user="DiogoBaptista98"/>
  <node id="259287662" lat="38.7648692" lon="-9.1724638" version="1" timestamp="2008-04-22T23:49:40Z" changeset="240199" uid="35505" user="gambozino"/>
  <node id="259287663" lat="38.7649562" lon="-9.1726097" version="1" timestamp="2008-04-22T23:49:40Z" changeset="240199" uid="35505" user="gambozino"/>
  <node id="259287664" lat="38.7656857" lon="-9.1724552" version="1" timestamp="2008-04-22T23:49:40Z" changeset="240199" uid="35505" user="gambozino"/>
  <node id="259287665" lat="38.7662393" lon="-9.1722257" version="2" timestamp="2017-09-22T04:35:56Z" changeset="52263008" uid="350918" user="JPF_pt"/>
  <node id="259287666" lat="38.7666296" lon="-9.1719651" version="2" timestamp="2017-09-22T04:35:57Z" changeset="52263008" uid="350918" user="JPF_pt"/>
  <node id="259287667" lat="38.7667119" lon="-9.1718316" version="2" timestamp="2017-09-22T04:35:56Z" changeset="52263008" uid="350918" user="JPF_pt"/>
  <node id="259287668" lat="38.7667089" lon="-9.1716914" version="2" timestamp="2017-09-22T04:35:57Z" changeset="52263008" uid="350918" user="JPF_pt"/>
  <node id="259287670" lat="38.7666052" lon="-9.1712463" version="2" timestamp="2012-09-25T15:59:05Z" changeset="13247644" uid="602999" user="rtafav2"/>
  <node id="259287969" lat="38.7672491" lon="-9.1704610" version="3" timestamp="2020-12-06T04:44:34Z" changeset="95354686" uid="1193685" user="DiogoBaptista98"/>
  <node id="259287970" lat="38.7678189" lon="-9.1702894" version="3" timestamp="2012-09-25T15:59:05Z" changeset="13247644" uid="602999" user="rtafav2"/>
  <node id="259288147" lat="38.7674079" lon="-9.1704087" version="2" timestamp="2012-09-25T15:59:05Z" changeset="13247644" uid="602999" user="rtafav2"/>
  <node id="259288149" lat="38.7672463" lon="-9.1693337" version="2" timestamp="2016-06-29T04:59:19Z" changeset="40357615" uid="47097" user="Josef K"/>
  <node id="259288150" lat="38.7674877" lon="-9.1687926" version="2" timestamp="2016-06-29T04:59:19Z" changeset="40357615" uid="47097" user="Josef K"/>
  <node id="259288151" lat="38.7683175" lon="-9.1669354" version="2" timestamp="2016-06-29T04:59:19Z" changeset="40357615" uid="47097" user="Josef K"/>
  <node id="259288152" lat="38.7691058" lon="-9.1674871" version="5" timestamp="2022-11-15T22:44:13Z" changeset="128962263" uid="1193685" user="DiogoBaptista98"/>
  <node id="259288455" lat="38.7679014" lon="-9.1701823" version="3" timestamp="2012-09-25T15:59:05Z" changeset="13247644" uid="602999" user="rtafav2"/>
  <node id="259288457" lat="38.7694361" lon="-9.1667534" version="5" timestamp="2022-11-15T22:44:13Z" changeset="128962263" uid="1193685" user="DiogoBaptista98"/>
  <node id="259288458" lat="38.7699813" lon="-9.1663023" version="4" timestamp="2020-12-06T04:30:46Z" changeset="95354558" uid="1193685" user="DiogoBaptista98"/>
  <node id="259288459" lat="38.7700102" lon="-9.1662659" version="3" timestamp="2012-09-25T15:59:05Z" changeset="13247644" uid="602999" user="rtafav2"/>
  <node id="259288460" lat="38.7701945" lon="-9.1658970" version="4" timestamp="2020-12-06T04:30:46Z" changeset="95354558" uid="1193685" user="DiogoBaptista98"/>
  <node id="259288461" lat="38.7702118" lon="-9.1657141" version="4" timestamp="2020-12-06T04:30:46Z" changeset="95354558" uid="1193685" user="DiogoBaptista98"/>
  <node id="259288462" lat="38.7701139" lon="-9.1655744" version="4" timestamp="2026-04-08T08:44:25Z" changeset="181036708" uid="2644617" user="Jimiiee">
    <tag k="crossing" v="uncontrolled"/>
    <tag k="crossing:island" v="no"/>
    <tag k="crossing:markings" v="zebra"/>
    <tag k="highway" v="crossing"/>
    <tag k="tactile_paving" v="no"/>
  </node>
  <node id="259288463" lat="38.7693786" lon="-9.1650142" version="5" timestamp="2016-06-29T04:59:19Z" changeset="40357615" uid="47097" user="Josef K"/>
  <node id="259288464" lat="38.7693008" lon="-9.1650121" version="4" timestamp="2016-06-29T04:59:19Z" changeset="40357615" uid="47097" user="Josef K"/>
  <node id="259288465" lat="38.7692691" lon="-9.1648904" version="4" timestamp="2016-06-29T04:59:19Z" changeset="40357615" uid="47097" user="Josef K"/>
  <node id="259288466" lat="38.7693824" lon="-9.1648431" version="4" timestamp="2016-06-29T04:59:19Z" changeset="40357615" uid="47097" user="Josef K"/>
  <node id="259288467" lat="38.7694132" lon="-9.1649636" version="4" timestamp="2016-06-29T04:59:19Z" changeset="40357615" uid="47097" user="Josef K"/>
  <node id="259288561" lat="38.7701995" lon="-9.1655338" version="3" timestamp="2020-12-06T04:30:46Z" changeset="95354558" uid="1193685" user="DiogoBaptista98"/>
  <node id="259288562" lat="38.7705492" lon="-9.1647467" version="3" timestamp="2020-12-06T04:30:46Z" changeset="95354558" uid="1193685" user="DiogoBaptista98"/>
  <node id="259288564" lat="38.7705483" lon="-9.1645969" version="3" timestamp="2020-12-06T04:30:46Z" changeset="95354558" uid="1193685" user="DiogoBaptista98"/>
  <node id="259288565" lat="38.7701272" lon="-9.1645361" version="4" timestamp="2012-09-25T15:59:06Z" changeset="13247644" uid="602999" user="rtafav2"/>
  <node id="259288705" lat="38.7688276" lon="-9.1648048" version="6" timestamp="2016-06-29T04:59:19Z" changeset="40357615" uid="47097" user="Josef K"/>
  <node id="259288874" lat="38.7701715" lon="-9.1656127" version="4" timestamp="2020-12-06T04:30:46Z" changeset="95354558" uid="1193685" user="DiogoBaptista98"/>
  <node id="259288969" lat="38.7674210" lon="-9.1689423" version="2" timestamp="2016-06-29T04:59:19Z" changeset="40357615" uid="47097" user="Josef K"/>
  <node id="259288970" lat="38.7675303" lon="-9.1690298" version="2" timestamp="2016-06-29T04:59:19Z" changeset="40357615" uid="47097" user="Josef K"/>
  <node id="259288971" lat="38.7682060" lon="-9.1695087" version="4" timestamp="2022-11-15T22:44:13Z" changeset="128962263" uid="1193685" user="DiogoBaptista98"/>
  <node id="259289718" lat="38.7659401" lon="-9.1672896" version="3" timestamp="2020-09-13T03:15:58Z" changeset="90808871" uid="1193685" user="DiogoBaptista98"/>
  <node id="269276459" lat="38.7703156" lon="-9.1661409" version="4" timestamp="2016-06-29T04:59:19Z" changeset="40357615" uid="47097" user="Josef K"/>
  <node id="269276460" lat="38.7707477" lon="-9.1647943" version="5" timestamp="2016-06-29T04:59:19Z" changeset="40357615" uid="47097" user="Josef K"/>
  <node id="269276461" lat="38.7708929" lon="-9.1644771" version="5" timestamp="2016-06-29T04:59:19Z" changeset="40357615" uid="47097" user="Josef K"/>
  <node id="320135261" lat="38.7697676" lon="-9.1645597" version="3" timestamp="2016-06-29T04:59:20Z" changeset="40357615" uid="47097" user="Josef K"/>
  <node id="320135262" lat="38.7692676" lon="-9.1649587" version="3" timestamp="2016-06-29T04:59:20Z" changeset="40357615" uid="47097" user="Josef K"/>
  <node id="320135263" lat="38.7693046" lon="-9.1648395" version="3" timestamp="2016-06-29T04:59:20Z" changeset="40357615" uid="47097" user="Josef K"/>
  <node id="320135264" lat="38.7694147" lon="-9.1648962" version="3" timestamp="2016-06-29T04:59:20Z" changeset="40357615" uid="47097" user="Josef K"/>
  <node id="389957621" lat="38.7636933" lon="-9.1730539" version="5" timestamp="2019-04-28T04:22:09Z" changeset="69654145" uid="1193685" user="DiogoBaptista98"/>
  <node id="389959619" lat="38.7637634" lon="-9.1724365" version="2" timestamp="2016-03-17T19:55:37Z" changeset="37905240" uid="47097" user="Josef K"/>
  <node id="389959622" lat="38.7645501" lon="-9.1727401" version="2" timestamp="2016-03-17T19:55:37Z" changeset="37905240" uid="47097" user="Josef K"/>
  <node id="389959626" lat="38.7650315" lon="-9.1727455" version="2" timestamp="2016-03-17T19:55:37Z" changeset="37905240" uid="47097" user="Josef K"/>
  <node id="389959629" lat="38.7653555" lon="-9.1727648" version="2" timestamp="2016-03-17T19:55:37Z" changeset="37905240" uid="47097" user="Josef K"/>
  <node id="409747647" lat="38.7707646" lon="-9.1646134" version="3" timestamp="2016-06-29T04:59:20Z" changeset="40357615" uid="47097" user="Josef K"/>
  <node id="409747648" lat="38.7707267" lon="-9.1644379" version="3" timestamp="2016-06-29T04:59:20Z" changeset="40357615" uid="47097" user="Josef K"/>
  <node id="409747649" lat="38.7705782" lon="-9.1642447" version="5" timestamp="2024-11-14T14:44:36Z" changeset="159133277" uid="20972402" user="DanielAgos">
    <tag k="button_operated" v="yes"/>
    <tag k="crossing" v="traffic_signals"/>
    <tag k="highway" v="traffic_signals"/>
  </node>
  <node id="410690732" lat="38.7695396" lon="-9.1691473" version="5" timestamp="2019-09-06T03:50:05Z" changeset="74155857" uid="1193685" user="DiogoBaptista98"/>
  <node id="410690733" lat="38.7690549" lon="-9.1687956" version="5" timestamp="2019-09-06T03:50:05Z" changeset="74155857" uid="1193685" user="DiogoBaptista98"/>
  <node id="410695230" lat="38.7670371" lon="-9.1653468" version="6" timestamp="2016-06-29T04:59:20Z" changeset="40357615" uid="47097" user="Josef K"/>
  <node id="413210776" lat="38.7613170" lon="-9.1681124" version="2" timestamp="2014-05-06T16:40:01Z" changeset="22170304" uid="207581" user="Hjart"/>
  <node id="430431367" lat="38.7634710" lon="-9.1719544" version="4" timestamp="2016-03-17T19:55:37Z" changeset="37905240" uid="47097" user="Josef K"/>
  <node id="430433135" lat="38.7678740" lon="-9.1679268" version="3" timestamp="2016-06-29T04:59:20Z" changeset="40357615" uid="47097" user="Josef K"/>
  <node id="430433145" lat="38.7686570" lon="-9.1684955" version="5" timestamp="2022-11-15T22:44:13Z" changeset="128962263" uid="1193685" user="DiogoBaptista98"/>
  <node id="430435426" lat="38.7708507" lon="-9.1640683" version="13" timestamp="2026-02-17T00:30:43Z" changeset="178653868" uid="20972402" user="DanielAgos">
    <tag k="button_operated" v="yes"/>
    <tag k="crossing" v="traffic_signals"/>
    <tag k="crossing:markings" v="lines"/>
    <tag k="highway" v="crossing"/>
    <tag k="tactile_paving" v="yes"/>
    <tag k="traffic_signals:sound" v="yes"/>
  </node>
  <node id="434353077" lat="38.7634757" lon="-9.1728579" version="3" timestamp="2019-04-28T04:22:09Z" changeset="69654145" uid="1193685" user="DiogoBaptista98"/>
  <node id="434353078" lat="38.7635039" lon="-9.1730141" version="3" timestamp="2019-04-28T04:22:09Z" changeset="69654145" uid="1193685" user="DiogoBaptista98"/>
  <node id="484248471" lat="38.7637959" lon="-9.1669533" version="3" timestamp="2021-11-17T01:33:01Z" changeset="113876124" uid="1193685" user="DiogoBaptista98"/>
  <node id="484248522" lat="38.7632176" lon="-9.1671432" version="3" timestamp="2021-11-17T01:33:01Z" changeset="113876124" uid="1193685" user="DiogoBaptista98"/>
  <node id="484248530" lat="38.7631426" lon="-9.1670464" version="2" timestamp="2012-09-25T23:16:53Z" changeset="13253596" uid="602999" user="rtafav2"/>
  <node id="484248556" lat="38.7635516" lon="-9.1671053" version="3" timestamp="2021-11-17T01:33:01Z" changeset="113876124" uid="1193685" user="DiogoBaptista98"/>
  <node id="484248561" lat="38.7634431" lon="-9.1672477" version="7" timestamp="2022-10-09T08:19:53Z" changeset="127235355" uid="17329951" user="josejade">
    <tag k="button_operated" v="yes"/>
    <tag k="crossing" v="traffic_signals"/>
    <tag k="highway" v="traffic_signals"/>
    <tag k="tactile_paving" v="no"/>
    <tag k="traffic_signals:sound" v="no"/>
    <tag k="traffic_signals:vibration" v="no"/>
  </node>
  <node id="658938711" lat="38.7633918" lon="-9.1724870" version="3" timestamp="2019-09-06T03:10:07Z" changeset="74155340" uid="1193685" user="DiogoBaptista98">
    <tag k="crossing" v="traffic_signals"/>
    <tag k="highway" v="traffic_signals"/>
  </node>
  <node id="658938712" lat="38.7636038" lon="-9.1726484" version="3" timestamp="2014-03-30T08:30:32Z" changeset="21396250" uid="350918" user="JPF_pt"/>
  <node id="1301579467" lat="38.7694186" lon="-9.1649300" version="3" timestamp="2026-04-08T08:44:25Z" changeset="181036708" uid="2644617" user="Jimiiee">
    <tag k="crossing" v="uncontrolled"/>
    <tag k="crossing:island" v="no"/>
    <tag k="crossing:markings" v="zebra"/>
    <tag k="highway" v="crossing"/>
    <tag k="tactile_paving" v="no"/>
  </node>
  <node id="1301579482" lat="38.7692805" lon="-9.1649891" version="2" timestamp="2016-06-29T04:59:18Z" changeset="40357615" uid="47097" user="Josef K"/>
  <node id="1301579526" lat="38.7693259" lon="-9.1650247" version="2" timestamp="2016-06-29T04:59:18Z" changeset="40357615" uid="47097" user="Josef K"/>
  <node id="1301579528" lat="38.7692636" lon="-9.1649244" version="2" timestamp="2016-06-29T04:59:18Z" changeset="40357615" uid="47097" user="Josef K"/>
  <node id="1301579530" lat="38.7693303" lon="-9.1648288" version="2" timestamp="2016-06-29T04:59:18Z" changeset="40357615" uid="47097" user="Josef K"/>
  <node id="1301579532" lat="38.7694022" lon="-9.1648660" version="2" timestamp="2016-06-29T04:59:18Z" changeset="40357615" uid="47097" user="Josef K"/>
  <node id="1301579535" lat="38.7693573" lon="-9.1648300" version="2" timestamp="2016-06-29T04:59:18Z" changeset="40357615" uid="47097" user="Josef K"/>
  <node id="1301579538" lat="38.7693530" lon="-9.1650254" version="2" timestamp="2016-06-29T04:59:18Z" changeset="40357615" uid="47097" user="Josef K"/>
  <node id="1301579557" lat="38.7693993" lon="-9.1649928" version="2" timestamp="2016-06-29T04:59:18Z" changeset="40357615" uid="47097" user="Josef K"/>
  <node id="1301579723" lat="38.7692834" lon="-9.1648609" version="2" timestamp="2016-06-29T04:59:18Z" changeset="40357615" uid="47097" user="Josef K"/>
  <node id="1301617637" lat="38.7678034" lon="-9.1709883" version="2" timestamp="2014-03-30T08:48:31Z" changeset="21396458" uid="350918" user="JPF_pt"/>
  <node id="1301617639" lat="38.7678610" lon="-9.1707667" version="1" timestamp="2011-05-27T05:39:58Z" changeset="8258719" uid="350918" user="JPF_pt">
    <tag k="amenity" v="atm"/>
  </node>
  <node id="1301617644" lat="38.7680984" lon="-9.1706026" version="2" timestamp="2014-03-30T08:48:31Z" changeset="21396458" uid="350918" user="JPF_pt"/>
  <node id="1301617647" lat="38.7673957" lon="-9.1710064" version="2" timestamp="2014-03-30T08:51:10Z" changeset="21396488" uid="350918" user="JPF_pt"/>
  <node id="1301617650" lat="38.7678003" lon="-9.1708499" version="2" timestamp="2024-11-02T14:08:25Z" changeset="158660349" uid="16603393" user="Dilxe">
    <tag k="amenity" v="cafe"/>
    <tag k="name" v="Tangerina"/>
  </node>
  <node id="1301617654" lat="38.7678840" lon="-9.1703867" version="3" timestamp="2017-09-22T04:35:57Z" changeset="52263008" uid="350918" user="JPF_pt"/>
  <node id="1301617661" lat="38.7675316" lon="-9.1708052" version="2" timestamp="2014-03-30T08:51:10Z" changeset="21396488" uid="350918" user="JPF_pt"/>
  <node id="1301617662" lat="38.7677526" lon="-9.1705298" version="2" timestamp="2014-03-30T08:51:10Z" changeset="21396488" uid="350918" user="JPF_pt"/>
  <node id="1301617665" lat="38.7680461" lon="-9.1705128" version="1" timestamp="2011-05-27T05:39:59Z" changeset="8258719" uid="350918" user="JPF_pt"/>
  <node id="1301617666" lat="38.7677038" lon="-9.1710080" version="2" timestamp="2014-03-30T08:48:31Z" changeset="21396458" uid="350918" user="JPF_pt"/>
  <node id="1301617675" lat="38.7679623" lon="-9.1703874" version="2" timestamp="2017-09-22T04:35:57Z" changeset="52263008" uid="350918" user="JPF_pt"/>
  <node id="1301617676" lat="38.7679260" lon="-9.1703759" version="2" timestamp="2017-09-22T04:35:57Z" changeset="52263008" uid="350918" user="JPF_pt"/>
  <node id="1301617678" lat="38.7673244" lon="-9.1707698" version="2" timestamp="2017-09-22T04:35:57Z" changeset="52263008" uid="350918" user="JPF_pt">
    <tag k="amenity" v="car_wash"/>
    <tag k="automated" v="yes"/>
    <tag k="self_service" v="yes"/>
  </node>
  <node id="1301617679" lat="38.7687348" lon="-9.1699604" version="3" timestamp="2016-03-17T19:55:34Z" changeset="37905240" uid="47097" user="Josef K"/>
  <node id="1301617684" lat="38.7677533" lon="-9.1707785" version="2" timestamp="2024-11-02T14:08:25Z" changeset="158660349" uid="16603393" user="Dilxe">
    <tag k="name" v="Loja Da GALP"/>
    <tag k="shop" v="convenience"/>
  </node>
  <node id="1301617688" lat="38.7678087" lon="-9.1707023" version="4" timestamp="2018-03-01T12:39:08Z" changeset="56787829" uid="705092" user="hvalentim">
    <tag k="access" v="yes"/>
    <tag k="amenity" v="toilets"/>
    <tag k="fee" v="no"/>
    <tag k="toilets:disposal" v="flush"/>
    <tag k="wheelchair" v="yes"/>
  </node>
  <node id="1301617695" lat="38.7672289" lon="-9.1709571" version="2" timestamp="2014-03-30T08:51:10Z" changeset="21396488" uid="350918" user="JPF_pt"/>
  <node id="1301617698" lat="38.7683052" lon="-9.1704184" version="2" timestamp="2014-03-30T08:48:31Z" changeset="21396458" uid="350918" user="JPF_pt"/>
  <node id="1301617699" lat="38.7675682" lon="-9.1706407" version="2" timestamp="2024-11-02T14:08:25Z" changeset="158660349" uid="16603393" user="Dilxe">
    <tag k="brand" v="Midas"/>
    <tag k="brand:wikidata" v="Q3312613"/>
    <tag k="name" v="Midas"/>
    <tag k="shop" v="car_repair"/>
  </node>
  <node id="1301617700" lat="38.7675907" lon="-9.1710743" version="2" timestamp="2014-03-30T08:48:31Z" changeset="21396458" uid="350918" user="JPF_pt"/>
  <node id="1301617701" lat="38.7667374" lon="-9.1721784" version="3" timestamp="2016-03-17T19:55:34Z" changeset="37905240" uid="47097" user="Josef K"/>
  <node id="1301617704" lat="38.7672756" lon="-9.1716188" version="2" timestamp="2014-03-30T08:51:10Z" changeset="21396488" uid="350918" user="JPF_pt"/>
  <node id="1301617705" lat="38.7679063" lon="-9.1706004" version="5" timestamp="2025-11-14T10:34:10Z" changeset="174642024" uid="284757" user="mikedld">
    <tag k="addr:city" v="Lisboa"/>
    <tag k="addr:postcode" v="1600-468"/>
    <tag k="addr:street" v="Pa Galp Eixo N/S, Sentido Sul Norte"/>
    <tag k="amenity" v="fast_food"/>
    <tag k="branch" v="Eixo N-S"/>
    <tag k="brand" v="Burger King"/>
    <tag k="brand:wikidata" v="Q177054"/>
    <tag k="brand:wikipedia" v="pt:Burger King"/>
    <tag k="contact:facebook" v="burgerkingportugal"/>
    <tag k="contact:instagram" v="burgerkingportugal"/>
    <tag k="contact:phone" v="+351 932 104 815"/>
    <tag k="contact:tiktok" v="burgerkingportugal"/>
    <tag k="contact:youtube" v="https://www.youtube.com/@burgerkingportugal3411"/>
    <tag k="cuisine" v="burger"/>
    <tag k="diet:meat" v="yes"/>
    <tag k="drive_through" v="yes"/>
    <tag k="name" v="Burger King"/>
    <tag k="opening_hours" v="Mo-Su 11:00-23:00"/>
    <tag k="opening_hours:drive_through" v="Mo-Su 11:00-05:00"/>
    <tag k="ref" v="26629"/>
    <tag k="source:contact" v="website"/>
    <tag k="source:opening_hours" v="website"/>
    <tag k="takeaway" v="yes"/>
    <tag k="website" v="https://www.burgerking.pt/pt/store-locator/store/restaurant_89852"/>
  </node>
  <node id="1301617715" lat="38.7674279" lon="-9.1713028" version="2" timestamp="2014-03-30T08:51:10Z" changeset="21396488" uid="350918" user="JPF_pt"/>
  <node id="1301617716" lat="38.7674298" lon="-9.1706827" version="2" timestamp="2014-03-30T08:51:10Z" changeset="21396488" uid="350918" user="JPF_pt"/>
  <node id="1740309876" lat="38.7689956" lon="-9.1655892" version="2" timestamp="2016-06-29T04:59:18Z" changeset="40357615" uid="47097" user="Josef K"/>
  <node id="1740309877" lat="38.7698792" lon="-9.1662290" version="3" timestamp="2016-06-29T04:59:18Z" changeset="40357615" uid="47097" user="Josef K"/>
  <node id="1929583960" lat="38.7688092" lon="-9.1669939" version="3" timestamp="2018-05-22T10:08:13Z" changeset="59175605" uid="380552" user="topolusitania">
    <tag k="shop" v="supermarket"/>
  </node>
  <node id="1929583962" lat="38.7677424" lon="-9.1680193" version="2" timestamp="2016-06-29T04:59:18Z" changeset="40357615" uid="47097" user="Josef K"/>
  <node id="1929583963" lat="38.7672380" lon="-9.1660547" version="2" timestamp="2016-06-29T04:13:32Z" changeset="40357254" uid="47097" user="Josef K"/>
  <node id="1929583965" lat="38.7677992" lon="-9.1677154" version="2" timestamp="2023-07-01T11:16:47Z" changeset="137988298" uid="19736714" user="tomasrm22">
    <tag k="disused:shop" v="yes"/>
  </node>
  <node id="1929583966" lat="38.7700626" lon="-9.1650703" version="2" timestamp="2016-06-29T04:59:17Z" changeset="40357615" uid="47097" user="Josef K">
    <tag k="amenity" v="parking"/>
    <tag k="name" v="Natura Towers"/>
  </node>
  <node id="1929583969" lat="38.7694639" lon="-9.1672073" version="4" timestamp="2024-11-02T14:08:25Z" changeset="158660349" uid="16603393" user="Dilxe">
    <tag k="addr:housenumber" v="31 C"/>
    <tag k="addr:street" v="Rua Frederico George"/>
    <tag k="amenity" v="pharmacy"/>
    <tag k="contact:email" v="encomendas@farmaciaplanalto.pt"/>
    <tag k="contact:phone" v="+351 213 462 350"/>
    <tag k="contact:website" v="https://www.facebook.com/FarmaciaPlanalto"/>
    <tag k="dispensing" v="yes"/>
    <tag k="healthcare" v="pharmacy"/>
    <tag k="name" v="Farmácia Planalto"/>
  </node>
  <node id="1929620878" lat="38.7688448" lon="-9.1681607" version="1" timestamp="2012-09-23T21:15:52Z" changeset="13226093" uid="501442" user="Thx1011 @ LX PT">
    <tag k="name" v="Papelaria Faia"/>
    <tag k="shop" v="books"/>
  </node>
  <node id="1929620901" lat="38.7674253" lon="-9.1676000" version="3" timestamp="2016-06-29T04:59:18Z" changeset="40357615" uid="47097" user="Josef K"/>
  <node id="1929620934" lat="38.7675818" lon="-9.1672305" version="3" timestamp="2016-06-29T04:59:18Z" changeset="40357615" uid="47097" user="Josef K"/>
  <node id="1929620936" lat="38.7673648" lon="-9.1670884" version="2" timestamp="2012-09-25T16:36:54Z" changeset="13247644" uid="602999" user="rtafav2"/>
  <node id="1929620955" lat="38.7671445" lon="-9.1669890" version="2" timestamp="2012-09-25T16:36:54Z" changeset="13247644" uid="602999" user="rtafav2"/>
  <node id="1929620957" lat="38.7672663" lon="-9.1669923" version="2" timestamp="2012-09-25T16:36:55Z" changeset="13247644" uid="602999" user="rtafav2"/>
  <node id="1929620962" lat="38.7670731" lon="-9.1665980" version="2" timestamp="2012-09-25T16:36:55Z" changeset="13247644" uid="602999" user="rtafav2"/>
  <node id="1932447000" lat="38.7694254" lon="-9.1650791" version="1" timestamp="2012-09-25T15:58:24Z" changeset="13247644" uid="602999" user="rtafav2"/>
  <node id="1932447003" lat="38.7694647" lon="-9.1647855" version="1" timestamp="2012-09-25T15:58:24Z" changeset="13247644" uid="602999" user="rtafav2"/>
  <node id="1932447004" lat="38.7696095" lon="-9.1665535" version="3" timestamp="2022-11-15T22:44:13Z" changeset="128962263" uid="1193685" user="DiogoBaptista98"/>
  <node id="1932447006" lat="38.7703476" lon="-9.1644915" version="2" timestamp="2020-12-06T04:30:46Z" changeset="95354558" uid="1193685" user="DiogoBaptista98"/>
  <node id="1932481765" lat="38.7668164" lon="-9.1670684" version="3" timestamp="2017-09-30T04:01:18Z" changeset="52499117" uid="350918" user="JPF_pt"/>
  <node id="1932481766" lat="38.7668841" lon="-9.1664337" version="2" timestamp="2017-09-30T04:01:18Z" changeset="52499117" uid="350918" user="JPF_pt"/>
  <node id="1932481767" lat="38.7669627" lon="-9.1665930" version="1" timestamp="2012-09-25T16:36:37Z" changeset="13247644" uid="602999" user="rtafav2"/>
  <node id="1932481768" lat="38.7670408" lon="-9.1665786" version="1" timestamp="2012-09-25T16:36:37Z" changeset="13247644" uid="602999" user="rtafav2"/>
  <node id="1933000181" lat="38.7633806" lon="-9.1670967" version="7" timestamp="2022-10-09T08:19:57Z" changeset="127235355" uid="17329951" user="josejade">
    <tag k="button_operated" v="no"/>
    <tag k="crossing" v="traffic_signals"/>
    <tag k="highway" v="crossing"/>
    <tag k="tactile_paving" v="no"/>
    <tag k="traffic_signals:sound" v="no"/>
    <tag k="traffic_signals:vibration" v="no"/>
  </node>
  <node id="1940783217" lat="38.7390092" lon="-9.1700199" version="3" timestamp="2024-11-12T12:59:19Z" changeset="159049308" uid="15324596" user="dmfr"/>
  <node id="1975896593" lat="38.7669504" lon="-9.1710124" version="4" timestamp="2019-09-06T03:29:45Z" changeset="74155610" uid="1193685" user="DiogoBaptista98">
    <tag k="bench" v="yes"/>
    <tag k="bin" v="yes"/>
    <tag k="bus" v="yes"/>
    <tag k="departures_board" v="timetable"/>
    <tag k="highway" v="bus_stop"/>
    <tag k="name" v="Rua Professor Prado Coelho"/>
    <tag k="network" v="Carris"/>
    <tag k="operator" v="Carris"/>
    <tag k="public_transport" v="platform"/>
    <tag k="shelter" v="yes"/>
  </node>
  <node id="2753330535" lat="38.7633299" lon="-9.1675332" version="3" timestamp="2022-02-09T00:44:11Z" changeset="117181264" uid="1193685" user="DiogoBaptista98"/>
  <node id="2753330541" lat="38.7632908" lon="-9.1687687" version="3" timestamp="2022-02-09T00:44:11Z" changeset="117181264" uid="1193685" user="DiogoBaptista98"/>
  <node id="2753330548" lat="38.7635886" lon="-9.1731314" version="2" timestamp="2019-04-28T04:22:09Z" changeset="69654145" uid="1193685" user="DiogoBaptista98"/>
  <node id="2753333943" lat="38.7634652" lon="-9.1723970" version="4" timestamp="2021-05-26T07:26:28Z" changeset="105336457" uid="5589496" user="willisturm">
    <tag k="crossing" v="traffic_signals"/>
    <tag k="highway" v="crossing"/>
  </node>
  <node id="2753372136" lat="38.7631831" lon="-9.1687627" version="3" timestamp="2023-02-11T19:15:11Z" changeset="132418364" uid="347293" user="Alexmol">
    <tag k="crossing" v="uncontrolled"/>
    <tag k="crossing:markings" v="zebra"/>
    <tag k="highway" v="crossing"/>
  </node>
  <node id="2753372140" lat="38.7630090" lon="-9.1707650" version="3" timestamp="2022-02-09T00:44:11Z" changeset="117181264" uid="1193685" user="DiogoBaptista98"/>
  <node id="2753372141" lat="38.7630150" lon="-9.1710984" version="2" timestamp="2019-09-06T03:10:07Z" changeset="74155340" uid="1193685" user="DiogoBaptista98"/>
  <node id="2753372143" lat="38.7635713" lon="-9.1708831" version="2" timestamp="2022-02-09T00:44:11Z" changeset="117181264" uid="1193685" user="DiogoBaptista98"/>
  <node id="2753372145" lat="38.7634033" lon="-9.1709789" version="4" timestamp="2022-02-09T00:44:11Z" changeset="117181264" uid="1193685" user="DiogoBaptista98">
    <tag k="crossing" v="traffic_signals"/>
    <tag k="highway" v="traffic_signals"/>
  </node>
  <node id="2753376859" lat="38.7673002" lon="-9.1710502" version="1" timestamp="2014-03-30T08:51:10Z" changeset="21396488" uid="350918" user="JPF_pt"/>
  <node id="2753376860" lat="38.7683404" lon="-9.1706202" version="1" timestamp="2014-03-30T08:51:10Z" changeset="21396488" uid="350918" user="JPF_pt"/>
  <node id="2753376861" lat="38.7677493" lon="-9.1713518" version="2" timestamp="2016-03-17T19:55:36Z" changeset="37905240" uid="47097" user="Josef K"/>
  <node id="2753376862" lat="38.7670446" lon="-9.1719668" version="2" timestamp="2016-03-17T19:55:36Z" changeset="37905240" uid="47097" user="Josef K"/>
  <node id="2753377941" lat="38.7676099" lon="-9.1703502" version="2" timestamp="2017-09-22T04:53:40Z" changeset="52263224" uid="350918" user="JPF_pt"/>
  <node id="2753377943" lat="38.7676888" lon="-9.1704401" version="1" timestamp="2014-03-30T08:52:36Z" changeset="21396506" uid="350918" user="JPF_pt"/>
  <node id="2753379317" lat="38.7701099" lon="-9.1669531" version="2" timestamp="2016-06-29T04:59:19Z" changeset="40357615" uid="47097" user="Josef K"/>
  <node id="2753379318" lat="38.7704262" lon="-9.1656812" version="2" timestamp="2016-06-29T04:59:20Z" changeset="40357615" uid="47097" user="Josef K"/>
  <node id="2753390322" lat="38.7709380" lon="-9.1641441" version="1" timestamp="2014-03-30T09:12:14Z" changeset="21396721" uid="350918" user="JPF_pt">
    <tag k="highway" v="traffic_signals"/>
  </node>
  <node id="2753390323" lat="38.7708844" lon="-9.1638745" version="8" timestamp="2025-10-20T14:58:26Z" changeset="173541628" uid="16603393" user="Dilxe">
    <tag k="button_operated" v="yes"/>
    <tag k="crossing" v="traffic_signals"/>
    <tag k="highway" v="traffic_signals"/>
    <tag k="tactile_paving" v="yes"/>
    <tag k="traffic_signals:sound" v="yes"/>
  </node>
  <node id="3190240005" lat="38.7635461" lon="-9.1710453" version="2" timestamp="2017-10-31T02:10:00Z" changeset="53382911" uid="2117094" user="rictum_satz">
    <tag k="amenity" v="restaurant"/>
    <tag k="cuisine" v="churrasco"/>
    <tag k="name" v="Dom Churrasco"/>
  </node>
  <node id="3430976790" lat="38.7659635" lon="-9.1698890" version="2" timestamp="2021-11-18T01:17:18Z" changeset="113922758" uid="11152051" user="RazorWind"/>
  <node id="3430976791" lat="38.7656068" lon="-9.1687009" version="2" timestamp="2021-11-18T01:17:18Z" changeset="113922758" uid="11152051" user="RazorWind"/>
  <node id="3430976792" lat="38.7657545" lon="-9.1686604" version="2" timestamp="2021-11-18T01:17:18Z" changeset="113922758" uid="11152051" user="RazorWind"/>
  <node id="3430979893" lat="38.7648612" lon="-9.1701837" version="2" timestamp="2021-11-18T01:17:18Z" changeset="113922758" uid="11152051" user="RazorWind"/>
  <node id="3430979894" lat="38.7667113" lon="-9.1683927" version="2" timestamp="2021-11-18T01:17:18Z" changeset="113922758" uid="11152051" user="RazorWind"/>
  <node id="3430979895" lat="38.7658148" lon="-9.1699151" version="2" timestamp="2021-11-18T01:17:18Z" changeset="113922758" uid="11152051" user="RazorWind"/>
  <node id="3430979896" lat="38.7646534" lon="-9.1689695" version="2" timestamp="2021-11-18T01:17:18Z" changeset="113922758" uid="11152051" user="RazorWind"/>
  <node id="3430979897" lat="38.7669203" lon="-9.1696213" version="2" timestamp="2021-11-18T01:17:18Z" changeset="113922758" uid="11152051" user="RazorWind"/>
  <node id="3653656818" lat="38.7671667" lon="-9.1653382" version="8" timestamp="2024-03-21T12:33:50Z" changeset="148960259" uid="19736714" user="tomasrm22">
    <tag k="button_operated" v="no"/>
    <tag k="crossing" v="traffic_signals"/>
    <tag k="crossing_ref" v="zebra"/>
    <tag k="highway" v="traffic_signals"/>
    <tag k="tactile_paving" v="no"/>
    <tag k="traffic_signals:sound" v="no"/>
    <tag k="traffic_signals:vibration" v="no"/>
  </node>
  <node id="3690792186" lat="38.7690343" lon="-9.1666454" version="5" timestamp="2022-11-15T22:44:13Z" changeset="128962263" uid="1193685" user="DiogoBaptista98"/>
  <node id="3807665156" lat="38.7634380" lon="-9.1699177" version="2" timestamp="2017-09-26T03:37:15Z" changeset="52371644" uid="350918" user="JPF_pt"/>
  <node id="3807675857" lat="38.7639092" lon="-9.1699387" version="2" timestamp="2017-09-26T03:37:15Z" changeset="52371644" uid="350918" user="JPF_pt"/>
  <node id="3807675858" lat="38.7634412" lon="-9.1695967" version="2" timestamp="2017-09-26T03:37:15Z" changeset="52371644" uid="350918" user="JPF_pt"/>
  <node id="3807675859" lat="38.7638888" lon="-9.1695721" version="3" timestamp="2024-01-30T23:03:44Z" changeset="146882542" uid="11152051" user="RazorWind"/>
  <node id="3807675860" lat="38.7634476" lon="-9.1692302" version="3" timestamp="2022-02-09T00:44:11Z" changeset="117181264" uid="1193685" user="DiogoBaptista98"/>
  <node id="3807675861" lat="38.7638583" lon="-9.1690922" version="5" timestamp="2024-01-30T23:03:44Z" changeset="146882542" uid="11152051" user="RazorWind"/>
  <node id="3807675862" lat="38.7661012" lon="-9.1674004" version="2" timestamp="2017-09-30T04:01:18Z" changeset="52499117" uid="350918" user="JPF_pt">
    <tag k="highway" v="turning_circle"/>
  </node>
  <node id="3807675863" lat="38.7661864" lon="-9.1678844" version="1" timestamp="2015-10-29T00:05:03Z" changeset="34939424" uid="2117094" user="rictum_satz"/>
  <node id="3807675864" lat="38.7667268" lon="-9.1665971" version="2" timestamp="2017-09-30T04:01:18Z" changeset="52499117" uid="350918" user="JPF_pt"/>
  <node id="3807675865" lat="38.7672261" lon="-9.1654743" version="8" timestamp="2024-03-25T22:49:13Z" changeset="149152311" uid="19736714" user="tomasrm22">
    <tag k="button_operated" v="no"/>
    <tag k="crossing" v="traffic_signals"/>
    <tag k="crossing_ref" v="zebra"/>
    <tag k="highway" v="traffic_signals"/>
    <tag k="tactile_paving" v="no"/>
    <tag k="traffic_signals:sound" v="no"/>
    <tag k="traffic_signals:vibration" v="no"/>
  </node>
  <node id="3807675867" lat="38.7674272" lon="-9.1654846" version="3" timestamp="2019-02-12T15:10:55Z" changeset="67134719" uid="2820801" user="Reino Baptista"/>
  <node id="3807675868" lat="38.7674256" lon="-9.1654526" version="5" timestamp="2019-02-12T15:10:55Z" changeset="67134719" uid="2820801" user="Reino Baptista">
    <tag k="elevator" v="yes"/>
    <tag k="highway" v="elevator"/>
    <tag k="opening_hours" v="24/7"/>
  </node>
  <node id="3807675869" lat="38.7673877" lon="-9.1649892" version="5" timestamp="2019-02-12T15:10:55Z" changeset="67134719" uid="2820801" user="Reino Baptista">
    <tag k="elevator" v="lift"/>
    <tag k="highway" v="elevator"/>
    <tag k="opening_hours" v="24/7"/>
  </node>
  <node id="3904783618" lat="38.7655995" lon="-9.1702422" version="7" timestamp="2019-02-01T11:46:59Z" changeset="66830831" uid="705092" user="hvalentim">
    <tag k="description" v="Vértice geodésico; pilar cilindrico s/ base cilindrica."/>
    <tag k="ele" v="132.72"/>
    <tag k="height" v="2.16"/>
    <tag k="man_made" v="survey_point"/>
    <tag k="name" v="Telheiras"/>
    <tag k="note:en" v="Survey Points are meant to be used to rectify aerial imagery and not the other way around. Please do not move nor delete them. Their position corresponds to official reference ground measures."/>
    <tag k="note:pt" v="Os Vértices Geodésicos servem para melhorar o alinhamento da fotografia aérea e não o inverso. Por favor não os mova nem apague. A sua posição corresponde a medidas de referência oficiais, obtidas in loco."/>
    <tag k="ref" v="RGN-PTTM06_Abr15.xls"/>
    <tag k="source" v="DGT - Rede Geodésica Nacional"/>
    <tag k="triangulation_point" v="yes"/>
  </node>
  <node id="3936256620" lat="38.7643547" lon="-9.1686409" version="1" timestamp="2016-01-09T18:13:00Z" changeset="36468414" uid="2820801" user="Reino Baptista"/>
  <node id="3936256622" lat="38.7645588" lon="-9.1685810" version="1" timestamp="2016-01-09T18:13:00Z" changeset="36468414" uid="2820801" user="Reino Baptista">
    <tag k="barrier" v="gate"/>
    <tag k="bicycle" v="yes"/>
    <tag k="foot" v="yes"/>
    <tag k="motorcar" v="yes"/>
    <tag k="motorcycle" v="yes"/>
  </node>
  <node id="3936256623" lat="38.7646349" lon="-9.1703270" version="1" timestamp="2016-01-09T18:13:00Z" changeset="36468414" uid="2820801" user="Reino Baptista"/>
  <node id="3936256624" lat="38.7669072" lon="-9.1679271" version="1" timestamp="2016-01-09T18:13:00Z" changeset="36468414" uid="2820801" user="Reino Baptista"/>
  <node id="3936256625" lat="38.7671924" lon="-9.1696243" version="1" timestamp="2016-01-09T18:13:00Z" changeset="36468414" uid="2820801" user="Reino Baptista"/>
  <node id="3976600748" lat="38.7999875" lon="-9.1090117" version="3" timestamp="2022-10-14T17:02:49Z" changeset="127536252" uid="1193685" user="DiogoBaptista98"/>
  <node id="4053751939" lat="38.7709542" lon="-9.1640314" version="2" timestamp="2017-09-17T04:24:09Z" changeset="52108500" uid="350918" user="JPF_pt"/>
  <node id="4054949350" lat="38.7634924" lon="-9.1725587" version="1" timestamp="2016-03-11T16:35:52Z" changeset="37765021" uid="1829683" user="Luis36995"/>
  <node id="4056920885" lat="38.7393843" lon="-9.1698138" version="2" timestamp="2024-11-12T12:59:19Z" changeset="159049308" uid="15324596" user="dmfr"/>
  <node id="4065669964" lat="38.7632819" lon="-9.1712786" version="2" timestamp="2022-02-09T00:44:11Z" changeset="117181264" uid="1193685" user="DiogoBaptista98"/>
  <node id="4065669965" lat="38.7633851" lon="-9.1713914" version="3" timestamp="2022-02-09T00:44:11Z" changeset="117181264" uid="1193685" user="DiogoBaptista98"/>
  <node id="4065669966" lat="38.7633945" lon="-9.1724138" version="3" timestamp="2019-09-06T03:10:07Z" changeset="74155340" uid="1193685" user="DiogoBaptista98"/>
  <node id="4065669971" lat="38.7635215" lon="-9.1722184" version="1" timestamp="2016-03-17T19:55:16Z" changeset="37905240" uid="47097" user="Josef K"/>
  <node id="4065669972" lat="38.7635650" lon="-9.1724406" version="2" timestamp="2019-09-06T03:10:07Z" changeset="74155340" uid="1193685" user="DiogoBaptista98">
    <tag k="crossing" v="traffic_signals"/>
    <tag k="highway" v="traffic_signals"/>
  </node>
  <node id="4065669980" lat="38.7641603" lon="-9.1729027" version="1" timestamp="2016-03-17T19:55:17Z" changeset="37905240" uid="47097" user="Josef K"/>
  <node id="4065669982" lat="38.7647313" lon="-9.1727525" version="1" timestamp="2016-03-17T19:55:17Z" changeset="37905240" uid="47097" user="Josef K"/>
  <node id="4065669987" lat="38.7691742" lon="-9.1690617" version="2" timestamp="2019-10-30T23:35:05Z" changeset="76418394" uid="47097" user="Josef K"/>
  <node id="4162331750" lat="38.7703995" lon="-9.1643921" version="1" timestamp="2016-05-03T01:34:13Z" changeset="39056434" uid="350918" user="JPF_pt"/>
  <node id="4162331751" lat="38.7705647" lon="-9.1643357" version="1" timestamp="2016-05-03T01:34:13Z" changeset="39056434" uid="350918" user="JPF_pt"/>
  <node id="4162331752" lat="38.7707216" lon="-9.1641936" version="1" timestamp="2016-05-03T01:34:13Z" changeset="39056434" uid="350918" user="JPF_pt"/>
  <node id="4162331753" lat="38.7708117" lon="-9.1641664" version="1" timestamp="2016-05-03T01:34:13Z" changeset="39056434" uid="350918" user="JPF_pt"/>
  <node id="4270844766" lat="38.7626927" lon="-9.1687413" version="2" timestamp="2023-02-11T19:15:11Z" changeset="132418364" uid="347293" user="Alexmol">
    <tag k="crossing" v="uncontrolled"/>
    <tag k="crossing:markings" v="zebra"/>
    <tag k="highway" v="crossing"/>
  </node>
  <node id="4270870554" lat="38.7669379" lon="-9.1654705" version="1" timestamp="2016-06-29T01:50:20Z" changeset="40356349" uid="47097" user="Josef K"/>
  <node id="4270870555" lat="38.7670408" lon="-9.1654611" version="6" timestamp="2024-03-21T12:33:57Z" changeset="148960259" uid="19736714" user="tomasrm22">
    <tag k="button_operated" v="no"/>
    <tag k="crossing" v="traffic_signals"/>
    <tag k="crossing_ref" v="zebra"/>
    <tag k="highway" v="traffic_signals"/>
    <tag k="tactile_paving" v="no"/>
    <tag k="traffic_signals" v="pedestrian_crossing"/>
    <tag k="traffic_signals:sound" v="no"/>
    <tag k="traffic_signals:vibration" v="no"/>
  </node>
  <node id="4270870557" lat="38.7670425" lon="-9.1660249" version="1" timestamp="2016-06-29T01:50:20Z" changeset="40356349" uid="47097" user="Josef K"/>
  <node id="4270870560" lat="38.7671751" lon="-9.1654486" version="1" timestamp="2016-06-29T01:50:20Z" changeset="40356349" uid="47097" user="Josef K"/>
  <node id="4270870561" lat="38.7671988" lon="-9.1654473" version="1" timestamp="2016-06-29T01:50:20Z" changeset="40356349" uid="47097" user="Josef K"/>
  <node id="4270870563" lat="38.7673682" lon="-9.1654894" version="3" timestamp="2019-02-12T15:10:55Z" changeset="67134719" uid="2820801" user="Reino Baptista"/>
  <node id="4270956880" lat="38.7670423" lon="-9.1665545" version="1" timestamp="2016-06-29T04:13:29Z" changeset="40357254" uid="47097" user="Josef K"/>
  <node id="4270956881" lat="38.7670987" lon="-9.1666047" version="1" timestamp="2016-06-29T04:13:29Z" changeset="40357254" uid="47097" user="Josef K"/>
  <node id="4270956882" lat="38.7671588" lon="-9.1668954" version="2" timestamp="2017-09-22T04:53:40Z" changeset="52263224" uid="350918" user="JPF_pt"/>
  <node id="4270956883" lat="38.7671630" lon="-9.1666115" version="1" timestamp="2016-06-29T04:13:29Z" changeset="40357254" uid="47097" user="Josef K"/>
  <node id="4270956884" lat="38.7672139" lon="-9.1661808" version="1" timestamp="2016-06-29T04:13:29Z" changeset="40357254" uid="47097" user="Josef K"/>
  <node id="4270956885" lat="38.7672279" lon="-9.1667740" version="1" timestamp="2016-06-29T04:13:29Z" changeset="40357254" uid="47097" user="Josef K">
    <tag k="highway" v="turning_circle"/>
  </node>
  <node id="4270956886" lat="38.7672499" lon="-9.1668867" version="2" timestamp="2017-09-22T04:53:40Z" changeset="52263224" uid="350918" user="JPF_pt"/>
  <node id="4270956887" lat="38.7672886" lon="-9.1660647" version="1" timestamp="2016-06-29T04:13:29Z" changeset="40357254" uid="47097" user="Josef K"/>
  <node id="4270956888" lat="38.7672918" lon="-9.1668150" version="2" timestamp="2023-02-11T19:15:11Z" changeset="132418364" uid="347293" user="Alexmol">
    <tag k="crossing" v="uncontrolled"/>
    <tag k="crossing:markings" v="zebra"/>
    <tag k="highway" v="crossing"/>
  </node>
  <node id="4270956889" lat="38.7673176" lon="-9.1669171" version="2" timestamp="2017-09-22T04:53:40Z" changeset="52263224" uid="350918" user="JPF_pt"/>
  <node id="4270956890" lat="38.7673112" lon="-9.1667165" version="1" timestamp="2016-06-29T04:13:29Z" changeset="40357254" uid="47097" user="Josef K"/>
  <node id="4270956891" lat="38.7673123" lon="-9.1662649" version="1" timestamp="2016-06-29T04:13:29Z" changeset="40357254" uid="47097" user="Josef K"/>
  <node id="4270956892" lat="38.7673697" lon="-9.1657622" version="1" timestamp="2016-06-29T04:13:29Z" changeset="40357254" uid="47097" user="Josef K"/>
  <node id="4270956893" lat="38.7674159" lon="-9.1661284" version="1" timestamp="2016-06-29T04:13:29Z" changeset="40357254" uid="47097" user="Josef K"/>
  <node id="4270956894" lat="38.7674194" lon="-9.1664651" version="1" timestamp="2016-06-29T04:13:29Z" changeset="40357254" uid="47097" user="Josef K"/>
  <node id="4270956895" lat="38.7674484" lon="-9.1664606" version="1" timestamp="2016-06-29T04:13:29Z" changeset="40357254" uid="47097" user="Josef K"/>
  <node id="4270956896" lat="38.7674605" lon="-9.1663698" version="1" timestamp="2016-06-29T04:13:29Z" changeset="40357254" uid="47097" user="Josef K"/>
  <node id="4270956897" lat="38.7674699" lon="-9.1664635" version="1" timestamp="2016-06-29T04:13:29Z" changeset="40357254" uid="47097" user="Josef K"/>
  <node id="4270956898" lat="38.7674772" lon="-9.1656885" version="1" timestamp="2016-06-29T04:13:29Z" changeset="40357254" uid="47097" user="Josef K"/>
  <node id="4270956899" lat="38.7674810" lon="-9.1661743" version="1" timestamp="2016-06-29T04:13:29Z" changeset="40357254" uid="47097" user="Josef K"/>
  <node id="4270956900" lat="38.7674828" lon="-9.1664848" version="1" timestamp="2016-06-29T04:13:29Z" changeset="40357254" uid="47097" user="Josef K"/>
  <node id="4270956901" lat="38.7674857" lon="-9.1661634" version="1" timestamp="2016-06-29T04:13:29Z" changeset="40357254" uid="47097" user="Josef K"/>
  <node id="4270956902" lat="38.7675030" lon="-9.1661898" version="1" timestamp="2016-06-29T04:13:29Z" changeset="40357254" uid="47097" user="Josef K"/>
  <node id="4270956903" lat="38.7675077" lon="-9.1661789" version="1" timestamp="2016-06-29T04:13:29Z" changeset="40357254" uid="47097" user="Josef K"/>
  <node id="4270956904" lat="38.7675157" lon="-9.1663079" version="1" timestamp="2016-06-29T04:13:29Z" changeset="40357254" uid="47097" user="Josef K"/>
  <node id="4270956905" lat="38.7675164" lon="-9.1658410" version="1" timestamp="2016-06-29T04:13:29Z" changeset="40357254" uid="47097" user="Josef K"/>
  <node id="4270956906" lat="38.7675321" lon="-9.1663181" version="1" timestamp="2016-06-29T04:13:29Z" changeset="40357254" uid="47097" user="Josef K"/>
  <node id="4270956907" lat="38.7675337" lon="-9.1658532" version="1" timestamp="2016-06-29T04:13:29Z" changeset="40357254" uid="47097" user="Josef K"/>
  <node id="4270956908" lat="38.7675371" lon="-9.1668765" version="1" timestamp="2016-06-29T04:13:29Z" changeset="40357254" uid="47097" user="Josef K"/>
  <node id="4270956909" lat="38.7675425" lon="-9.1662889" version="1" timestamp="2016-06-29T04:13:29Z" changeset="40357254" uid="47097" user="Josef K"/>
  <node id="4270956910" lat="38.7675485" lon="-9.1663315" version="1" timestamp="2016-06-29T04:13:29Z" changeset="40357254" uid="47097" user="Josef K"/>
  <node id="4270956911" lat="38.7675612" lon="-9.1662454" version="1" timestamp="2016-06-29T04:13:29Z" changeset="40357254" uid="47097" user="Josef K"/>
  <node id="4270956912" lat="38.7675621" lon="-9.1662314" version="1" timestamp="2016-06-29T04:13:29Z" changeset="40357254" uid="47097" user="Josef K"/>
  <node id="4270956913" lat="38.7675627" lon="-9.1662805" version="1" timestamp="2016-06-29T04:13:29Z" changeset="40357254" uid="47097" user="Josef K"/>
  <node id="4270956914" lat="38.7675740" lon="-9.1662539" version="1" timestamp="2016-06-29T04:13:29Z" changeset="40357254" uid="47097" user="Josef K"/>
  <node id="4270956915" lat="38.7675778" lon="-9.1663158" version="1" timestamp="2016-06-29T04:13:29Z" changeset="40357254" uid="47097" user="Josef K"/>
  <node id="4270956916" lat="38.7675808" lon="-9.1656906" version="1" timestamp="2016-06-29T04:13:29Z" changeset="40357254" uid="47097" user="Josef K"/>
  <node id="4270956917" lat="38.7675830" lon="-9.1662714" version="1" timestamp="2016-06-29T04:13:29Z" changeset="40357254" uid="47097" user="Josef K"/>
  <node id="4270956918" lat="38.7676454" lon="-9.1666251" version="1" timestamp="2016-06-29T04:13:29Z" changeset="40357254" uid="47097" user="Josef K"/>
  <node id="4270956919" lat="38.7676506" lon="-9.1665656" version="1" timestamp="2016-06-29T04:13:29Z" changeset="40357254" uid="47097" user="Josef K"/>
  <node id="4270956920" lat="38.7676566" lon="-9.1659397" version="1" timestamp="2016-06-29T04:13:29Z" changeset="40357254" uid="47097" user="Josef K"/>
  <node id="4270956921" lat="38.7676744" lon="-9.1665532" version="1" timestamp="2016-06-29T04:13:29Z" changeset="40357254" uid="47097" user="Josef K"/>
  <node id="4270956922" lat="38.7676799" lon="-9.1659562" version="1" timestamp="2016-06-29T04:13:29Z" changeset="40357254" uid="47097" user="Josef K"/>
  <node id="4270956923" lat="38.7676987" lon="-9.1665465" version="1" timestamp="2016-06-29T04:13:30Z" changeset="40357254" uid="47097" user="Josef K"/>
  <node id="4270956924" lat="38.7677114" lon="-9.1670581" version="2" timestamp="2017-09-22T04:53:40Z" changeset="52263224" uid="350918" user="JPF_pt"/>
  <node id="4270956925" lat="38.7677165" lon="-9.1664119" version="1" timestamp="2016-06-29T04:13:30Z" changeset="40357254" uid="47097" user="Josef K"/>
  <node id="4270956926" lat="38.7677210" lon="-9.1657893" version="1" timestamp="2016-06-29T04:13:30Z" changeset="40357254" uid="47097" user="Josef K"/>
  <node id="4270956927" lat="38.7677316" lon="-9.1668805" version="1" timestamp="2016-06-29T04:13:30Z" changeset="40357254" uid="47097" user="Josef K"/>
  <node id="4270956928" lat="38.7677318" lon="-9.1663763" version="1" timestamp="2016-06-29T04:13:30Z" changeset="40357254" uid="47097" user="Josef K"/>
  <node id="4270956929" lat="38.7677799" lon="-9.1671583" version="2" timestamp="2017-09-22T04:53:40Z" changeset="52263224" uid="350918" user="JPF_pt"/>
  <node id="4270956930" lat="38.7677382" lon="-9.1664040" version="1" timestamp="2016-06-29T04:13:30Z" changeset="40357254" uid="47097" user="Josef K"/>
  <node id="4270956931" lat="38.7677586" lon="-9.1665099" version="1" timestamp="2016-06-29T04:13:30Z" changeset="40357254" uid="47097" user="Josef K"/>
  <node id="4270956932" lat="38.7677740" lon="-9.1664315" version="1" timestamp="2016-06-29T04:13:30Z" changeset="40357254" uid="47097" user="Josef K"/>
  <node id="4270956933" lat="38.7677762" lon="-9.1657439" version="1" timestamp="2016-06-29T04:13:30Z" changeset="40357254" uid="47097" user="Josef K"/>
  <node id="4270956934" lat="38.7677810" lon="-9.1657693" version="1" timestamp="2016-06-29T04:13:30Z" changeset="40357254" uid="47097" user="Josef K"/>
  <node id="4270956935" lat="38.7677835" lon="-9.1669170" version="2" timestamp="2023-02-11T19:15:11Z" changeset="132418364" uid="347293" user="Alexmol">
    <tag k="crossing" v="uncontrolled"/>
    <tag k="crossing:markings" v="zebra"/>
    <tag k="highway" v="crossing"/>
  </node>
  <node id="4270956936" lat="38.7677856" lon="-9.1657989" version="1" timestamp="2016-06-29T04:13:30Z" changeset="40357254" uid="47097" user="Josef K"/>
  <node id="4270956937" lat="38.7677883" lon="-9.1664417" version="1" timestamp="2016-06-29T04:13:30Z" changeset="40357254" uid="47097" user="Josef K"/>
  <node id="4270956938" lat="38.7677941" lon="-9.1657785" version="1" timestamp="2016-06-29T04:13:30Z" changeset="40357254" uid="47097" user="Josef K"/>
  <node id="4270956939" lat="38.7678010" lon="-9.1668771" version="1" timestamp="2016-06-29T04:13:30Z" changeset="40357254" uid="47097" user="Josef K"/>
  <node id="4270956940" lat="38.7678015" lon="-9.1657617" version="1" timestamp="2016-06-29T04:13:30Z" changeset="40357254" uid="47097" user="Josef K"/>
  <node id="4270956941" lat="38.7678163" lon="-9.1666824" version="1" timestamp="2016-06-29T04:13:30Z" changeset="40357254" uid="47097" user="Josef K"/>
  <node id="4270956942" lat="38.7678259" lon="-9.1666598" version="1" timestamp="2016-06-29T04:13:30Z" changeset="40357254" uid="47097" user="Josef K"/>
  <node id="4270956943" lat="38.7678340" lon="-9.1666950" version="1" timestamp="2016-06-29T04:13:30Z" changeset="40357254" uid="47097" user="Josef K"/>
  <node id="4270956944" lat="38.7678429" lon="-9.1662734" version="1" timestamp="2016-06-29T04:13:30Z" changeset="40357254" uid="47097" user="Josef K"/>
  <node id="4270956945" lat="38.7678437" lon="-9.1666724" version="1" timestamp="2016-06-29T04:13:30Z" changeset="40357254" uid="47097" user="Josef K"/>
  <node id="4270956946" lat="38.7678480" lon="-9.1657724" version="1" timestamp="2016-06-29T04:13:30Z" changeset="40357254" uid="47097" user="Josef K"/>
  <node id="4270956947" lat="38.7678515" lon="-9.1666543" version="1" timestamp="2016-06-29T04:13:30Z" changeset="40357254" uid="47097" user="Josef K"/>
  <node id="4270956948" lat="38.7678574" lon="-9.1669605" version="1" timestamp="2016-06-29T04:13:30Z" changeset="40357254" uid="47097" user="Josef K"/>
  <node id="4270956949" lat="38.7678674" lon="-9.1662909" version="1" timestamp="2016-06-29T04:13:30Z" changeset="40357254" uid="47097" user="Josef K"/>
  <node id="4270956950" lat="38.7678889" lon="-9.1666033" version="1" timestamp="2016-06-29T04:13:30Z" changeset="40357254" uid="47097" user="Josef K"/>
  <node id="4270956951" lat="38.7679419" lon="-9.1655276" version="3" timestamp="2026-04-08T08:44:25Z" changeset="181036708" uid="2644617" user="Jimiiee"/>
  <node id="4270956952" lat="38.7679330" lon="-9.1658702" version="1" timestamp="2016-06-29T04:13:30Z" changeset="40357254" uid="47097" user="Josef K"/>
  <node id="4270956953" lat="38.7679371" lon="-9.1658976" version="1" timestamp="2016-06-29T04:13:30Z" changeset="40357254" uid="47097" user="Josef K"/>
  <node id="4270956955" lat="38.7679455" lon="-9.1664423" version="1" timestamp="2016-06-29T04:13:30Z" changeset="40357254" uid="47097" user="Josef K"/>
  <node id="4270956956" lat="38.7679468" lon="-9.1659161" version="1" timestamp="2016-06-29T04:13:30Z" changeset="40357254" uid="47097" user="Josef K"/>
  <node id="4270956957" lat="38.7679505" lon="-9.1658640" version="1" timestamp="2016-06-29T04:13:30Z" changeset="40357254" uid="47097" user="Josef K"/>
  <node id="4270956958" lat="38.7679556" lon="-9.1660885" version="1" timestamp="2016-06-29T04:13:30Z" changeset="40357254" uid="47097" user="Josef K"/>
  <node id="4270956959" lat="38.7679559" lon="-9.1664497" version="1" timestamp="2016-06-29T04:13:30Z" changeset="40357254" uid="47097" user="Josef K"/>
  <node id="4270956960" lat="38.7679572" lon="-9.1658470" version="1" timestamp="2016-06-29T04:13:30Z" changeset="40357254" uid="47097" user="Josef K"/>
  <node id="4270956961" lat="38.7679602" lon="-9.1659367" version="1" timestamp="2016-06-29T04:13:30Z" changeset="40357254" uid="47097" user="Josef K"/>
  <node id="4270956962" lat="38.7679660" lon="-9.1660960" version="1" timestamp="2016-06-29T04:13:30Z" changeset="40357254" uid="47097" user="Josef K"/>
  <node id="4270956963" lat="38.7679677" lon="-9.1659192" version="1" timestamp="2016-06-29T04:13:30Z" changeset="40357254" uid="47097" user="Josef K"/>
  <node id="4270956964" lat="38.7679755" lon="-9.1663736" version="1" timestamp="2016-06-29T04:13:30Z" changeset="40357254" uid="47097" user="Josef K"/>
  <node id="4270956965" lat="38.7679972" lon="-9.1660245" version="1" timestamp="2016-06-29T04:13:30Z" changeset="40357254" uid="47097" user="Josef K"/>
  <node id="4270956966" lat="38.7680098" lon="-9.1667909" version="2" timestamp="2023-02-11T19:15:11Z" changeset="132418364" uid="347293" user="Alexmol">
    <tag k="crossing" v="uncontrolled"/>
    <tag k="crossing:markings" v="zebra"/>
    <tag k="highway" v="crossing"/>
  </node>
  <node id="4270956967" lat="38.7680107" lon="-9.1663989" version="1" timestamp="2016-06-29T04:13:30Z" changeset="40357254" uid="47097" user="Josef K"/>
  <node id="4270956968" lat="38.7680612" lon="-9.1665212" version="1" timestamp="2016-06-29T04:13:30Z" changeset="40357254" uid="47097" user="Josef K"/>
  <node id="4270956969" lat="38.7680660" lon="-9.1662722" version="1" timestamp="2016-06-29T04:13:30Z" changeset="40357254" uid="47097" user="Josef K"/>
  <node id="4270956970" lat="38.7680784" lon="-9.1662811" version="1" timestamp="2016-06-29T04:13:30Z" changeset="40357254" uid="47097" user="Josef K"/>
  <node id="4270956971" lat="38.7680897" lon="-9.1660252" version="1" timestamp="2016-06-29T04:13:30Z" changeset="40357254" uid="47097" user="Josef K"/>
  <node id="4270956972" lat="38.7680976" lon="-9.1667507" version="1" timestamp="2016-06-29T04:13:30Z" changeset="40357254" uid="47097" user="Josef K"/>
  <node id="4270956973" lat="38.7681167" lon="-9.1668808" version="1" timestamp="2016-06-29T04:13:30Z" changeset="40357254" uid="47097" user="Josef K"/>
  <node id="4270956974" lat="38.7681180" lon="-9.1659570" version="1" timestamp="2016-06-29T04:13:30Z" changeset="40357254" uid="47097" user="Josef K"/>
  <node id="4270956975" lat="38.7681434" lon="-9.1668228" version="1" timestamp="2016-06-29T04:13:30Z" changeset="40357254" uid="47097" user="Josef K"/>
  <node id="4270956976" lat="38.7681443" lon="-9.1661299" version="1" timestamp="2016-06-29T04:13:30Z" changeset="40357254" uid="47097" user="Josef K"/>
  <node id="4270956977" lat="38.7681459" lon="-9.1666427" version="1" timestamp="2016-06-29T04:13:30Z" changeset="40357254" uid="47097" user="Josef K"/>
  <node id="4270956978" lat="38.7681849" lon="-9.1659982" version="3" timestamp="2026-04-08T08:44:25Z" changeset="181036708" uid="2644617" user="Jimiiee"/>
  <node id="4270956979" lat="38.7681927" lon="-9.1668797" version="1" timestamp="2016-06-29T04:13:30Z" changeset="40357254" uid="47097" user="Josef K"/>
  <node id="4270956980" lat="38.7681993" lon="-9.1668652" version="1" timestamp="2016-06-29T04:13:30Z" changeset="40357254" uid="47097" user="Josef K"/>
  <node id="4270956981" lat="38.7682090" lon="-9.1669507" version="1" timestamp="2016-06-29T04:13:30Z" changeset="40357254" uid="47097" user="Josef K"/>
  <node id="4270956982" lat="38.7682219" lon="-9.1669605" version="1" timestamp="2016-06-29T04:13:30Z" changeset="40357254" uid="47097" user="Josef K"/>
  <node id="4270956983" lat="38.7682290" lon="-9.1669072" version="1" timestamp="2016-06-29T04:13:30Z" changeset="40357254" uid="47097" user="Josef K"/>
  <node id="4270956984" lat="38.7682468" lon="-9.1660929" version="1" timestamp="2016-06-29T04:13:30Z" changeset="40357254" uid="47097" user="Josef K"/>
  <node id="4270956985" lat="38.7682478" lon="-9.1668623" version="1" timestamp="2016-06-29T04:13:30Z" changeset="40357254" uid="47097" user="Josef K">
    <tag k="barrier" v="gate"/>
  </node>
  <node id="4270956986" lat="38.7682871" lon="-9.1657637" version="3" timestamp="2026-04-08T08:44:25Z" changeset="181036708" uid="2644617" user="Jimiiee"/>
  <node id="4270956987" lat="38.7682967" lon="-9.1667518" version="1" timestamp="2016-06-29T04:13:31Z" changeset="40357254" uid="47097" user="Josef K">
    <tag k="barrier" v="gate"/>
  </node>
  <node id="4270956988" lat="38.7683270" lon="-9.1667249" version="1" timestamp="2016-06-29T04:13:31Z" changeset="40357254" uid="47097" user="Josef K"/>
  <node id="4270956989" lat="38.7684341" lon="-9.1668030" version="2" timestamp="2026-04-08T08:44:25Z" changeset="181036708" uid="2644617" user="Jimiiee"/>
  <node id="4270956991" lat="38.7686244" lon="-9.1663626" version="2" timestamp="2026-04-08T08:44:25Z" changeset="181036708" uid="2644617" user="Jimiiee"/>
  <node id="4270956992" lat="38.7687452" lon="-9.1660816" version="3" timestamp="2026-04-08T08:44:25Z" changeset="181036708" uid="2644617" user="Jimiiee"/>
  <node id="4271011315" lat="38.7696933" lon="-9.1649862" version="3" timestamp="2020-12-06T04:30:46Z" changeset="95354558" uid="1193685" user="DiogoBaptista98">
    <tag k="addr:city" v="Lisboa"/>
    <tag k="addr:country" v="PT"/>
    <tag k="addr:housenumber" v="1"/>
    <tag k="addr:street" v="Rua Daniel Santa Rita"/>
  </node>
  <node id="4271011316" lat="38.7698376" lon="-9.1659004" version="2" timestamp="2020-12-06T04:30:46Z" changeset="95354558" uid="1193685" user="DiogoBaptista98">
    <tag k="addr:city" v="Lisboa"/>
    <tag k="addr:country" v="PT"/>
    <tag k="addr:housenumber" v="1"/>
    <tag k="addr:street" v="Rua Francisco da Conceição Silva"/>
  </node>
  <node id="4271011317" lat="38.7690142" lon="-9.1653121" version="2" timestamp="2020-12-06T04:30:46Z" changeset="95354558" uid="1193685" user="DiogoBaptista98">
    <tag k="addr:city" v="Lisboa"/>
    <tag k="addr:country" v="PT"/>
    <tag k="addr:housenumber" v="11"/>
    <tag k="addr:street" v="Rua Francisco da Conceição Silva"/>
  </node>
  <node id="4271011318" lat="38.7703146" lon="-9.1647629" version="3" timestamp="2020-12-06T04:30:46Z" changeset="95354558" uid="1193685" user="DiogoBaptista98">
    <tag k="addr:city" v="Lisboa"/>
    <tag k="addr:country" v="PT"/>
    <tag k="addr:housenumber" v="2"/>
    <tag k="addr:street" v="Rua Daniel Santa Rita"/>
  </node>
  <node id="4271011319" lat="38.7699422" lon="-9.1659775" version="2" timestamp="2020-12-06T04:30:46Z" changeset="95354558" uid="1193685" user="DiogoBaptista98">
    <tag k="addr:city" v="Lisboa"/>
    <tag k="addr:country" v="PT"/>
    <tag k="addr:housenumber" v="28"/>
    <tag k="addr:street" v="Rua Francisco George"/>
  </node>
  <node id="4271011320" lat="38.7697830" lon="-9.1657273" version="2" timestamp="2020-12-06T04:30:46Z" changeset="95354558" uid="1193685" user="DiogoBaptista98">
    <tag k="addr:city" v="Lisboa"/>
    <tag k="addr:country" v="PT"/>
    <tag k="addr:housenumber" v="3"/>
    <tag k="addr:street" v="Rua Francisco da Conceição Silva"/>
  </node>
  <node id="4271011321" lat="38.7698415" lon="-9.1655869" version="2" timestamp="2020-12-06T04:30:46Z" changeset="95354558" uid="1193685" user="DiogoBaptista98">
    <tag k="addr:city" v="Lisboa"/>
    <tag k="addr:country" v="PT"/>
    <tag k="addr:housenumber" v="30"/>
    <tag k="addr:street" v="Rua Frederico George"/>
  </node>
  <node id="4271011322" lat="38.7696340" lon="-9.1654352" version="2" timestamp="2020-12-06T04:30:46Z" changeset="95354558" uid="1193685" user="DiogoBaptista98">
    <tag k="addr:city" v="Lisboa"/>
    <tag k="addr:country" v="PT"/>
    <tag k="addr:housenumber" v="32"/>
    <tag k="addr:street" v="Rua Frederico George"/>
  </node>
  <node id="4271011323" lat="38.7694276" lon="-9.1652843" version="2" timestamp="2020-12-06T04:30:46Z" changeset="95354558" uid="1193685" user="DiogoBaptista98">
    <tag k="addr:city" v="Lisboa"/>
    <tag k="addr:country" v="PT"/>
    <tag k="addr:housenumber" v="34"/>
    <tag k="addr:street" v="Rua Frederico George"/>
  </node>
  <node id="4271011324" lat="38.7692272" lon="-9.1651378" version="2" timestamp="2020-12-06T04:30:46Z" changeset="95354558" uid="1193685" user="DiogoBaptista98">
    <tag k="addr:city" v="Lisboa"/>
    <tag k="addr:country" v="PT"/>
    <tag k="addr:housenumber" v="36"/>
    <tag k="addr:street" v="Rua Frederico George"/>
  </node>
  <node id="4271011325" lat="38.7701877" lon="-9.1650476" version="3" timestamp="2020-12-06T04:30:46Z" changeset="95354558" uid="1193685" user="DiogoBaptista98">
    <tag k="addr:city" v="Lisboa"/>
    <tag k="addr:country" v="PT"/>
    <tag k="addr:housenumber" v="37"/>
    <tag k="addr:street" v="Rua Frederico George"/>
  </node>
  <node id="4271011326" lat="38.7689143" lon="-9.1652309" version="2" timestamp="2020-12-06T04:30:46Z" changeset="95354558" uid="1193685" user="DiogoBaptista98">
    <tag k="addr:city" v="Lisboa"/>
    <tag k="addr:country" v="PT"/>
    <tag k="addr:housenumber" v="38"/>
    <tag k="addr:street" v="Rua Frederico George"/>
  </node>
  <node id="4271011327" lat="38.7698658" lon="-9.1651725" version="3" timestamp="2020-12-06T04:30:46Z" changeset="95354558" uid="1193685" user="DiogoBaptista98">
    <tag k="addr:city" v="Lisboa"/>
    <tag k="addr:country" v="PT"/>
    <tag k="addr:housenumber" v="39"/>
    <tag k="addr:street" v="Rua Frederico George"/>
  </node>
  <node id="4271011328" lat="38.7697280" lon="-9.1648467" version="3" timestamp="2020-12-06T04:30:46Z" changeset="95354558" uid="1193685" user="DiogoBaptista98">
    <tag k="addr:city" v="Lisboa"/>
    <tag k="addr:country" v="PT"/>
    <tag k="addr:housenumber" v="4"/>
    <tag k="addr:street" v="Rua Daniel Santa Rita"/>
  </node>
  <node id="4271011329" lat="38.7695784" lon="-9.1655777" version="2" timestamp="2020-12-06T04:30:46Z" changeset="95354558" uid="1193685" user="DiogoBaptista98">
    <tag k="addr:city" v="Lisboa"/>
    <tag k="addr:country" v="PT"/>
    <tag k="addr:housenumber" v="5"/>
    <tag k="addr:street" v="Rua Francisco da Conceição Silva"/>
  </node>
  <node id="4271011330" lat="38.7693716" lon="-9.1654265" version="2" timestamp="2020-12-06T04:30:46Z" changeset="95354558" uid="1193685" user="DiogoBaptista98">
    <tag k="addr:city" v="Lisboa"/>
    <tag k="addr:country" v="PT"/>
    <tag k="addr:housenumber" v="7"/>
    <tag k="addr:street" v="Rua Francisco da Conceição Silva"/>
  </node>
  <node id="4271011331" lat="38.7691660" lon="-9.1652762" version="2" timestamp="2020-12-06T04:30:46Z" changeset="95354558" uid="1193685" user="DiogoBaptista98">
    <tag k="addr:city" v="Lisboa"/>
    <tag k="addr:country" v="PT"/>
    <tag k="addr:housenumber" v="9"/>
    <tag k="addr:street" v="Rua Francisco da Conceição Silva"/>
  </node>
  <node id="4271011343" lat="38.7659413" lon="-9.1674459" version="5" timestamp="2022-10-09T08:19:12Z" changeset="127235311" uid="17329951" user="josejade">
    <tag k="crossing" v="marked"/>
    <tag k="crossing:island" v="yes"/>
    <tag k="crossing_ref" v="zebra"/>
    <tag k="highway" v="crossing"/>
    <tag k="tactile_paving" v="no"/>
  </node>
  <node id="4271011344" lat="38.7660874" lon="-9.1679142" version="4" timestamp="2022-10-09T08:19:10Z" changeset="127235311" uid="17329951" user="josejade">
    <tag k="crossing" v="marked"/>
    <tag k="crossing:island" v="no"/>
    <tag k="crossing_ref" v="zebra"/>
    <tag k="highway" v="crossing"/>
    <tag k="tactile_paving" v="no"/>
  </node>
  <node id="4271011346" lat="38.7669023" lon="-9.1678790" version="1" timestamp="2016-06-29T04:58:58Z" changeset="40357615" uid="47097" user="Josef K"/>
  <node id="4271011348" lat="38.7669494" lon="-9.1681713" version="1" timestamp="2016-06-29T04:58:58Z" changeset="40357615" uid="47097" user="Josef K"/>
  <node id="4271011352" lat="38.7670123" lon="-9.1683011" version="1" timestamp="2016-06-29T04:58:58Z" changeset="40357615" uid="47097" user="Josef K"/>
  <node id="4271011353" lat="38.7670196" lon="-9.1680143" version="1" timestamp="2016-06-29T04:58:58Z" changeset="40357615" uid="47097" user="Josef K"/>
  <node id="4271011357" lat="38.7670404" lon="-9.1682382" version="1" timestamp="2016-06-29T04:58:58Z" changeset="40357615" uid="47097" user="Josef K"/>
  <node id="4271011358" lat="38.7670587" lon="-9.1687451" version="1" timestamp="2016-06-29T04:58:58Z" changeset="40357615" uid="47097" user="Josef K"/>
  <node id="4271011359" lat="38.7670981" lon="-9.1690632" version="1" timestamp="2016-06-29T04:58:58Z" changeset="40357615" uid="47097" user="Josef K"/>
  <node id="4271011360" lat="38.7671089" lon="-9.1686332" version="1" timestamp="2016-06-29T04:58:58Z" changeset="40357615" uid="47097" user="Josef K"/>
  <node id="4271011362" lat="38.7671193" lon="-9.1680876" version="1" timestamp="2016-06-29T04:58:58Z" changeset="40357615" uid="47097" user="Josef K"/>
  <node id="4271011363" lat="38.7671484" lon="-9.1684011" version="1" timestamp="2016-06-29T04:58:58Z" changeset="40357615" uid="47097" user="Josef K"/>
  <node id="4271011364" lat="38.7671560" lon="-9.1685279" version="1" timestamp="2016-06-29T04:58:59Z" changeset="40357615" uid="47097" user="Josef K"/>
  <node id="4271011365" lat="38.7671596" lon="-9.1683762" version="1" timestamp="2016-06-29T04:58:59Z" changeset="40357615" uid="47097" user="Josef K"/>
  <node id="4271011367" lat="38.7671840" lon="-9.1688375" version="1" timestamp="2016-06-29T04:58:59Z" changeset="40357615" uid="47097" user="Josef K"/>
  <node id="4271011368" lat="38.7672011" lon="-9.1684272" version="1" timestamp="2016-06-29T04:58:59Z" changeset="40357615" uid="47097" user="Josef K"/>
  <node id="4271011371" lat="38.7672341" lon="-9.1687256" version="1" timestamp="2016-06-29T04:58:59Z" changeset="40357615" uid="47097" user="Josef K"/>
  <node id="4271011372" lat="38.7672349" lon="-9.1681407" version="1" timestamp="2016-06-29T04:58:59Z" changeset="40357615" uid="47097" user="Josef K"/>
  <node id="4271011373" lat="38.7672380" lon="-9.1691681" version="1" timestamp="2016-06-29T04:58:59Z" changeset="40357615" uid="47097" user="Josef K"/>
  <node id="4271011374" lat="38.7672399" lon="-9.1684352" version="1" timestamp="2016-06-29T04:58:59Z" changeset="40357615" uid="47097" user="Josef K"/>
  <node id="4271011375" lat="38.7672532" lon="-9.1677877" version="1" timestamp="2016-06-29T04:58:59Z" changeset="40357615" uid="47097" user="Josef K"/>
  <node id="4271011376" lat="38.7672810" lon="-9.1684654" version="1" timestamp="2016-06-29T04:58:59Z" changeset="40357615" uid="47097" user="Josef K"/>
  <node id="4271011377" lat="38.7672813" lon="-9.1686203" version="1" timestamp="2016-06-29T04:58:59Z" changeset="40357615" uid="47097" user="Josef K"/>
  <node id="4271011378" lat="38.7672834" lon="-9.1686741" version="2" timestamp="2026-04-08T08:44:25Z" changeset="181036708" uid="2644617" user="Jimiiee"/>
  <node id="4271011380" lat="38.7672898" lon="-9.1684459" version="1" timestamp="2016-06-29T04:58:59Z" changeset="40357615" uid="47097" user="Josef K"/>
  <node id="4271011381" lat="38.7672925" lon="-9.1680117" version="1" timestamp="2016-06-29T04:58:59Z" changeset="40357615" uid="47097" user="Josef K"/>
  <node id="4271011384" lat="38.7673111" lon="-9.1684615" version="1" timestamp="2016-06-29T04:58:59Z" changeset="40357615" uid="47097" user="Josef K"/>
  <node id="4271011385" lat="38.7673264" lon="-9.1685196" version="1" timestamp="2016-06-29T04:58:59Z" changeset="40357615" uid="47097" user="Josef K"/>
  <node id="4271011387" lat="38.7673377" lon="-9.1682162" version="1" timestamp="2016-06-29T04:58:59Z" changeset="40357615" uid="47097" user="Josef K"/>
  <node id="4271011388" lat="38.7673581" lon="-9.1678648" version="1" timestamp="2016-06-29T04:58:59Z" changeset="40357615" uid="47097" user="Josef K"/>
  <node id="4271011489" lat="38.7673638" lon="-9.1683435" version="1" timestamp="2016-06-29T04:58:59Z" changeset="40357615" uid="47097" user="Josef K"/>
  <node id="4271011491" lat="38.7673752" lon="-9.1677577" version="1" timestamp="2016-06-29T04:58:59Z" changeset="40357615" uid="47097" user="Josef K"/>
  <node id="4271011492" lat="38.7673765" lon="-9.1678235" version="1" timestamp="2016-06-29T04:58:59Z" changeset="40357615" uid="47097" user="Josef K"/>
  <node id="4271011493" lat="38.7673901" lon="-9.1687522" version="1" timestamp="2016-06-29T04:58:59Z" changeset="40357615" uid="47097" user="Josef K"/>
  <node id="4271011495" lat="38.7673953" lon="-9.1680872" version="1" timestamp="2016-06-29T04:58:59Z" changeset="40357615" uid="47097" user="Josef K"/>
  <node id="4271011496" lat="38.7674142" lon="-9.1683805" version="1" timestamp="2016-06-29T04:58:59Z" changeset="40357615" uid="47097" user="Josef K"/>
  <node id="4271011497" lat="38.7674769" lon="-9.1674798" version="5" timestamp="2024-03-21T12:37:58Z" changeset="148960351" uid="19736714" user="tomasrm22">
    <tag k="crossing" v="uncontrolled"/>
    <tag k="crossing:island" v="no"/>
    <tag k="crossing:markings" v="zebra"/>
    <tag k="highway" v="crossing"/>
    <tag k="kerb" v="flush"/>
    <tag k="tactile_paving" v="yes"/>
  </node>
  <node id="4271011498" lat="38.7675922" lon="-9.1679820" version="1" timestamp="2016-06-29T04:58:59Z" changeset="40357615" uid="47097" user="Josef K"/>
  <node id="4271011499" lat="38.7676808" lon="-9.1652206" version="1" timestamp="2016-06-29T04:58:59Z" changeset="40357615" uid="47097" user="Josef K"/>
  <node id="4271011500" lat="38.7676990" lon="-9.1680604" version="1" timestamp="2016-06-29T04:58:59Z" changeset="40357615" uid="47097" user="Josef K"/>
  <node id="4271011501" lat="38.7677967" lon="-9.1678707" version="5" timestamp="2024-03-21T12:38:17Z" changeset="148960351" uid="19736714" user="tomasrm22">
    <tag k="crossing" v="uncontrolled"/>
    <tag k="crossing:island" v="no"/>
    <tag k="crossing:markings" v="zebra"/>
    <tag k="highway" v="crossing"/>
    <tag k="kerb" v="flush"/>
    <tag k="tactile_paving" v="yes"/>
  </node>
  <node id="4271011502" lat="38.7678207" lon="-9.1680463" version="5" timestamp="2024-03-21T12:38:45Z" changeset="148960351" uid="19736714" user="tomasrm22">
    <tag k="crossing" v="uncontrolled"/>
    <tag k="crossing:island" v="no"/>
    <tag k="crossing:markings" v="zebra"/>
    <tag k="highway" v="crossing"/>
    <tag k="kerb" v="flush"/>
    <tag k="tactile_paving" v="yes"/>
  </node>
  <node id="4271011503" lat="38.7679218" lon="-9.1678197" version="5" timestamp="2024-03-21T12:38:21Z" changeset="148960351" uid="19736714" user="tomasrm22">
    <tag k="crossing" v="uncontrolled"/>
    <tag k="crossing:island" v="no"/>
    <tag k="crossing:markings" v="zebra"/>
    <tag k="highway" v="crossing"/>
    <tag k="kerb" v="flush"/>
    <tag k="tactile_paving" v="yes"/>
  </node>
  <node id="4271011504" lat="38.7679488" lon="-9.1679811" version="5" timestamp="2024-03-21T12:38:42Z" changeset="148960351" uid="19736714" user="tomasrm22">
    <tag k="crossing" v="uncontrolled"/>
    <tag k="crossing:island" v="no"/>
    <tag k="crossing:markings" v="zebra"/>
    <tag k="highway" v="crossing"/>
    <tag k="kerb" v="flush"/>
    <tag k="tactile_paving" v="yes"/>
  </node>
  <node id="4271011506" lat="38.7680907" lon="-9.1650865" version="1" timestamp="2016-06-29T04:58:59Z" changeset="40357615" uid="47097" user="Josef K"/>
  <node id="4271011507" lat="38.7682608" lon="-9.1670600" version="4" timestamp="2023-07-01T11:02:18Z" changeset="137987865" uid="19736714" user="tomasrm22">
    <tag k="crossing" v="uncontrolled"/>
    <tag k="crossing:island" v="no"/>
    <tag k="crossing:markings" v="zebra"/>
    <tag k="highway" v="crossing"/>
    <tag k="tactile_paving" v="yes"/>
  </node>
  <node id="4271011508" lat="38.7683698" lon="-9.1668047" version="1" timestamp="2016-06-29T04:58:59Z" changeset="40357615" uid="47097" user="Josef K"/>
  <node id="4271011509" lat="38.7686016" lon="-9.1651982" version="1" timestamp="2016-06-29T04:58:59Z" changeset="40357615" uid="47097" user="Josef K"/>
  <node id="4271011510" lat="38.7686671" lon="-9.1650534" version="1" timestamp="2016-06-29T04:58:59Z" changeset="40357615" uid="47097" user="Josef K"/>
  <node id="4271011511" lat="38.7686893" lon="-9.1669775" version="2" timestamp="2020-12-06T04:30:46Z" changeset="95354558" uid="1193685" user="DiogoBaptista98"/>
  <node id="4271011512" lat="38.7687211" lon="-9.1652800" version="1" timestamp="2016-06-29T04:58:59Z" changeset="40357615" uid="47097" user="Josef K"/>
  <node id="4271011513" lat="38.7687614" lon="-9.1665364" version="4" timestamp="2022-11-15T22:44:13Z" changeset="128962263" uid="1193685" user="DiogoBaptista98"/>
  <node id="4271011514" lat="38.7687617" lon="-9.1668145" version="2" timestamp="2020-12-06T04:30:46Z" changeset="95354558" uid="1193685" user="DiogoBaptista98"/>
  <node id="4271011515" lat="38.7687671" lon="-9.1666379" version="4" timestamp="2022-11-15T22:44:13Z" changeset="128962263" uid="1193685" user="DiogoBaptista98"/>
  <node id="4271011517" lat="38.7687997" lon="-9.1665643" version="4" timestamp="2022-11-15T22:44:13Z" changeset="128962263" uid="1193685" user="DiogoBaptista98"/>
  <node id="4271011518" lat="38.7688143" lon="-9.1650786" version="1" timestamp="2016-06-29T04:58:59Z" changeset="40357615" uid="47097" user="Josef K"/>
  <node id="4271011520" lat="38.7688291" lon="-9.1650114" version="1" timestamp="2016-06-29T04:58:59Z" changeset="40357615" uid="47097" user="Josef K"/>
  <node id="4271011521" lat="38.7688581" lon="-9.1653574" version="2" timestamp="2020-12-06T04:30:46Z" changeset="95354558" uid="1193685" user="DiogoBaptista98"/>
  <node id="4271011522" lat="38.7688877" lon="-9.1671223" version="2" timestamp="2020-12-06T04:30:46Z" changeset="95354558" uid="1193685" user="DiogoBaptista98"/>
  <node id="4271011524" lat="38.7689306" lon="-9.1657371" version="1" timestamp="2016-06-29T04:58:59Z" changeset="40357615" uid="47097" user="Josef K"/>
  <node id="4271011526" lat="38.7689607" lon="-9.1654325" version="2" timestamp="2020-12-06T04:30:46Z" changeset="95354558" uid="1193685" user="DiogoBaptista98"/>
  <node id="4271011527" lat="38.7689600" lon="-9.1669593" version="2" timestamp="2020-12-06T04:30:46Z" changeset="95354558" uid="1193685" user="DiogoBaptista98"/>
  <node id="4271011528" lat="38.7689740" lon="-9.1650966" version="2" timestamp="2020-12-06T04:30:46Z" changeset="95354558" uid="1193685" user="DiogoBaptista98"/>
  <node id="4271011529" lat="38.7690311" lon="-9.1660902" version="4" timestamp="2022-11-15T22:44:13Z" changeset="128962263" uid="1193685" user="DiogoBaptista98"/>
  <node id="4271011530" lat="38.7690374" lon="-9.1655103" version="1" timestamp="2016-06-29T04:59:00Z" changeset="40357615" uid="47097" user="Josef K">
    <tag k="natural" v="tree"/>
  </node>
  <node id="4271011531" lat="38.7689717" lon="-9.1667869" version="4" timestamp="2022-11-15T22:44:13Z" changeset="128962263" uid="1193685" user="DiogoBaptista98"/>
  <node id="4271011532" lat="38.7690436" lon="-9.1657254" version="1" timestamp="2016-06-29T04:59:00Z" changeset="40357615" uid="47097" user="Josef K">
    <tag k="natural" v="tree"/>
  </node>
  <node id="4271011533" lat="38.7690635" lon="-9.1652012" version="2" timestamp="2020-12-06T04:30:46Z" changeset="95354558" uid="1193685" user="DiogoBaptista98"/>
  <node id="4271011534" lat="38.7690767" lon="-9.1651717" version="2" timestamp="2020-12-06T04:30:46Z" changeset="95354558" uid="1193685" user="DiogoBaptista98"/>
  <node id="4271011535" lat="38.7690086" lon="-9.1666267" version="4" timestamp="2022-11-15T22:44:13Z" changeset="128962263" uid="1193685" user="DiogoBaptista98"/>
  <node id="4271011537" lat="38.7690797" lon="-9.1672625" version="2" timestamp="2020-12-06T04:30:46Z" changeset="95354558" uid="1193685" user="DiogoBaptista98"/>
  <node id="4271011538" lat="38.7691021" lon="-9.1655571" version="1" timestamp="2016-06-29T04:59:00Z" changeset="40357615" uid="47097" user="Josef K">
    <tag k="natural" v="tree"/>
  </node>
  <node id="4271011540" lat="38.7691099" lon="-9.1657742" version="1" timestamp="2016-06-29T04:59:00Z" changeset="40357615" uid="47097" user="Josef K">
    <tag k="natural" v="tree"/>
  </node>
  <node id="4271011541" lat="38.7691250" lon="-9.1650630" version="2" timestamp="2020-12-06T04:30:46Z" changeset="95354558" uid="1193685" user="DiogoBaptista98"/>
  <node id="4271011543" lat="38.7691521" lon="-9.1670995" version="2" timestamp="2020-12-06T04:30:46Z" changeset="95354558" uid="1193685" user="DiogoBaptista98"/>
  <node id="4271011544" lat="38.7691579" lon="-9.1648939" version="1" timestamp="2016-06-29T04:59:00Z" changeset="40357615" uid="47097" user="Josef K"/>
  <node id="4271011545" lat="38.7691768" lon="-9.1655847" version="3" timestamp="2022-11-15T22:44:13Z" changeset="128962263" uid="1193685" user="DiogoBaptista98"/>
  <node id="4271011546" lat="38.7691738" lon="-9.1658213" version="1" timestamp="2016-06-29T04:59:00Z" changeset="40357615" uid="47097" user="Josef K">
    <tag k="natural" v="tree"/>
  </node>
  <node id="4271011547" lat="38.7691773" lon="-9.1656115" version="1" timestamp="2016-06-29T04:59:00Z" changeset="40357615" uid="47097" user="Josef K">
    <tag k="natural" v="tree"/>
  </node>
  <node id="4271011548" lat="38.7692290" lon="-9.1654676" version="3" timestamp="2022-11-15T22:44:13Z" changeset="128962263" uid="1193685" user="DiogoBaptista98"/>
  <node id="4271011549" lat="38.7692485" lon="-9.1658763" version="1" timestamp="2016-06-29T04:59:00Z" changeset="40357615" uid="47097" user="Josef K">
    <tag k="natural" v="tree"/>
  </node>
  <node id="4271011550" lat="38.7692505" lon="-9.1656644" version="1" timestamp="2016-06-29T04:59:00Z" changeset="40357615" uid="47097" user="Josef K">
    <tag k="natural" v="tree"/>
  </node>
  <node id="4271011551" lat="38.7691693" lon="-9.1662639" version="4" timestamp="2022-11-15T22:44:13Z" changeset="128962263" uid="1193685" user="DiogoBaptista98"/>
  <node id="4271011552" lat="38.7692681" lon="-9.1653508" version="2" timestamp="2020-12-06T04:30:46Z" changeset="95354558" uid="1193685" user="DiogoBaptista98"/>
  <node id="4271011553" lat="38.7692822" lon="-9.1659917" version="1" timestamp="2016-06-29T04:59:00Z" changeset="40357615" uid="47097" user="Josef K"/>
  <node id="4271011554" lat="38.7693296" lon="-9.1652126" version="2" timestamp="2020-12-06T04:30:46Z" changeset="95354558" uid="1193685" user="DiogoBaptista98"/>
  <node id="4271011555" lat="38.7693231" lon="-9.1657169" version="1" timestamp="2016-06-29T04:59:00Z" changeset="40357615" uid="47097" user="Josef K">
    <tag k="natural" v="tree"/>
  </node>
  <node id="4271011556" lat="38.7693473" lon="-9.1658439" version="1" timestamp="2016-06-29T04:59:00Z" changeset="40357615" uid="47097" user="Josef K"/>
  <node id="4271011557" lat="38.7693936" lon="-9.1657679" version="1" timestamp="2016-06-29T04:59:00Z" changeset="40357615" uid="47097" user="Josef K">
    <tag k="natural" v="tree"/>
  </node>
  <node id="4271011558" lat="38.7694181" lon="-9.1660011" version="1" timestamp="2016-06-29T04:59:00Z" changeset="40357615" uid="47097" user="Josef K">
    <tag k="natural" v="tree"/>
  </node>
  <node id="4271011559" lat="38.7694535" lon="-9.1645666" version="1" timestamp="2016-06-29T04:59:00Z" changeset="40357615" uid="47097" user="Josef K"/>
  <node id="4271011560" lat="38.7694731" lon="-9.1655007" version="2" timestamp="2020-12-06T04:30:46Z" changeset="95354558" uid="1193685" user="DiogoBaptista98"/>
  <node id="4271011561" lat="38.7692982" lon="-9.1647460" version="2" timestamp="2026-04-08T08:44:25Z" changeset="181036708" uid="2644617" user="Jimiiee"/>
  <node id="4271011562" lat="38.7694696" lon="-9.1658229" version="1" timestamp="2016-06-29T04:59:00Z" changeset="40357615" uid="47097" user="Josef K">
    <tag k="natural" v="tree"/>
  </node>
  <node id="4271011564" lat="38.7695346" lon="-9.1653625" version="2" timestamp="2020-12-06T04:30:46Z" changeset="95354558" uid="1193685" user="DiogoBaptista98"/>
  <node id="4271011565" lat="38.7695404" lon="-9.1658741" version="1" timestamp="2016-06-29T04:59:00Z" changeset="40357615" uid="47097" user="Josef K">
    <tag k="natural" v="tree"/>
  </node>
  <node id="4271011566" lat="38.7695525" lon="-9.1661000" version="1" timestamp="2016-06-29T04:59:00Z" changeset="40357615" uid="47097" user="Josef K">
    <tag k="natural" v="tree"/>
  </node>
  <node id="4271011567" lat="38.7695738" lon="-9.1658746" version="3" timestamp="2022-11-15T22:44:13Z" changeset="128962263" uid="1193685" user="DiogoBaptista98"/>
  <node id="4271011569" lat="38.7696103" lon="-9.1662418" version="1" timestamp="2016-06-29T04:59:00Z" changeset="40357615" uid="47097" user="Josef K"/>
  <node id="4271011570" lat="38.7696113" lon="-9.1659254" version="1" timestamp="2016-06-29T04:59:00Z" changeset="40357615" uid="47097" user="Josef K">
    <tag k="natural" v="tree"/>
  </node>
  <node id="4271011571" lat="38.7696260" lon="-9.1657565" version="3" timestamp="2022-11-15T22:44:13Z" changeset="128962263" uid="1193685" user="DiogoBaptista98"/>
  <node id="4271011572" lat="38.7696774" lon="-9.1656501" version="2" timestamp="2020-12-06T04:30:46Z" changeset="95354558" uid="1193685" user="DiogoBaptista98"/>
  <node id="4271011573" lat="38.7696722" lon="-9.1650347" version="3" timestamp="2020-12-06T04:30:46Z" changeset="95354558" uid="1193685" user="DiogoBaptista98"/>
  <node id="4271011574" lat="38.7696796" lon="-9.1660845" version="1" timestamp="2016-06-29T04:59:00Z" changeset="40357615" uid="47097" user="Josef K"/>
  <node id="4271011575" lat="38.7696861" lon="-9.1659795" version="1" timestamp="2016-06-29T04:59:00Z" changeset="40357615" uid="47097" user="Josef K">
    <tag k="natural" v="tree"/>
  </node>
  <node id="4271011576" lat="38.7697101" lon="-9.1648880" version="3" timestamp="2020-12-06T04:30:46Z" changeset="95354558" uid="1193685" user="DiogoBaptista98"/>
  <node id="4271011577" lat="38.7697142" lon="-9.1649378" version="3" timestamp="2020-12-06T04:30:46Z" changeset="95354558" uid="1193685" user="DiogoBaptista98"/>
  <node id="4271011578" lat="38.7697225" lon="-9.1649437" version="3" timestamp="2020-12-06T04:30:46Z" changeset="95354558" uid="1193685" user="DiogoBaptista98"/>
  <node id="4271011579" lat="38.7697388" lon="-9.1655118" version="2" timestamp="2020-12-06T04:30:46Z" changeset="95354558" uid="1193685" user="DiogoBaptista98"/>
  <node id="4271011580" lat="38.7697380" lon="-9.1649079" version="3" timestamp="2020-12-06T04:30:46Z" changeset="95354558" uid="1193685" user="DiogoBaptista98"/>
  <node id="4271011581" lat="38.7697513" lon="-9.1647929" version="3" timestamp="2020-12-06T04:30:46Z" changeset="95354558" uid="1193685" user="DiogoBaptista98"/>
  <node id="4271011582" lat="38.7697807" lon="-9.1660282" version="2" timestamp="2020-12-06T04:30:46Z" changeset="95354558" uid="1193685" user="DiogoBaptista98"/>
  <node id="4271011583" lat="38.7698274" lon="-9.1661916" version="2" timestamp="2023-02-11T19:15:11Z" changeset="132418364" uid="347293" user="Alexmol">
    <tag k="crossing" v="uncontrolled"/>
    <tag k="crossing:markings" v="zebra"/>
    <tag k="highway" v="crossing"/>
  </node>
  <node id="4271011585" lat="38.7698822" lon="-9.1657999" version="2" timestamp="2020-12-06T04:30:46Z" changeset="95354558" uid="1193685" user="DiogoBaptista98"/>
  <node id="4271011586" lat="38.7698856" lon="-9.1661049" version="2" timestamp="2020-12-06T04:30:46Z" changeset="95354558" uid="1193685" user="DiogoBaptista98"/>
  <node id="4271011587" lat="38.7698978" lon="-9.1657649" version="2" timestamp="2020-12-06T04:30:46Z" changeset="95354558" uid="1193685" user="DiogoBaptista98"/>
  <node id="4271011588" lat="38.7698963" lon="-9.1651942" version="3" timestamp="2020-12-06T04:30:46Z" changeset="95354558" uid="1193685" user="DiogoBaptista98"/>
  <node id="4271011589" lat="38.7699104" lon="-9.1650794" version="3" timestamp="2020-12-06T04:30:46Z" changeset="95354558" uid="1193685" user="DiogoBaptista98"/>
  <node id="4271011590" lat="38.7699255" lon="-9.1650443" version="3" timestamp="2020-12-06T04:30:46Z" changeset="95354558" uid="1193685" user="DiogoBaptista98"/>
  <node id="4271011591" lat="38.7699350" lon="-9.1650510" version="3" timestamp="2020-12-06T04:30:46Z" changeset="95354558" uid="1193685" user="DiogoBaptista98"/>
  <node id="4271011592" lat="38.7699376" lon="-9.1650988" version="3" timestamp="2020-12-06T04:30:46Z" changeset="95354558" uid="1193685" user="DiogoBaptista98"/>
  <node id="4271011593" lat="38.7699437" lon="-9.1656616" version="2" timestamp="2020-12-06T04:30:46Z" changeset="95354558" uid="1193685" user="DiogoBaptista98"/>
  <node id="4271011594" lat="38.7699771" lon="-9.1649536" version="3" timestamp="2020-12-06T04:30:46Z" changeset="95354558" uid="1193685" user="DiogoBaptista98"/>
  <node id="4271011596" lat="38.7700026" lon="-9.1658416" version="2" timestamp="2020-12-06T04:30:46Z" changeset="95354558" uid="1193685" user="DiogoBaptista98"/>
  <node id="4271011597" lat="38.7700619" lon="-9.1649250" version="3" timestamp="2020-12-06T04:30:46Z" changeset="95354558" uid="1193685" user="DiogoBaptista98"/>
  <node id="4271011599" lat="38.7703027" lon="-9.1656306" version="2" timestamp="2026-04-08T08:44:25Z" changeset="181036708" uid="2644617" user="Jimiiee"/>
  <node id="4271011600" lat="38.7701364" lon="-9.1649790" version="3" timestamp="2020-12-06T04:30:46Z" changeset="95354558" uid="1193685" user="DiogoBaptista98"/>
  <node id="4271011601" lat="38.7701418" lon="-9.1649668" version="3" timestamp="2020-12-06T04:30:46Z" changeset="95354558" uid="1193685" user="DiogoBaptista98"/>
  <node id="4271011602" lat="38.7701521" lon="-9.1650217" version="3" timestamp="2020-12-06T04:30:46Z" changeset="95354558" uid="1193685" user="DiogoBaptista98"/>
  <node id="4271011603" lat="38.7701680" lon="-9.1649857" version="3" timestamp="2020-12-06T04:30:46Z" changeset="95354558" uid="1193685" user="DiogoBaptista98"/>
  <node id="4271011604" lat="38.7701881" lon="-9.1646385" version="3" timestamp="2020-12-06T04:30:46Z" changeset="95354558" uid="1193685" user="DiogoBaptista98"/>
  <node id="4271011605" lat="38.7702261" lon="-9.1650754" version="3" timestamp="2020-12-06T04:30:46Z" changeset="95354558" uid="1193685" user="DiogoBaptista98"/>
  <node id="4271011606" lat="38.7702458" lon="-9.1647262" version="3" timestamp="2020-12-06T04:30:46Z" changeset="95354558" uid="1193685" user="DiogoBaptista98"/>
  <node id="4271011607" lat="38.7702611" lon="-9.1646914" version="3" timestamp="2020-12-06T04:30:46Z" changeset="95354558" uid="1193685" user="DiogoBaptista98"/>
  <node id="4271011608" lat="38.7702748" lon="-9.1647472" version="3" timestamp="2020-12-06T04:30:46Z" changeset="95354558" uid="1193685" user="DiogoBaptista98"/>
  <node id="4271011609" lat="38.7702792" lon="-9.1647371" version="3" timestamp="2020-12-06T04:30:46Z" changeset="95354558" uid="1193685" user="DiogoBaptista98"/>
  <node id="4271011610" lat="38.7703519" lon="-9.1647899" version="3" timestamp="2020-12-06T04:30:46Z" changeset="95354558" uid="1193685" user="DiogoBaptista98"/>
  <node id="4271011611" lat="38.7703759" lon="-9.1644265" version="3" timestamp="2026-04-08T08:44:25Z" changeset="181036708" uid="2644617" user="Jimiiee"/>
  <node id="4271011612" lat="38.7706263" lon="-9.1646903" version="2" timestamp="2026-04-08T08:44:25Z" changeset="181036708" uid="2644617" user="Jimiiee"/>
  <node id="4271011613" lat="38.7705870" lon="-9.1652024" version="1" timestamp="2016-06-29T04:59:01Z" changeset="40357615" uid="47097" user="Josef K"/>
  <node id="4271011614" lat="38.7706575" lon="-9.1643164" version="1" timestamp="2016-06-29T04:59:01Z" changeset="40357615" uid="47097" user="Josef K"/>
  <node id="5121144700" lat="38.7668955" lon="-9.1716897" version="1" timestamp="2017-09-22T04:35:54Z" changeset="52263008" uid="350918" user="JPF_pt"/>
  <node id="5121144701" lat="38.7669592" lon="-9.1716686" version="1" timestamp="2017-09-22T04:35:55Z" changeset="52263008" uid="350918" user="JPF_pt"/>
  <node id="5121144702" lat="38.7672232" lon="-9.1711993" version="1" timestamp="2017-09-22T04:35:55Z" changeset="52263008" uid="350918" user="JPF_pt"/>
  <node id="5121144703" lat="38.7674281" lon="-9.1714063" version="1" timestamp="2017-09-22T04:35:55Z" changeset="52263008" uid="350918" user="JPF_pt"/>
  <node id="5121144704" lat="38.7676587" lon="-9.1712923" version="1" timestamp="2017-09-22T04:35:55Z" changeset="52263008" uid="350918" user="JPF_pt"/>
  <node id="5121144705" lat="38.7681200" lon="-9.1706545" version="1" timestamp="2017-09-22T04:35:55Z" changeset="52263008" uid="350918" user="JPF_pt"/>
  <node id="5121144706" lat="38.7682215" lon="-9.1705603" version="2" timestamp="2026-04-08T08:44:25Z" changeset="181036708" uid="2644617" user="Jimiiee"/>
  <node id="5121144707" lat="38.7680269" lon="-9.1703428" version="1" timestamp="2017-09-22T04:35:55Z" changeset="52263008" uid="350918" user="JPF_pt"/>
  <node id="5121144708" lat="38.7680447" lon="-9.1703013" version="1" timestamp="2017-09-22T04:35:55Z" changeset="52263008" uid="350918" user="JPF_pt"/>
  <node id="5121144709" lat="38.7679809" lon="-9.1702651" version="1" timestamp="2017-09-22T04:35:55Z" changeset="52263008" uid="350918" user="JPF_pt"/>
  <node id="5121144710" lat="38.7678668" lon="-9.1703743" version="2" timestamp="2026-04-08T08:44:25Z" changeset="181036708" uid="2644617" user="Jimiiee"/>
  <node id="5121144711" lat="38.7676510" lon="-9.1704396" version="3" timestamp="2026-04-08T08:44:25Z" changeset="181036708" uid="2644617" user="Jimiiee">
    <tag k="barrier" v="gate"/>
    <tag k="bicycle" v="no"/>
    <tag k="foot" v="yes"/>
    <tag k="horse" v="no"/>
    <tag k="motor_vehicle" v="no"/>
  </node>
  <node id="5121144712" lat="38.7673296" lon="-9.1705476" version="2" timestamp="2026-04-08T08:44:25Z" changeset="181036708" uid="2644617" user="Jimiiee"/>
  <node id="5121144713" lat="38.7670945" lon="-9.1708812" version="1" timestamp="2017-09-22T04:35:55Z" changeset="52263008" uid="350918" user="JPF_pt"/>
  <node id="5121144714" lat="38.7671166" lon="-9.1709431" version="1" timestamp="2017-09-22T04:35:55Z" changeset="52263008" uid="350918" user="JPF_pt"/>
  <node id="5121144715" lat="38.7673677" lon="-9.1711873" version="1" timestamp="2017-09-22T04:35:55Z" changeset="52263008" uid="350918" user="JPF_pt"/>
  <node id="5121144716" lat="38.7673636" lon="-9.1713289" version="1" timestamp="2017-09-22T04:35:55Z" changeset="52263008" uid="350918" user="JPF_pt"/>
  <node id="5121144717" lat="38.7676525" lon="-9.1712382" version="2" timestamp="2024-11-02T14:08:25Z" changeset="158660349" uid="16603393" user="Dilxe"/>
  <node id="5121144718" lat="38.7674293" lon="-9.1709631" version="2" timestamp="2024-11-02T14:08:25Z" changeset="158660349" uid="16603393" user="Dilxe"/>
  <node id="5121144719" lat="38.7675442" lon="-9.1708097" version="2" timestamp="2024-11-02T14:08:25Z" changeset="158660349" uid="16603393" user="Dilxe"/>
  <node id="5121144720" lat="38.7677690" lon="-9.1710827" version="2" timestamp="2024-11-02T14:08:25Z" changeset="158660349" uid="16603393" user="Dilxe"/>
  <node id="5121144721" lat="38.7677118" lon="-9.1710122" version="2" timestamp="2024-11-02T14:08:25Z" changeset="158660349" uid="16603393" user="Dilxe"/>
  <node id="5121144722" lat="38.7675991" lon="-9.1708772" version="2" timestamp="2024-11-02T14:08:25Z" changeset="158660349" uid="16603393" user="Dilxe"/>
  <node id="5121144723" lat="38.7677803" lon="-9.1709208" version="2" timestamp="2024-11-02T14:08:25Z" changeset="158660349" uid="16603393" user="Dilxe"/>
  <node id="5121144724" lat="38.7676674" lon="-9.1707861" version="2" timestamp="2024-11-02T14:08:25Z" changeset="158660349" uid="16603393" user="Dilxe"/>
  <node id="5121144725" lat="38.7680120" lon="-9.1706167" version="2" timestamp="2024-11-02T14:08:25Z" changeset="158660349" uid="16603393" user="Dilxe"/>
  <node id="5121144726" lat="38.7679075" lon="-9.1704493" version="2" timestamp="2024-11-02T14:08:25Z" changeset="158660349" uid="16603393" user="Dilxe"/>
  <node id="5121144727" lat="38.7675435" lon="-9.1707163" version="2" timestamp="2024-11-02T14:08:25Z" changeset="158660349" uid="16603393" user="Dilxe"/>
  <node id="5121144728" lat="38.7674663" lon="-9.1706240" version="2" timestamp="2024-11-02T14:08:25Z" changeset="158660349" uid="16603393" user="Dilxe"/>
  <node id="5121144729" lat="38.7675572" lon="-9.1704989" version="2" timestamp="2024-11-02T14:08:25Z" changeset="158660349" uid="16603393" user="Dilxe"/>
  <node id="5121144730" lat="38.7676345" lon="-9.1705913" version="2" timestamp="2024-11-02T14:08:25Z" changeset="158660349" uid="16603393" user="Dilxe"/>
  <node id="5121144731" lat="38.7671477" lon="-9.1708233" version="2" timestamp="2024-11-02T14:08:25Z" changeset="158660349" uid="16603393" user="Dilxe"/>
  <node id="5121144732" lat="38.7671948" lon="-9.1708774" version="2" timestamp="2024-11-02T14:08:25Z" changeset="158660349" uid="16603393" user="Dilxe"/>
  <node id="5121144733" lat="38.7672619" lon="-9.1707813" version="2" timestamp="2024-11-02T14:08:25Z" changeset="158660349" uid="16603393" user="Dilxe"/>
  <node id="5121144734" lat="38.7673819" lon="-9.1709191" version="2" timestamp="2024-11-02T14:08:25Z" changeset="158660349" uid="16603393" user="Dilxe"/>
  <node id="5121144735" lat="38.7674158" lon="-9.1708707" version="2" timestamp="2024-11-02T14:08:25Z" changeset="158660349" uid="16603393" user="Dilxe"/>
  <node id="5121144736" lat="38.7672960" lon="-9.1707332" version="2" timestamp="2024-11-02T14:08:25Z" changeset="158660349" uid="16603393" user="Dilxe"/>
  <node id="5121144737" lat="38.7673468" lon="-9.1706605" version="2" timestamp="2024-11-02T14:08:25Z" changeset="158660349" uid="16603393" user="Dilxe"/>
  <node id="5121144738" lat="38.7672994" lon="-9.1706060" version="2" timestamp="2024-11-02T14:08:25Z" changeset="158660349" uid="16603393" user="Dilxe"/>
  <node id="5121165242" lat="38.7649537" lon="-9.1726731" version="1" timestamp="2017-09-22T04:53:38Z" changeset="52263224" uid="350918" user="JPF_pt"/>
  <node id="5121165243" lat="38.7656985" lon="-9.1725252" version="1" timestamp="2017-09-22T04:53:38Z" changeset="52263224" uid="350918" user="JPF_pt"/>
  <node id="5121165244" lat="38.7662822" lon="-9.1722910" version="1" timestamp="2017-09-22T04:53:38Z" changeset="52263224" uid="350918" user="JPF_pt"/>
  <node id="5121165245" lat="38.7668588" lon="-9.1719613" version="1" timestamp="2017-09-22T04:53:38Z" changeset="52263224" uid="350918" user="JPF_pt"/>
  <node id="5121165246" lat="38.7669813" lon="-9.1718412" version="1" timestamp="2017-09-22T04:53:38Z" changeset="52263224" uid="350918" user="JPF_pt"/>
  <node id="5121165247" lat="38.7636344" lon="-9.1723875" version="1" timestamp="2017-09-22T04:53:38Z" changeset="52263224" uid="350918" user="JPF_pt"/>
  <node id="5121165248" lat="38.7637062" lon="-9.1727344" version="1" timestamp="2017-09-22T04:53:38Z" changeset="52263224" uid="350918" user="JPF_pt"/>
  <node id="5121165249" lat="38.7638690" lon="-9.1727220" version="1" timestamp="2017-09-22T04:53:38Z" changeset="52263224" uid="350918" user="JPF_pt"/>
  <node id="5121165250" lat="38.7642167" lon="-9.1727715" version="1" timestamp="2017-09-22T04:53:38Z" changeset="52263224" uid="350918" user="JPF_pt"/>
  <node id="5121165251" lat="38.7645368" lon="-9.1727627" version="1" timestamp="2017-09-22T04:53:38Z" changeset="52263224" uid="350918" user="JPF_pt"/>
  <node id="5121165252" lat="38.7637750" lon="-9.1724785" version="1" timestamp="2017-09-22T04:53:38Z" changeset="52263224" uid="350918" user="JPF_pt"/>
  <node id="5121165268" lat="38.7663524" lon="-9.1673007" version="2" timestamp="2024-01-30T23:03:44Z" changeset="146882542" uid="11152051" user="RazorWind"/>
  <node id="5121165269" lat="38.7667668" lon="-9.1671830" version="2" timestamp="2024-01-30T23:03:44Z" changeset="146882542" uid="11152051" user="RazorWind"/>
  <node id="5121165270" lat="38.7667411" lon="-9.1670338" version="2" timestamp="2024-01-30T23:03:44Z" changeset="146882542" uid="11152051" user="RazorWind"/>
  <node id="5121165271" lat="38.7663267" lon="-9.1671513" version="2" timestamp="2024-01-30T23:03:44Z" changeset="146882542" uid="11152051" user="RazorWind"/>
  <node id="5121165272" lat="38.7676356" lon="-9.1671321" version="1" timestamp="2017-09-22T04:53:39Z" changeset="52263224" uid="350918" user="JPF_pt"/>
  <node id="5121165273" lat="38.7676678" lon="-9.1670702" version="1" timestamp="2017-09-22T04:53:39Z" changeset="52263224" uid="350918" user="JPF_pt"/>
  <node id="5123475807" lat="38.7692690" lon="-9.1666341" version="2" timestamp="2022-11-15T22:44:13Z" changeset="128962263" uid="1193685" user="DiogoBaptista98"/>
  <node id="5123475808" lat="38.7691896" lon="-9.1670138" version="2" timestamp="2022-11-15T22:44:13Z" changeset="128962263" uid="1193685" user="DiogoBaptista98"/>
  <node id="5123475809" lat="38.7694815" lon="-9.1663646" version="3" timestamp="2022-11-15T22:44:13Z" changeset="128962263" uid="1193685" user="DiogoBaptista98"/>
  <node id="5123475811" lat="38.7689708" lon="-9.1668581" version="3" timestamp="2022-11-15T22:44:13Z" changeset="128962263" uid="1193685" user="DiogoBaptista98"/>
  <node id="5123475812" lat="38.7691753" lon="-9.1668557" version="2" timestamp="2022-11-15T22:44:13Z" changeset="128962263" uid="1193685" user="DiogoBaptista98"/>
  <node id="5123475813" lat="38.7690470" lon="-9.1667665" version="2" timestamp="2022-11-15T22:44:13Z" changeset="128962263" uid="1193685" user="DiogoBaptista98"/>
  <node id="5123475814" lat="38.7692425" lon="-9.1663039" version="2" timestamp="2022-11-15T22:44:13Z" changeset="128962263" uid="1193685" user="DiogoBaptista98"/>
  <node id="5123475815" lat="38.7693709" lon="-9.1663931" version="2" timestamp="2022-11-15T22:44:13Z" changeset="128962263" uid="1193685" user="DiogoBaptista98"/>
  <node id="5129807890" lat="38.7708771" lon="-9.1641679" version="2" timestamp="2026-04-09T12:17:25Z" changeset="181094495" uid="2644617" user="Jimiiee"/>
  <node id="5129807891" lat="38.7706947" lon="-9.1642279" version="2" timestamp="2026-04-09T12:17:25Z" changeset="181094495" uid="2644617" user="Jimiiee"/>
  <node id="5129807892" lat="38.7707016" lon="-9.1643360" version="1" timestamp="2017-09-26T02:46:23Z" changeset="52371208" uid="350918" user="JPF_pt"/>
  <node id="5129807893" lat="38.7707364" lon="-9.1643961" version="1" timestamp="2017-09-26T02:46:23Z" changeset="52371208" uid="350918" user="JPF_pt"/>
  <node id="5129807894" lat="38.7708013" lon="-9.1645809" version="1" timestamp="2017-09-26T02:46:23Z" changeset="52371208" uid="350918" user="JPF_pt"/>
  <node id="5129807895" lat="38.7708301" lon="-9.1644839" version="1" timestamp="2017-09-26T02:46:23Z" changeset="52371208" uid="350918" user="JPF_pt"/>
  <node id="5129807896" lat="38.7708601" lon="-9.1643329" version="1" timestamp="2017-09-26T02:46:23Z" changeset="52371208" uid="350918" user="JPF_pt"/>
  <node id="5129807897" lat="38.7699594" lon="-9.1666499" version="2" timestamp="2026-04-09T12:17:25Z" changeset="181094495" uid="2644617" user="Jimiiee"/>
  <node id="5129807898" lat="38.7702111" lon="-9.1660019" version="1" timestamp="2017-09-26T02:46:23Z" changeset="52371208" uid="350918" user="JPF_pt"/>
  <node id="5129807899" lat="38.7702717" lon="-9.1657257" version="1" timestamp="2017-09-26T02:46:23Z" changeset="52371208" uid="350918" user="JPF_pt"/>
  <node id="5129807900" lat="38.7706356" lon="-9.1647359" version="1" timestamp="2017-09-26T02:46:23Z" changeset="52371208" uid="350918" user="JPF_pt"/>
  <node id="5129865921" lat="38.7638134" lon="-9.1680996" version="2" timestamp="2024-01-30T23:03:44Z" changeset="146882542" uid="11152051" user="RazorWind"/>
  <node id="5129865922" lat="38.7639188" lon="-9.1679622" version="2" timestamp="2024-01-30T23:03:44Z" changeset="146882542" uid="11152051" user="RazorWind"/>
  <node id="5129865923" lat="38.7635423" lon="-9.1706736" version="1" timestamp="2017-09-26T03:37:14Z" changeset="52371644" uid="350918" user="JPF_pt"/>
  <node id="5129865924" lat="38.7634868" lon="-9.1676395" version="2" timestamp="2024-01-30T23:03:44Z" changeset="146882542" uid="11152051" user="RazorWind"/>
  <node id="5129865925" lat="38.7636229" lon="-9.1674151" version="2" timestamp="2024-01-30T23:03:44Z" changeset="146882542" uid="11152051" user="RazorWind"/>
  <node id="5129865926" lat="38.7642826" lon="-9.1684665" version="2" timestamp="2020-02-26T21:23:26Z" changeset="81521753" uid="1728066" user="HeapSrc"/>
  <node id="5129865927" lat="38.7638698" lon="-9.1680012" version="2" timestamp="2024-01-30T23:03:44Z" changeset="146882542" uid="11152051" user="RazorWind"/>
  <node id="5138842928" lat="38.7669624" lon="-9.1663157" version="1" timestamp="2017-09-30T04:01:17Z" changeset="52499117" uid="350918" user="JPF_pt"/>
  <node id="5138842929" lat="38.7672796" lon="-9.1655101" version="1" timestamp="2017-09-30T04:01:17Z" changeset="52499117" uid="350918" user="JPF_pt"/>
  <node id="5138842930" lat="38.7663172" lon="-9.1673467" version="1" timestamp="2017-09-30T04:01:17Z" changeset="52499117" uid="350918" user="JPF_pt"/>
  <node id="5138842931" lat="38.7662473" lon="-9.1670199" version="1" timestamp="2017-09-30T04:01:17Z" changeset="52499117" uid="350918" user="JPF_pt"/>
  <node id="5201170253" lat="38.7647256" lon="-9.1682796" version="2" timestamp="2020-02-26T21:23:26Z" changeset="81521753" uid="1728066" user="HeapSrc"/>
  <node id="5201170254" lat="38.7650038" lon="-9.1677054" version="1" timestamp="2017-10-31T02:09:56Z" changeset="53382911" uid="2117094" user="rictum_satz"/>
  <node id="5201170255" lat="38.7657874" lon="-9.1675780" version="1" timestamp="2017-10-31T02:09:56Z" changeset="53382911" uid="2117094" user="rictum_satz"/>
  <node id="5201170256" lat="38.7658210" lon="-9.1676424" version="1" timestamp="2017-10-31T02:09:57Z" changeset="53382911" uid="2117094" user="rictum_satz"/>
  <node id="5201170262" lat="38.7649081" lon="-9.1668776" version="1" timestamp="2017-10-31T02:09:57Z" changeset="53382911" uid="2117094" user="rictum_satz"/>
  <node id="5201170263" lat="38.7647343" lon="-9.1668316" version="2" timestamp="2021-09-10T14:32:02Z" changeset="111027308" uid="14088894" user="KiKuX"/>
  <node id="5201170264" lat="38.7645668" lon="-9.1668737" version="1" timestamp="2017-10-31T02:09:57Z" changeset="53382911" uid="2117094" user="rictum_satz"/>
  <node id="5201170265" lat="38.7640021" lon="-9.1671834" version="2" timestamp="2024-01-30T23:03:44Z" changeset="146882542" uid="11152051" user="RazorWind"/>
  <node id="5201170266" lat="38.7640275" lon="-9.1669386" version="2" timestamp="2021-11-17T01:33:01Z" changeset="113876124" uid="1193685" user="DiogoBaptista98"/>
  <node id="5201170267" lat="38.7638501" lon="-9.1669554" version="2" timestamp="2021-11-17T01:33:01Z" changeset="113876124" uid="1193685" user="DiogoBaptista98"/>
  <node id="5201170268" lat="38.7652304" lon="-9.1670621" version="1" timestamp="2017-10-31T02:09:57Z" changeset="53382911" uid="2117094" user="rictum_satz"/>
  <node id="5201170269" lat="38.7650735" lon="-9.1669361" version="1" timestamp="2017-10-31T02:09:57Z" changeset="53382911" uid="2117094" user="rictum_satz"/>
  <node id="5201170270" lat="38.7649355" lon="-9.1668120" version="2" timestamp="2021-11-17T01:33:01Z" changeset="113876124" uid="1193685" user="DiogoBaptista98"/>
  <node id="5201170271" lat="38.7648571" lon="-9.1667557" version="2" timestamp="2021-11-17T01:33:01Z" changeset="113876124" uid="1193685" user="DiogoBaptista98"/>
  <node id="5201170272" lat="38.7647776" lon="-9.1667208" version="2" timestamp="2021-11-17T01:33:01Z" changeset="113876124" uid="1193685" user="DiogoBaptista98"/>
  <node id="5201170273" lat="38.7646704" lon="-9.1667121" version="2" timestamp="2021-11-17T01:33:01Z" changeset="113876124" uid="1193685" user="DiogoBaptista98"/>
  <node id="5201170274" lat="38.7645850" lon="-9.1667342" version="2" timestamp="2021-11-17T01:33:01Z" changeset="113876124" uid="1193685" user="DiogoBaptista98"/>
  <node id="5201170275" lat="38.7644699" lon="-9.1667980" version="2" timestamp="2021-11-17T01:33:01Z" changeset="113876124" uid="1193685" user="DiogoBaptista98"/>
  <node id="5201170276" lat="38.7642894" lon="-9.1668965" version="2" timestamp="2021-11-17T01:33:01Z" changeset="113876124" uid="1193685" user="DiogoBaptista98"/>
  <node id="5201170277" lat="38.7641472" lon="-9.1669753" version="2" timestamp="2021-11-17T01:33:01Z" changeset="113876124" uid="1193685" user="DiogoBaptista98"/>
  <node id="5201170278" lat="38.7640590" lon="-9.1670124" version="2" timestamp="2021-11-17T01:33:01Z" changeset="113876124" uid="1193685" user="DiogoBaptista98"/>
  <node id="5201170279" lat="38.7639533" lon="-9.1670293" version="2" timestamp="2021-11-17T01:33:01Z" changeset="113876124" uid="1193685" user="DiogoBaptista98"/>
  <node id="5201170280" lat="38.7638735" lon="-9.1670297" version="2" timestamp="2021-11-17T01:33:01Z" changeset="113876124" uid="1193685" user="DiogoBaptista98"/>
  <node id="5201170281" lat="38.7637723" lon="-9.1670435" version="2" timestamp="2021-11-17T01:33:01Z" changeset="113876124" uid="1193685" user="DiogoBaptista98"/>
  <node id="5201170282" lat="38.7636574" lon="-9.1670904" version="2" timestamp="2021-11-17T01:33:01Z" changeset="113876124" uid="1193685" user="DiogoBaptista98"/>
  <node id="5201170283" lat="38.7635695" lon="-9.1671555" version="2" timestamp="2021-11-17T01:33:01Z" changeset="113876124" uid="1193685" user="DiogoBaptista98"/>
  <node id="5201170284" lat="38.7634913" lon="-9.1672543" version="2" timestamp="2021-11-17T01:33:01Z" changeset="113876124" uid="1193685" user="DiogoBaptista98"/>
  <node id="5201170285" lat="38.7634421" lon="-9.1673478" version="2" timestamp="2021-11-17T01:33:01Z" changeset="113876124" uid="1193685" user="DiogoBaptista98"/>
  <node id="5201170286" lat="38.7634152" lon="-9.1674257" version="1" timestamp="2017-10-31T02:09:57Z" changeset="53382911" uid="2117094" user="rictum_satz"/>
  <node id="5201170287" lat="38.7633980" lon="-9.1675221" version="1" timestamp="2017-10-31T02:09:57Z" changeset="53382911" uid="2117094" user="rictum_satz"/>
  <node id="5201170288" lat="38.7633845" lon="-9.1676558" version="1" timestamp="2017-10-31T02:09:57Z" changeset="53382911" uid="2117094" user="rictum_satz"/>
  <node id="5201170289" lat="38.7633758" lon="-9.1679668" version="1" timestamp="2017-10-31T02:09:57Z" changeset="53382911" uid="2117094" user="rictum_satz"/>
  <node id="5201170290" lat="38.7633076" lon="-9.1705811" version="1" timestamp="2017-10-31T02:09:57Z" changeset="53382911" uid="2117094" user="rictum_satz"/>
  <node id="5201170291" lat="38.7633109" lon="-9.1706861" version="1" timestamp="2017-10-31T02:09:57Z" changeset="53382911" uid="2117094" user="rictum_satz"/>
  <node id="5201170292" lat="38.7633163" lon="-9.1707619" version="1" timestamp="2017-10-31T02:09:57Z" changeset="53382911" uid="2117094" user="rictum_satz"/>
  <node id="5201170293" lat="38.7633327" lon="-9.1707900" version="1" timestamp="2017-10-31T02:09:57Z" changeset="53382911" uid="2117094" user="rictum_satz"/>
  <node id="5201170294" lat="38.7633564" lon="-9.1708075" version="1" timestamp="2017-10-31T02:09:57Z" changeset="53382911" uid="2117094" user="rictum_satz"/>
  <node id="5201170295" lat="38.7634957" lon="-9.1708145" version="1" timestamp="2017-10-31T02:09:57Z" changeset="53382911" uid="2117094" user="rictum_satz"/>
  <node id="5201170296" lat="38.7637961" lon="-9.1708221" version="1" timestamp="2017-10-31T02:09:57Z" changeset="53382911" uid="2117094" user="rictum_satz"/>
  <node id="5201170297" lat="38.7638871" lon="-9.1708256" version="1" timestamp="2017-10-31T02:09:57Z" changeset="53382911" uid="2117094" user="rictum_satz"/>
  <node id="5201170298" lat="38.7638971" lon="-9.1708096" version="2" timestamp="2020-02-26T21:34:12Z" changeset="81522019" uid="1728066" user="HeapSrc"/>
  <node id="5201170299" lat="38.7638969" lon="-9.1707805" version="3" timestamp="2022-01-20T15:12:44Z" changeset="116389981" uid="14899633" user="Hoanui">
    <tag k="barrier" v="kerb"/>
    <tag k="kerb" v="lowered"/>
  </node>
  <node id="5201170300" lat="38.7641677" lon="-9.1709128" version="1" timestamp="2017-10-31T02:09:57Z" changeset="53382911" uid="2117094" user="rictum_satz"/>
  <node id="5201170301" lat="38.7643392" lon="-9.1708551" version="1" timestamp="2017-10-31T02:09:57Z" changeset="53382911" uid="2117094" user="rictum_satz"/>
  <node id="5201170302" lat="38.7646418" lon="-9.1705111" version="2" timestamp="2020-02-26T21:23:26Z" changeset="81521753" uid="1728066" user="HeapSrc"/>
  <node id="5201170303" lat="38.7645637" lon="-9.1704365" version="2" timestamp="2020-02-26T21:23:26Z" changeset="81521753" uid="1728066" user="HeapSrc"/>
  <node id="5201170304" lat="38.7645986" lon="-9.1704891" version="2" timestamp="2020-02-26T21:23:26Z" changeset="81521753" uid="1728066" user="HeapSrc"/>
  <node id="5201170305" lat="38.7653722" lon="-9.1703366" version="2" timestamp="2020-02-26T21:23:26Z" changeset="81521753" uid="1728066" user="HeapSrc"/>
  <node id="5201170306" lat="38.7654649" lon="-9.1703985" version="2" timestamp="2020-02-26T21:23:26Z" changeset="81521753" uid="1728066" user="HeapSrc"/>
  <node id="5201170307" lat="38.7652294" lon="-9.1704010" version="2" timestamp="2020-02-26T21:23:26Z" changeset="81521753" uid="1728066" user="HeapSrc"/>
  <node id="5201170308" lat="38.7645214" lon="-9.1704248" version="2" timestamp="2020-02-26T21:23:26Z" changeset="81521753" uid="1728066" user="HeapSrc"/>
  <node id="5201170309" lat="38.7645089" lon="-9.1703655" version="2" timestamp="2020-02-26T21:23:26Z" changeset="81521753" uid="1728066" user="HeapSrc"/>
  <node id="5201170310" lat="38.7644917" lon="-9.1702727" version="2" timestamp="2020-02-26T21:23:26Z" changeset="81521753" uid="1728066" user="HeapSrc"/>
  <node id="5201170311" lat="38.7644354" lon="-9.1699346" version="2" timestamp="2020-02-26T21:23:26Z" changeset="81521753" uid="1728066" user="HeapSrc"/>
  <node id="5201170312" lat="38.7643772" lon="-9.1696150" version="3" timestamp="2024-01-30T23:03:44Z" changeset="146882542" uid="11152051" user="RazorWind"/>
  <node id="5201170313" lat="38.7642327" lon="-9.1687763" version="2" timestamp="2020-02-26T21:23:26Z" changeset="81521753" uid="1728066" user="HeapSrc"/>
  <node id="5201170314" lat="38.7642099" lon="-9.1685277" version="2" timestamp="2020-02-26T21:23:26Z" changeset="81521753" uid="1728066" user="HeapSrc"/>
  <node id="5201170315" lat="38.7642185" lon="-9.1684884" version="2" timestamp="2020-02-26T21:23:26Z" changeset="81521753" uid="1728066" user="HeapSrc"/>
  <node id="5201170316" lat="38.7642426" lon="-9.1684531" version="2" timestamp="2020-02-26T21:23:26Z" changeset="81521753" uid="1728066" user="HeapSrc"/>
  <node id="5201170317" lat="38.7642614" lon="-9.1684227" version="2" timestamp="2020-02-26T21:23:26Z" changeset="81521753" uid="1728066" user="HeapSrc"/>
  <node id="5201170318" lat="38.7643813" lon="-9.1683700" version="2" timestamp="2020-02-26T21:23:26Z" changeset="81521753" uid="1728066" user="HeapSrc"/>
  <node id="5201170319" lat="38.7645856" lon="-9.1683190" version="2" timestamp="2020-02-26T21:23:26Z" changeset="81521753" uid="1728066" user="HeapSrc"/>
  <node id="5201170320" lat="38.7646447" lon="-9.1683023" version="2" timestamp="2020-02-26T21:23:26Z" changeset="81521753" uid="1728066" user="HeapSrc"/>
  <node id="5201172921" lat="38.7649020" lon="-9.1682326" version="2" timestamp="2020-02-26T21:23:26Z" changeset="81521753" uid="1728066" user="HeapSrc"/>
  <node id="5201172922" lat="38.7653154" lon="-9.1681042" version="3" timestamp="2023-04-16T19:15:36Z" changeset="134988779" uid="2761480" user="Antonio Amaral"/>
  <node id="5201172923" lat="38.7647130" lon="-9.1683194" version="2" timestamp="2020-02-26T21:23:26Z" changeset="81521753" uid="1728066" user="HeapSrc"/>
  <node id="5201172924" lat="38.7643090" lon="-9.1683948" version="2" timestamp="2020-02-26T21:23:26Z" changeset="81521753" uid="1728066" user="HeapSrc"/>
  <node id="5201172925" lat="38.7640923" lon="-9.1708353" version="1" timestamp="2017-10-31T02:09:58Z" changeset="53382911" uid="2117094" user="rictum_satz"/>
  <node id="5201172926" lat="38.7640302" lon="-9.1707114" version="1" timestamp="2017-10-31T02:09:58Z" changeset="53382911" uid="2117094" user="rictum_satz"/>
  <node id="5201172927" lat="38.7640067" lon="-9.1706123" version="1" timestamp="2017-10-31T02:09:58Z" changeset="53382911" uid="2117094" user="rictum_satz"/>
  <node id="5201172928" lat="38.7639628" lon="-9.1701314" version="2" timestamp="2024-01-30T23:03:44Z" changeset="146882542" uid="11152051" user="RazorWind"/>
  <node id="5201172929" lat="38.7639385" lon="-9.1697222" version="2" timestamp="2024-01-30T23:03:44Z" changeset="146882542" uid="11152051" user="RazorWind"/>
  <node id="5201172930" lat="38.7638977" lon="-9.1690041" version="2" timestamp="2024-01-30T23:03:44Z" changeset="146882542" uid="11152051" user="RazorWind"/>
  <node id="5201172931" lat="38.7638500" lon="-9.1681891" version="2" timestamp="2024-01-30T23:03:44Z" changeset="146882542" uid="11152051" user="RazorWind"/>
  <node id="5201172932" lat="38.7638490" lon="-9.1681466" version="2" timestamp="2024-01-30T23:03:44Z" changeset="146882542" uid="11152051" user="RazorWind"/>
  <node id="5201172933" lat="38.7638558" lon="-9.1681078" version="3" timestamp="2024-01-30T23:03:44Z" changeset="146882542" uid="11152051" user="RazorWind"/>
  <node id="5201172934" lat="38.7638690" lon="-9.1680789" version="3" timestamp="2024-01-30T23:03:44Z" changeset="146882542" uid="11152051" user="RazorWind"/>
  <node id="5201172935" lat="38.7638871" lon="-9.1680547" version="3" timestamp="2024-01-30T23:03:44Z" changeset="146882542" uid="11152051" user="RazorWind"/>
  <node id="5201172936" lat="38.7639037" lon="-9.1680396" version="2" timestamp="2020-02-26T21:23:26Z" changeset="81521753" uid="1728066" user="HeapSrc"/>
  <node id="5201172937" lat="38.7645787" lon="-9.1705465" version="2" timestamp="2020-02-26T21:23:26Z" changeset="81521753" uid="1728066" user="HeapSrc"/>
  <node id="5201172938" lat="38.7647322" lon="-9.1705571" version="2" timestamp="2020-02-26T21:23:26Z" changeset="81521753" uid="1728066" user="HeapSrc"/>
  <node id="5201172939" lat="38.7646367" lon="-9.1705717" version="2" timestamp="2020-02-26T21:23:26Z" changeset="81521753" uid="1728066" user="HeapSrc"/>
  <node id="5201172940" lat="38.7645325" lon="-9.1704726" version="2" timestamp="2020-02-26T21:23:26Z" changeset="81521753" uid="1728066" user="HeapSrc"/>
  <node id="5201172980" lat="38.7634363" lon="-9.1709481" version="2" timestamp="2022-02-09T00:44:11Z" changeset="117181264" uid="1193685" user="DiogoBaptista98"/>
  <node id="5201172982" lat="38.7635014" lon="-9.1709065" version="2" timestamp="2022-02-09T00:44:11Z" changeset="117181264" uid="1193685" user="DiogoBaptista98"/>
  <node id="5201172983" lat="38.7633715" lon="-9.1710410" version="2" timestamp="2022-02-09T00:44:11Z" changeset="117181264" uid="1193685" user="DiogoBaptista98"/>
  <node id="5201172984" lat="38.7632474" lon="-9.1702936" version="3" timestamp="2022-02-09T00:50:55Z" changeset="117181379" uid="1193685" user="DiogoBaptista98"/>
  <node id="5201172985" lat="38.7631610" lon="-9.1706336" version="2" timestamp="2022-02-09T00:44:11Z" changeset="117181264" uid="1193685" user="DiogoBaptista98"/>
  <node id="5201172986" lat="38.7632045" lon="-9.1692170" version="2" timestamp="2022-02-09T00:44:11Z" changeset="117181264" uid="1193685" user="DiogoBaptista98"/>
  <node id="5201172987" lat="38.7633102" lon="-9.1706658" version="1" timestamp="2017-10-31T02:09:59Z" changeset="53382911" uid="2117094" user="rictum_satz"/>
  <node id="5389859839" lat="38.7697688" lon="-9.1645491" version="2" timestamp="2026-04-08T08:44:25Z" changeset="181036708" uid="2644617" user="Jimiiee"/>
  <node id="5389859840" lat="38.7700847" lon="-9.1644872" version="2" timestamp="2026-04-08T08:44:25Z" changeset="181036708" uid="2644617" user="Jimiiee"/>
  <node id="5446364988" lat="38.7681709" lon="-9.1701389" version="7" timestamp="2024-10-20T14:06:07Z" changeset="158129950" uid="20972402" user="DanielAgos"/>
  <node id="5584337285" lat="38.7655968" lon="-9.1702259" version="15" timestamp="2026-05-09T05:47:56Z" changeset="182409420" uid="5800005" user="b-jazz">
    <tag k="description" v="Altitude: 133m; Proeminência: 44m; Dominância: 33,1%; Isolamento: 2,464Km; Dif. Abertura Topo.: 7°. 3589ª proem. de PT continental; 163ª Lisboa (distr.); 2ª Lisboa (conc.). 4317ª elevação entre os cumes c/ proem. &gt;= 40m."/>
    <tag k="ele" v="133"/>
    <tag k="isolation" v="2464"/>
    <tag k="name" v="Telheiras"/>
    <tag k="natural" v="peak"/>
    <tag k="source:pkey" v="37754"/>
  </node>
  <node id="6274474130" lat="38.7673666" lon="-9.1654575" version="1" timestamp="2019-02-12T15:10:53Z" changeset="67134719" uid="2820801" user="Reino Baptista"/>
  <node id="6386125085" lat="38.7677825" lon="-9.1696043" version="1" timestamp="2019-04-05T17:18:10Z" changeset="68930237" uid="9598915" user="FR_Fox"/>
  <node id="6386125086" lat="38.7678640" lon="-9.1693937" version="1" timestamp="2019-04-05T17:18:10Z" changeset="68930237" uid="9598915" user="FR_Fox"/>
  <node id="6386125087" lat="38.7674395" lon="-9.1690879" version="1" timestamp="2019-04-05T17:18:10Z" changeset="68930237" uid="9598915" user="FR_Fox"/>
  <node id="6386125088" lat="38.7673475" lon="-9.1692945" version="1" timestamp="2019-04-05T17:18:10Z" changeset="68930237" uid="9598915" user="FR_Fox"/>
  <node id="6386125089" lat="38.7677781" lon="-9.1701122" version="3" timestamp="2019-12-08T19:49:04Z" changeset="78117320" uid="380552" user="topolusitania"/>
  <node id="6386125090" lat="38.7675215" lon="-9.1701963" version="3" timestamp="2019-12-08T19:49:04Z" changeset="78117320" uid="380552" user="topolusitania"/>
  <node id="6386125091" lat="38.7674181" lon="-9.1696774" version="3" timestamp="2019-12-08T19:49:04Z" changeset="78117320" uid="380552" user="topolusitania"/>
  <node id="6386125092" lat="38.7676748" lon="-9.1695933" version="3" timestamp="2019-12-08T19:49:04Z" changeset="78117320" uid="380552" user="topolusitania"/>
  <node id="6386125093" lat="38.7664474" lon="-9.1707641" version="2" timestamp="2023-12-30T10:46:44Z" changeset="145691409" uid="20786629" user="iBattuta"/>
  <node id="6386125094" lat="38.7661652" lon="-9.1708538" version="2" timestamp="2023-12-30T10:46:44Z" changeset="145691409" uid="20786629" user="iBattuta"/>
  <node id="6386125095" lat="38.7661280" lon="-9.1706614" version="2" timestamp="2023-12-30T10:46:44Z" changeset="145691409" uid="20786629" user="iBattuta"/>
  <node id="6386125096" lat="38.7664101" lon="-9.1705716" version="2" timestamp="2023-12-30T10:46:44Z" changeset="145691409" uid="20786629" user="iBattuta"/>
  <node id="6386125097" lat="38.7661219" lon="-9.1708585" version="2" timestamp="2023-12-30T10:46:44Z" changeset="145691409" uid="20786629" user="iBattuta"/>
  <node id="6386125098" lat="38.7655682" lon="-9.1710059" version="2" timestamp="2023-12-30T10:46:44Z" changeset="145691409" uid="20786629" user="iBattuta"/>
  <node id="6386125099" lat="38.7655216" lon="-9.1707180" version="2" timestamp="2023-12-30T10:46:44Z" changeset="145691409" uid="20786629" user="iBattuta"/>
  <node id="6386125100" lat="38.7660753" lon="-9.1705707" version="2" timestamp="2023-12-30T10:46:44Z" changeset="145691409" uid="20786629" user="iBattuta"/>
  <node id="6388213617" lat="38.7654711" lon="-9.1709556" version="2" timestamp="2020-02-26T21:11:17Z" changeset="81521536" uid="1728066" user="HeapSrc"/>
  <node id="6388213618" lat="38.7647830" lon="-9.1711797" version="2" timestamp="2020-02-26T21:11:17Z" changeset="81521536" uid="1728066" user="HeapSrc"/>
  <node id="6388213619" lat="38.7647250" lon="-9.1707464" version="3" timestamp="2020-02-26T21:16:09Z" changeset="81521621" uid="1728066" user="HeapSrc"/>
  <node id="6388213620" lat="38.7649479" lon="-9.1706802" version="2" timestamp="2020-02-26T21:11:17Z" changeset="81521536" uid="1728066" user="HeapSrc"/>
  <node id="6388213621" lat="38.7653717" lon="-9.1704116" version="2" timestamp="2020-02-26T21:11:17Z" changeset="81521536" uid="1728066" user="HeapSrc"/>
  <node id="6388213622" lat="38.7649305" lon="-9.1705393" version="2" timestamp="2020-02-26T21:11:17Z" changeset="81521536" uid="1728066" user="HeapSrc"/>
  <node id="6388213627" lat="38.7681199" lon="-9.1703131" version="2" timestamp="2024-10-20T14:06:07Z" changeset="158129950" uid="20972402" user="DanielAgos"/>
  <node id="6388213628" lat="38.7681900" lon="-9.1701526" version="2" timestamp="2024-10-20T14:06:07Z" changeset="158129950" uid="20972402" user="DanielAgos"/>
  <node id="6388213629" lat="38.7680941" lon="-9.1700836" version="2" timestamp="2024-10-20T14:06:07Z" changeset="158129950" uid="20972402" user="DanielAgos"/>
  <node id="6388213630" lat="38.7680239" lon="-9.1702441" version="2" timestamp="2024-10-20T14:06:07Z" changeset="158129950" uid="20972402" user="DanielAgos"/>
  <node id="6388213631" lat="38.7660988" lon="-9.1704819" version="2" timestamp="2020-02-26T21:23:26Z" changeset="81521753" uid="1728066" user="HeapSrc"/>
  <node id="6388213632" lat="38.7660466" lon="-9.1701822" version="1" timestamp="2019-04-06T20:45:50Z" changeset="68961767" uid="9598915" user="FR_Fox"/>
  <node id="6388213633" lat="38.7666917" lon="-9.1700054" version="1" timestamp="2019-04-06T20:45:50Z" changeset="68961767" uid="9598915" user="FR_Fox"/>
  <node id="6388213634" lat="38.7669580" lon="-9.1702737" version="1" timestamp="2019-04-06T20:45:50Z" changeset="68961767" uid="9598915" user="FR_Fox"/>
  <node id="6388213635" lat="38.7657439" lon="-9.1702534" version="1" timestamp="2019-04-06T20:45:50Z" changeset="68961767" uid="9598915" user="FR_Fox"/>
  <node id="6388238536" lat="38.7668951" lon="-9.1708313" version="1" timestamp="2019-04-06T21:12:52Z" changeset="68962237" uid="9598915" user="FR_Fox"/>
  <node id="6388238537" lat="38.7667683" lon="-9.1707215" version="1" timestamp="2019-04-06T21:12:52Z" changeset="68962237" uid="9598915" user="FR_Fox"/>
  <node id="6388238538" lat="38.7668729" lon="-9.1705467" version="1" timestamp="2019-04-06T21:12:53Z" changeset="68962237" uid="9598915" user="FR_Fox"/>
  <node id="6388238539" lat="38.7666066" lon="-9.1702987" version="1" timestamp="2019-04-06T21:12:53Z" changeset="68962237" uid="9598915" user="FR_Fox"/>
  <node id="6388238540" lat="38.7661090" lon="-9.1704268" version="1" timestamp="2019-04-06T21:12:53Z" changeset="68962237" uid="9598915" user="FR_Fox"/>
  <node id="6388238541" lat="38.7660852" lon="-9.1702581" version="1" timestamp="2019-04-06T21:12:53Z" changeset="68962237" uid="9598915" user="FR_Fox"/>
  <node id="6388238542" lat="38.7666621" lon="-9.1700995" version="1" timestamp="2019-04-06T21:12:53Z" changeset="68962237" uid="9598915" user="FR_Fox"/>
  <node id="6388238543" lat="38.7669553" lon="-9.1703821" version="1" timestamp="2019-04-06T21:12:53Z" changeset="68962237" uid="9598915" user="FR_Fox"/>
  <node id="6388238544" lat="38.7669886" lon="-9.1703170" version="1" timestamp="2019-04-06T21:12:53Z" changeset="68962237" uid="9598915" user="FR_Fox"/>
  <node id="6388238545" lat="38.7671019" lon="-9.1704277" version="2" timestamp="2019-09-06T03:29:45Z" changeset="74155610" uid="1193685" user="DiogoBaptista98"/>
  <node id="6388353680" lat="38.7661953" lon="-9.1713565" version="3" timestamp="2023-12-30T10:46:44Z" changeset="145691409" uid="20786629" user="iBattuta"/>
  <node id="6388353681" lat="38.7661330" lon="-9.1709678" version="3" timestamp="2023-12-30T10:46:44Z" changeset="145691409" uid="20786629" user="iBattuta"/>
  <node id="6388353682" lat="38.7665127" lon="-9.1708672" version="2" timestamp="2023-12-30T10:46:44Z" changeset="145691409" uid="20786629" user="iBattuta"/>
  <node id="6388353683" lat="38.7666352" lon="-9.1707858" version="1" timestamp="2019-04-06T23:36:53Z" changeset="68964358" uid="9598915" user="FR_Fox"/>
  <node id="6388353684" lat="38.7654028" lon="-9.1711345" version="2" timestamp="2023-12-30T07:46:16Z" changeset="145686430" uid="20786629" user="iBattuta"/>
  <node id="6388357185" lat="38.7645781" lon="-9.1716155" version="2" timestamp="2019-09-06T03:10:07Z" changeset="74155340" uid="1193685" user="DiogoBaptista98"/>
  <node id="6388357186" lat="38.7648074" lon="-9.1713651" version="1" timestamp="2019-04-06T23:36:54Z" changeset="68964358" uid="9598915" user="FR_Fox"/>
  <node id="6388357187" lat="38.7653510" lon="-9.1712391" version="1" timestamp="2019-04-06T23:36:54Z" changeset="68964358" uid="9598915" user="FR_Fox"/>
  <node id="6388357188" lat="38.7645252" lon="-9.1709952" version="1" timestamp="2019-04-06T23:36:54Z" changeset="68964358" uid="9598915" user="FR_Fox"/>
  <node id="6433474985" lat="38.7634551" lon="-9.1727437" version="1" timestamp="2019-04-28T04:22:08Z" changeset="69654145" uid="1193685" user="DiogoBaptista98"/>
  <node id="6433474986" lat="38.7635238" lon="-9.1731240" version="1" timestamp="2019-04-28T04:22:08Z" changeset="69654145" uid="1193685" user="DiogoBaptista98"/>
  <node id="6433474987" lat="38.7637791" lon="-9.1731531" version="1" timestamp="2019-04-28T04:22:08Z" changeset="69654145" uid="1193685" user="DiogoBaptista98"/>
  <node id="6433474988" lat="38.7637111" lon="-9.1727736" version="1" timestamp="2019-04-28T04:22:08Z" changeset="69654145" uid="1193685" user="DiogoBaptista98"/>
  <node id="6433474989" lat="38.7637701" lon="-9.1731030" version="1" timestamp="2019-04-28T04:22:08Z" changeset="69654145" uid="1193685" user="DiogoBaptista98"/>
  <node id="6433474990" lat="38.7637479" lon="-9.1729790" version="1" timestamp="2019-04-28T04:22:08Z" changeset="69654145" uid="1193685" user="DiogoBaptista98"/>
  <node id="6433474991" lat="38.7637424" lon="-9.1729482" version="1" timestamp="2019-04-28T04:22:08Z" changeset="69654145" uid="1193685" user="DiogoBaptista98"/>
  <node id="6433474992" lat="38.7637201" lon="-9.1728238" version="1" timestamp="2019-04-28T04:22:08Z" changeset="69654145" uid="1193685" user="DiogoBaptista98"/>
  <node id="6433474993" lat="38.7635150" lon="-9.1730757" version="1" timestamp="2019-04-28T04:22:08Z" changeset="69654145" uid="1193685" user="DiogoBaptista98"/>
  <node id="6433474994" lat="38.7634928" lon="-9.1729525" version="1" timestamp="2019-04-28T04:22:08Z" changeset="69654145" uid="1193685" user="DiogoBaptista98"/>
  <node id="6433474995" lat="38.7634870" lon="-9.1729202" version="1" timestamp="2019-04-28T04:22:08Z" changeset="69654145" uid="1193685" user="DiogoBaptista98"/>
  <node id="6433474996" lat="38.7634645" lon="-9.1727955" version="1" timestamp="2019-04-28T04:22:08Z" changeset="69654145" uid="1193685" user="DiogoBaptista98"/>
  <node id="6433474998" lat="38.7636776" lon="-9.1731416" version="1" timestamp="2019-04-28T04:22:08Z" changeset="69654145" uid="1193685" user="DiogoBaptista98"/>
  <node id="6433474999" lat="38.7637068" lon="-9.1731449" version="1" timestamp="2019-04-28T04:22:09Z" changeset="69654145" uid="1193685" user="DiogoBaptista98"/>
  <node id="6433475003" lat="38.7635291" lon="-9.1727524" version="1" timestamp="2019-04-28T04:22:09Z" changeset="69654145" uid="1193685" user="DiogoBaptista98"/>
  <node id="6433475004" lat="38.7636274" lon="-9.1727638" version="1" timestamp="2019-04-28T04:22:09Z" changeset="69654145" uid="1193685" user="DiogoBaptista98"/>
  <node id="6775924167" lat="38.7629140" lon="-9.1709593" version="2" timestamp="2022-02-09T00:44:11Z" changeset="117181264" uid="1193685" user="DiogoBaptista98"/>
  <node id="6775924171" lat="38.7629348" lon="-9.1709884" version="1" timestamp="2019-09-06T03:10:07Z" changeset="74155340" uid="1193685" user="DiogoBaptista98">
    <tag k="crossing" v="marked"/>
    <tag k="highway" v="crossing"/>
  </node>
  <node id="6775924172" lat="38.7628977" lon="-9.1710331" version="1" timestamp="2019-09-06T03:10:07Z" changeset="74155340" uid="1193685" user="DiogoBaptista98"/>
  <node id="6776020768" lat="38.7606470" lon="-9.1680891" version="3" timestamp="2024-03-25T18:07:51Z" changeset="149143482" uid="17836696" user="Rodvil">
    <tag k="crossing" v="marked"/>
    <tag k="crossing:island" v="no"/>
    <tag k="highway" v="crossing"/>
    <tag k="tactile_paving" v="no"/>
  </node>
  <node id="6776021380" lat="38.7641798" lon="-9.1711110" version="1" timestamp="2019-09-06T03:22:17Z" changeset="74155503" uid="1193685" user="DiogoBaptista98">
    <tag k="bus" v="yes"/>
    <tag k="name" v="Rua Professor Queiroz Veloso"/>
    <tag k="network" v="Carris"/>
    <tag k="operator" v="Carris"/>
    <tag k="public_transport" v="stop_position"/>
  </node>
  <node id="6776021381" lat="38.7642336" lon="-9.1710478" version="3" timestamp="2022-01-20T15:14:31Z" changeset="116390090" uid="14899633" user="Hoanui">
    <tag k="bench" v="no"/>
    <tag k="bin" v="yes"/>
    <tag k="bus" v="yes"/>
    <tag k="departures_board" v="timetable"/>
    <tag k="highway" v="bus_stop"/>
    <tag k="lit" v="yes"/>
    <tag k="name" v="Rua Professor Queiroz Veloso"/>
    <tag k="network" v="Carris"/>
    <tag k="operator" v="Carris"/>
    <tag k="public_transport" v="platform"/>
    <tag k="shelter" v="no"/>
  </node>
  <node id="6776031555" lat="38.7681774" lon="-9.1680647" version="3" timestamp="2024-11-02T14:08:25Z" changeset="158660349" uid="16603393" user="Dilxe">
    <tag k="bench" v="yes"/>
    <tag k="bus" v="yes"/>
    <tag k="departures_board" v="timetable"/>
    <tag k="highway" v="bus_stop"/>
    <tag k="name" v="Alto da Faia"/>
    <tag k="network" v="Carris"/>
    <tag k="network:wikidata" v="Q1045108"/>
    <tag k="operator" v="Carris"/>
    <tag k="operator:wikidata" v="Q1045108"/>
    <tag k="public_transport" v="platform"/>
    <tag k="route_ref" v="43B"/>
    <tag k="shelter" v="yes"/>
    <tag k="short_name" v="Alto Faia"/>
  </node>
  <node id="6776031556" lat="38.7681493" lon="-9.1681267" version="2" timestamp="2020-12-06T06:14:50Z" changeset="95355775" uid="1193685" user="DiogoBaptista98">
    <tag k="bus" v="yes"/>
    <tag k="name" v="Alto da Faia"/>
    <tag k="network" v="Carris"/>
    <tag k="operator" v="Carris"/>
    <tag k="public_transport" v="stop_position"/>
    <tag k="short_name" v="Alto Faia"/>
  </node>
  <node id="6776035889" lat="38.7632462" lon="-9.1714886" version="1" timestamp="2019-09-06T03:10:07Z" changeset="74155340" uid="1193685" user="DiogoBaptista98"/>
  <node id="6776035890" lat="38.7636036" lon="-9.1719583" version="1" timestamp="2019-09-06T03:10:07Z" changeset="74155340" uid="1193685" user="DiogoBaptista98"/>
  <node id="6776035891" lat="38.7638365" lon="-9.1722655" version="1" timestamp="2019-09-06T03:10:07Z" changeset="74155340" uid="1193685" user="DiogoBaptista98"/>
  <node id="6776035892" lat="38.7638786" lon="-9.1723180" version="1" timestamp="2019-09-06T03:10:07Z" changeset="74155340" uid="1193685" user="DiogoBaptista98"/>
  <node id="6776035893" lat="38.7639118" lon="-9.1723485" version="1" timestamp="2019-09-06T03:10:07Z" changeset="74155340" uid="1193685" user="DiogoBaptista98"/>
  <node id="6776035894" lat="38.7639560" lon="-9.1723776" version="1" timestamp="2019-09-06T03:10:07Z" changeset="74155340" uid="1193685" user="DiogoBaptista98"/>
  <node id="6776035895" lat="38.7639937" lon="-9.1723960" version="1" timestamp="2019-09-06T03:10:07Z" changeset="74155340" uid="1193685" user="DiogoBaptista98"/>
  <node id="6776035896" lat="38.7640385" lon="-9.1724138" version="1" timestamp="2019-09-06T03:10:07Z" changeset="74155340" uid="1193685" user="DiogoBaptista98"/>
  <node id="6776035897" lat="38.7640883" lon="-9.1724251" version="1" timestamp="2019-09-06T03:10:07Z" changeset="74155340" uid="1193685" user="DiogoBaptista98"/>
  <node id="6776035898" lat="38.7641414" lon="-9.1724251" version="1" timestamp="2019-09-06T03:10:07Z" changeset="74155340" uid="1193685" user="DiogoBaptista98"/>
  <node id="6776035899" lat="38.7641901" lon="-9.1724194" version="1" timestamp="2019-09-06T03:10:07Z" changeset="74155340" uid="1193685" user="DiogoBaptista98"/>
  <node id="6776035900" lat="38.7642432" lon="-9.1724038" version="1" timestamp="2019-09-06T03:10:07Z" changeset="74155340" uid="1193685" user="DiogoBaptista98"/>
  <node id="6776035901" lat="38.7643013" lon="-9.1723790" version="1" timestamp="2019-09-06T03:10:07Z" changeset="74155340" uid="1193685" user="DiogoBaptista98"/>
  <node id="6776035902" lat="38.7643483" lon="-9.1723464" version="1" timestamp="2019-09-06T03:10:07Z" changeset="74155340" uid="1193685" user="DiogoBaptista98"/>
  <node id="6776035903" lat="38.7643931" lon="-9.1723031" version="1" timestamp="2019-09-06T03:10:07Z" changeset="74155340" uid="1193685" user="DiogoBaptista98"/>
  <node id="6776035904" lat="38.7644285" lon="-9.1722612" version="1" timestamp="2019-09-06T03:10:07Z" changeset="74155340" uid="1193685" user="DiogoBaptista98"/>
  <node id="6776035905" lat="38.7645120" lon="-9.1721576" version="1" timestamp="2019-09-06T03:10:07Z" changeset="74155340" uid="1193685" user="DiogoBaptista98"/>
  <node id="6776035906" lat="38.7646448" lon="-9.1719930" version="1" timestamp="2019-09-06T03:10:07Z" changeset="74155340" uid="1193685" user="DiogoBaptista98"/>
  <node id="6776035907" lat="38.7646570" lon="-9.1719817" version="1" timestamp="2019-09-06T03:10:07Z" changeset="74155340" uid="1193685" user="DiogoBaptista98"/>
  <node id="6776035908" lat="38.7646697" lon="-9.1719767" version="1" timestamp="2019-09-06T03:10:07Z" changeset="74155340" uid="1193685" user="DiogoBaptista98"/>
  <node id="6776035909" lat="38.7646874" lon="-9.1719732" version="1" timestamp="2019-09-06T03:10:07Z" changeset="74155340" uid="1193685" user="DiogoBaptista98"/>
  <node id="6776035910" lat="38.7646144" lon="-9.1718674" version="1" timestamp="2019-09-06T03:10:07Z" changeset="74155340" uid="1193685" user="DiogoBaptista98"/>
  <node id="6776035911" lat="38.7646189" lon="-9.1719456" version="1" timestamp="2019-09-06T03:10:07Z" changeset="74155340" uid="1193685" user="DiogoBaptista98"/>
  <node id="6776035912" lat="38.7646493" lon="-9.1719180" version="2" timestamp="2024-01-30T23:03:44Z" changeset="146882542" uid="11152051" user="RazorWind">
    <tag k="crossing" v="marked"/>
    <tag k="crossing:markings" v="yes"/>
    <tag k="highway" v="crossing"/>
  </node>
  <node id="6776035913" lat="38.7637941" lon="-9.1722100" version="1" timestamp="2019-09-06T03:10:07Z" changeset="74155340" uid="1193685" user="DiogoBaptista98"/>
  <node id="6776035914" lat="38.7635642" lon="-9.1721146" version="2" timestamp="2022-02-09T00:44:11Z" changeset="117181264" uid="1193685" user="DiogoBaptista98"/>
  <node id="6776035915" lat="38.7635937" lon="-9.1721903" version="1" timestamp="2019-09-06T03:10:07Z" changeset="74155340" uid="1193685" user="DiogoBaptista98"/>
  <node id="6776035916" lat="38.7636313" lon="-9.1722570" version="1" timestamp="2019-09-06T03:10:07Z" changeset="74155340" uid="1193685" user="DiogoBaptista98"/>
  <node id="6776035917" lat="38.7636584" lon="-9.1722995" version="1" timestamp="2019-09-06T03:10:07Z" changeset="74155340" uid="1193685" user="DiogoBaptista98"/>
  <node id="6776035918" lat="38.7633895" lon="-9.1725464" version="1" timestamp="2019-09-06T03:10:07Z" changeset="74155340" uid="1193685" user="DiogoBaptista98"/>
  <node id="6776035919" lat="38.7635168" lon="-9.1723847" version="1" timestamp="2019-09-06T03:10:07Z" changeset="74155340" uid="1193685" user="DiogoBaptista98"/>
  <node id="6776035920" lat="38.7635278" lon="-9.1724500" version="1" timestamp="2019-09-06T03:10:07Z" changeset="74155340" uid="1193685" user="DiogoBaptista98"/>
  <node id="6776035921" lat="38.7636147" lon="-9.1724280" version="1" timestamp="2019-09-06T03:10:07Z" changeset="74155340" uid="1193685" user="DiogoBaptista98"/>
  <node id="6776035922" lat="38.7636053" lon="-9.1723719" version="1" timestamp="2019-09-06T03:10:07Z" changeset="74155340" uid="1193685" user="DiogoBaptista98"/>
  <node id="6776035923" lat="38.7636338" lon="-9.1723331" version="1" timestamp="2019-09-06T03:10:07Z" changeset="74155340" uid="1193685" user="DiogoBaptista98">
    <tag k="crossing" v="marked"/>
    <tag k="highway" v="crossing"/>
  </node>
  <node id="6776042639" lat="38.7679576" lon="-9.1698047" version="2" timestamp="2020-12-06T04:44:34Z" changeset="95354686" uid="1193685" user="DiogoBaptista98">
    <tag k="bench" v="yes"/>
    <tag k="bus" v="yes"/>
    <tag k="departures_board" v="timetable"/>
    <tag k="highway" v="bus_stop"/>
    <tag k="name" v="Rua Frederico George"/>
    <tag k="network" v="Carris"/>
    <tag k="operator" v="Carris"/>
    <tag k="public_transport" v="platform"/>
    <tag k="route_ref" v="44B;778"/>
    <tag k="shelter" v="yes"/>
  </node>
  <node id="6776042640" lat="38.7680469" lon="-9.1698661" version="2" timestamp="2022-11-15T22:44:13Z" changeset="128962263" uid="1193685" user="DiogoBaptista98">
    <tag k="bus" v="yes"/>
    <tag k="name" v="Rua Frederico George"/>
    <tag k="network" v="Carris"/>
    <tag k="operator" v="Carris"/>
    <tag k="public_transport" v="stop_position"/>
  </node>
  <node id="6776042641" lat="38.7679986" lon="-9.1677985" version="2" timestamp="2022-10-09T08:18:55Z" changeset="127235318" uid="17329951" user="josejade">
    <tag k="amenity" v="recycling"/>
    <tag k="recycling:glass_bottles" v="yes"/>
    <tag k="recycling_type" v="container"/>
  </node>
  <node id="6776042643" lat="38.7679782" lon="-9.1678454" version="2" timestamp="2023-07-01T11:05:29Z" changeset="137987964" uid="19736714" user="tomasrm22">
    <tag k="emergency" v="fire_hydrant"/>
    <tag k="fire_hydrant:position" v="sidewalk"/>
    <tag k="fire_hydrant:type" v="pillar"/>
    <tag k="water_source" v="main"/>
  </node>
  <node id="6776046494" lat="38.7654651" lon="-9.1716309" version="1" timestamp="2019-09-06T03:25:44Z" changeset="74155551" uid="1193685" user="DiogoBaptista98"/>
  <node id="6776046495" lat="38.7652150" lon="-9.1717056" version="1" timestamp="2019-09-06T03:25:44Z" changeset="74155551" uid="1193685" user="DiogoBaptista98">
    <tag k="bus" v="yes"/>
    <tag k="name" v="Alto da Faia Sul"/>
    <tag k="network" v="Carris"/>
    <tag k="operator" v="Carris"/>
    <tag k="public_transport" v="stop_position"/>
  </node>
  <node id="6776046496" lat="38.7652637" lon="-9.1718076" version="1" timestamp="2019-09-06T03:25:44Z" changeset="74155551" uid="1193685" user="DiogoBaptista98">
    <tag k="bench" v="yes"/>
    <tag k="bin" v="no"/>
    <tag k="bus" v="yes"/>
    <tag k="departures_board" v="timetable"/>
    <tag k="highway" v="bus_stop"/>
    <tag k="name" v="Alto da Faia Sul"/>
    <tag k="network" v="Carris"/>
    <tag k="operator" v="Carris"/>
    <tag k="public_transport" v="platform"/>
    <tag k="shelter" v="yes"/>
  </node>
  <node id="6776046497" lat="38.7652087" lon="-9.1716631" version="1" timestamp="2019-09-06T03:25:44Z" changeset="74155551" uid="1193685" user="DiogoBaptista98">
    <tag k="bench" v="no"/>
    <tag k="bin" v="yes"/>
    <tag k="bus" v="yes"/>
    <tag k="departures_board" v="timetable"/>
    <tag k="highway" v="bus_stop"/>
    <tag k="name" v="Alto da Faia Sul"/>
    <tag k="network" v="Carris"/>
    <tag k="operator" v="Carris"/>
    <tag k="public_transport" v="platform"/>
    <tag k="shelter" v="no"/>
  </node>
  <node id="6776046498" lat="38.7652451" lon="-9.1716966" version="1" timestamp="2019-09-06T03:25:44Z" changeset="74155551" uid="1193685" user="DiogoBaptista98">
    <tag k="bus" v="yes"/>
    <tag k="name" v="Alto da Faia Sul"/>
    <tag k="network" v="Carris"/>
    <tag k="operator" v="Carris"/>
    <tag k="public_transport" v="stop_position"/>
  </node>
  <node id="6776050955" lat="38.7667737" lon="-9.1711813" version="1" timestamp="2019-09-06T03:29:45Z" changeset="74155610" uid="1193685" user="DiogoBaptista98"/>
  <node id="6776050956" lat="38.7668069" lon="-9.1711374" version="1" timestamp="2019-09-06T03:29:45Z" changeset="74155610" uid="1193685" user="DiogoBaptista98"/>
  <node id="6776050957" lat="38.7669003" lon="-9.1709676" version="1" timestamp="2019-09-06T03:29:45Z" changeset="74155610" uid="1193685" user="DiogoBaptista98">
    <tag k="bus" v="yes"/>
    <tag k="name" v="Rua Professor Prado Coelho"/>
    <tag k="network" v="Carris"/>
    <tag k="operator" v="Carris"/>
    <tag k="public_transport" v="stop_position"/>
  </node>
  <node id="6776050958" lat="38.7670251" lon="-9.1706161" version="1" timestamp="2019-09-06T03:29:45Z" changeset="74155610" uid="1193685" user="DiogoBaptista98">
    <tag k="bench" v="yes"/>
    <tag k="bin" v="yes"/>
    <tag k="bus" v="yes"/>
    <tag k="departures_board" v="timetable"/>
    <tag k="highway" v="bus_stop"/>
    <tag k="name" v="Rua Professor Prado Coelho"/>
    <tag k="network" v="Carris"/>
    <tag k="operator" v="Carris"/>
    <tag k="public_transport" v="platform"/>
    <tag k="shelter" v="yes"/>
  </node>
  <node id="6776050959" lat="38.7670723" lon="-9.1706583" version="1" timestamp="2019-09-06T03:29:45Z" changeset="74155610" uid="1193685" user="DiogoBaptista98">
    <tag k="bus" v="yes"/>
    <tag k="name" v="Rua Professor Prado Coelho"/>
    <tag k="network" v="Carris"/>
    <tag k="operator" v="Carris"/>
    <tag k="public_transport" v="stop_position"/>
  </node>
  <node id="6776063312" lat="38.7690928" lon="-9.1687155" version="1" timestamp="2019-09-06T03:50:05Z" changeset="74155857" uid="1193685" user="DiogoBaptista98"/>
  <node id="6776063313" lat="38.7690170" lon="-9.1688757" version="1" timestamp="2019-09-06T03:50:05Z" changeset="74155857" uid="1193685" user="DiogoBaptista98"/>
  <node id="6776063314" lat="38.7694949" lon="-9.1692192" version="2" timestamp="2026-04-09T12:17:25Z" changeset="181094495" uid="2644617" user="Jimiiee"/>
  <node id="6776063315" lat="38.7695775" lon="-9.1690682" version="1" timestamp="2019-09-06T03:50:05Z" changeset="74155857" uid="1193685" user="DiogoBaptista98"/>
  <node id="7042299190" lat="38.7683053" lon="-9.1661173" version="2" timestamp="2026-04-08T08:44:25Z" changeset="181036708" uid="2644617" user="Jimiiee"/>
  <node id="7042299191" lat="38.7659169" lon="-9.1676552" version="2" timestamp="2020-09-13T03:15:58Z" changeset="90808871" uid="1193685" user="DiogoBaptista98"/>
  <node id="7042299192" lat="38.7690066" lon="-9.1661454" version="2" timestamp="2022-11-15T22:44:13Z" changeset="128962263" uid="1193685" user="DiogoBaptista98"/>
  <node id="7042299193" lat="38.7686287" lon="-9.1663510" version="2" timestamp="2026-04-08T08:44:25Z" changeset="181036708" uid="2644617" user="Jimiiee"/>
  <node id="7042299195" lat="38.7689766" lon="-9.1660505" version="2" timestamp="2022-11-15T22:44:13Z" changeset="128962263" uid="1193685" user="DiogoBaptista98"/>
  <node id="7042299196" lat="38.7684129" lon="-9.1658510" version="2" timestamp="2026-04-08T08:44:25Z" changeset="181036708" uid="2644617" user="Jimiiee"/>
  <node id="7042299197" lat="38.7658384" lon="-9.1674746" version="4" timestamp="2022-10-09T08:19:15Z" changeset="127235311" uid="17329951" user="josejade">
    <tag k="crossing" v="marked"/>
    <tag k="highway" v="crossing"/>
    <tag k="tactile_paving" v="no"/>
  </node>
  <node id="7056279793" lat="38.7618290" lon="-9.1685752" version="2" timestamp="2021-06-03T19:21:23Z" changeset="105797145" uid="2117094" user="rictum_satz">
    <tag k="crossing" v="marked"/>
    <tag k="highway" v="crossing"/>
  </node>
  <node id="7246151080" lat="38.7654013" lon="-9.1709743" version="1" timestamp="2020-02-26T21:25:45Z" changeset="81521797" uid="1728066" user="HeapSrc"/>
  <node id="7246151081" lat="38.7653586" lon="-9.1707241" version="1" timestamp="2020-02-26T21:25:45Z" changeset="81521797" uid="1728066" user="HeapSrc"/>
  <node id="7246151082" lat="38.7649386" lon="-9.1708419" version="1" timestamp="2020-02-26T21:25:45Z" changeset="81521797" uid="1728066" user="HeapSrc"/>
  <node id="7246151083" lat="38.7649813" lon="-9.1710922" version="1" timestamp="2020-02-26T21:25:45Z" changeset="81521797" uid="1728066" user="HeapSrc"/>
  <node id="7246174240" lat="38.7649134" lon="-9.1706808" version="1" timestamp="2020-02-26T21:14:00Z" changeset="81521587" uid="1728066" user="HeapSrc"/>
  <node id="7246174241" lat="38.7648840" lon="-9.1705194" version="1" timestamp="2020-02-26T21:14:00Z" changeset="81521587" uid="1728066" user="HeapSrc"/>
  <node id="7246174242" lat="38.7646471" lon="-9.1705905" version="1" timestamp="2020-02-26T21:14:00Z" changeset="81521587" uid="1728066" user="HeapSrc"/>
  <node id="7246174243" lat="38.7646571" lon="-9.1706458" version="1" timestamp="2020-02-26T21:14:00Z" changeset="81521587" uid="1728066" user="HeapSrc"/>
  <node id="7246174244" lat="38.7645832" lon="-9.1706680" version="1" timestamp="2020-02-26T21:14:00Z" changeset="81521587" uid="1728066" user="HeapSrc"/>
  <node id="7246174245" lat="38.7646162" lon="-9.1708492" version="1" timestamp="2020-02-26T21:14:00Z" changeset="81521587" uid="1728066" user="HeapSrc"/>
  <node id="7246174246" lat="38.7647267" lon="-9.1708181" version="2" timestamp="2020-02-26T21:16:09Z" changeset="81521621" uid="1728066" user="HeapSrc"/>
  <node id="7246174247" lat="38.7647155" lon="-9.1707404" version="2" timestamp="2020-02-26T21:16:09Z" changeset="81521621" uid="1728066" user="HeapSrc"/>
  <node id="7246184932" lat="38.7646910" lon="-9.1705696" version="1" timestamp="2020-02-26T21:23:26Z" changeset="81521753" uid="1728066" user="HeapSrc"/>
  <node id="7246184933" lat="38.7649353" lon="-9.1704921" version="1" timestamp="2020-02-26T21:23:26Z" changeset="81521753" uid="1728066" user="HeapSrc"/>
  <node id="7246184934" lat="38.7650402" lon="-9.1704579" version="1" timestamp="2020-02-26T21:23:26Z" changeset="81521753" uid="1728066" user="HeapSrc"/>
  <node id="7246184935" lat="38.7643052" lon="-9.1691991" version="1" timestamp="2020-02-26T21:23:26Z" changeset="81521753" uid="1728066" user="HeapSrc"/>
  <node id="7246184936" lat="38.7658091" lon="-9.1705631" version="1" timestamp="2020-02-26T21:23:26Z" changeset="81521753" uid="1728066" user="HeapSrc"/>
  <node id="7246184937" lat="38.7663749" lon="-9.1704482" version="1" timestamp="2020-02-26T21:23:26Z" changeset="81521753" uid="1728066" user="HeapSrc"/>
  <node id="7246184939" lat="38.7642537" lon="-9.1686859" version="2" timestamp="2024-01-30T23:03:44Z" changeset="146882542" uid="11152051" user="RazorWind"/>
  <node id="7246184940" lat="38.7642517" lon="-9.1685016" version="1" timestamp="2020-02-26T21:23:26Z" changeset="81521753" uid="1728066" user="HeapSrc"/>
  <node id="7246184941" lat="38.7642390" lon="-9.1685777" version="1" timestamp="2020-02-26T21:23:26Z" changeset="81521753" uid="1728066" user="HeapSrc"/>
  <node id="7246206828" lat="38.7638835" lon="-9.1709393" version="1" timestamp="2020-02-26T21:34:12Z" changeset="81522019" uid="1728066" user="HeapSrc"/>
  <node id="7246206829" lat="38.7638870" lon="-9.1708950" version="3" timestamp="2022-02-09T00:44:11Z" changeset="117181264" uid="1193685" user="DiogoBaptista98">
    <tag k="crossing" v="marked"/>
    <tag k="crossing:island" v="no"/>
    <tag k="highway" v="crossing"/>
  </node>
  <node id="7246206830" lat="38.7638968" lon="-9.1706655" version="1" timestamp="2020-02-26T21:34:12Z" changeset="81522019" uid="1728066" user="HeapSrc"/>
  <node id="7246206831" lat="38.7638968" lon="-9.1706902" version="1" timestamp="2020-02-26T21:34:12Z" changeset="81522019" uid="1728066" user="HeapSrc">
    <tag k="crossing" v="marked"/>
    <tag k="highway" v="crossing"/>
  </node>
  <node id="7246206832" lat="38.7639855" lon="-9.1705739" version="2" timestamp="2024-01-30T23:03:44Z" changeset="146882542" uid="11152051" user="RazorWind"/>
  <node id="7246206833" lat="38.7638999" lon="-9.1705769" version="1" timestamp="2020-02-26T21:34:12Z" changeset="81522019" uid="1728066" user="HeapSrc"/>
  <node id="7246206834" lat="38.7639384" lon="-9.1705766" version="2" timestamp="2024-01-30T23:03:44Z" changeset="146882542" uid="11152051" user="RazorWind">
    <tag k="crossing" v="marked"/>
    <tag k="crossing:markings" v="yes"/>
    <tag k="highway" v="crossing"/>
  </node>
  <node id="7246206835" lat="38.7632375" lon="-9.1706918" version="9" timestamp="2024-11-27T14:25:06Z" changeset="159662604" uid="102819" user="adaptive">
    <tag k="button_operated" v="no"/>
    <tag k="crossing" v="traffic_signals"/>
    <tag k="highway" v="traffic_signals"/>
    <tag k="tactile_paving" v="no"/>
    <tag k="traffic_signals:sound" v="no"/>
  </node>
  <node id="7246206837" lat="38.7633149" lon="-9.1707422" version="1" timestamp="2020-02-26T21:34:12Z" changeset="81522019" uid="1728066" user="HeapSrc"/>
  <node id="7246206838" lat="38.7631290" lon="-9.1708176" version="2" timestamp="2022-02-09T00:44:11Z" changeset="117181264" uid="1193685" user="DiogoBaptista98">
    <tag k="crossing" v="traffic_signals"/>
    <tag k="highway" v="crossing"/>
  </node>
  <node id="7701768285" lat="38.7686310" lon="-9.1688553" version="3" timestamp="2024-03-21T12:39:57Z" changeset="148961326" uid="19736714" user="tomasrm22">
    <tag k="amenity" v="cafe"/>
    <tag k="indoor_seating" v="yes"/>
    <tag k="name" v="Alto da Faia"/>
    <tag k="outdoor_seating" v="yes"/>
  </node>
  <node id="7734944664" lat="38.7621850" lon="-9.1669665" version="4" timestamp="2021-11-17T01:33:01Z" changeset="113876124" uid="1193685" user="DiogoBaptista98"/>
  <node id="7861735891" lat="38.7630590" lon="-9.1687573" version="1" timestamp="2020-08-31T13:09:40Z" changeset="90194126" uid="8747636" user="Pedro Guerra"/>
  <node id="7861735898" lat="38.7636373" lon="-9.1708862" version="3" timestamp="2022-02-09T00:44:11Z" changeset="117181264" uid="1193685" user="DiogoBaptista98"/>
  <node id="7861735899" lat="38.7636213" lon="-9.1712206" version="2" timestamp="2020-10-20T09:45:37Z" changeset="92757666" uid="10555629" user="N_C_C"/>
  <node id="7861735900" lat="38.7638597" lon="-9.1712310" version="2" timestamp="2020-10-20T09:45:37Z" changeset="92757666" uid="10555629" user="N_C_C"/>
  <node id="7861735901" lat="38.7642232" lon="-9.1717122" version="2" timestamp="2020-10-20T09:45:37Z" changeset="92757666" uid="10555629" user="N_C_C"/>
  <node id="7861735902" lat="38.7639815" lon="-9.1720909" version="2" timestamp="2020-10-20T09:45:37Z" changeset="92757666" uid="10555629" user="N_C_C"/>
  <node id="7861735903" lat="38.7640834" lon="-9.1722197" version="2" timestamp="2020-10-20T09:45:37Z" changeset="92757666" uid="10555629" user="N_C_C"/>
  <node id="7861735904" lat="38.7644636" lon="-9.1718345" version="2" timestamp="2020-10-20T09:45:37Z" changeset="92757666" uid="10555629" user="N_C_C"/>
  <node id="7861735905" lat="38.7645805" lon="-9.1719904" version="2" timestamp="2020-10-20T09:45:37Z" changeset="92757666" uid="10555629" user="N_C_C"/>
  <node id="7863148281" lat="38.7657291" lon="-9.1724372" version="1" timestamp="2020-08-31T23:14:41Z" changeset="90213645" uid="8747636" user="Pedro Guerra"/>
  <node id="7863148282" lat="38.7656974" lon="-9.1722656" version="1" timestamp="2020-08-31T23:14:41Z" changeset="90213645" uid="8747636" user="Pedro Guerra"/>
  <node id="7863148283" lat="38.7649932" lon="-9.1724637" version="1" timestamp="2020-08-31T23:14:41Z" changeset="90213645" uid="8747636" user="Pedro Guerra"/>
  <node id="7863148284" lat="38.7662755" lon="-9.1719812" version="1" timestamp="2020-08-31T23:14:41Z" changeset="90213645" uid="8747636" user="Pedro Guerra"/>
  <node id="7863157385" lat="38.7663238" lon="-9.1721693" version="1" timestamp="2020-08-31T23:14:41Z" changeset="90213645" uid="8747636" user="Pedro Guerra"/>
  <node id="7863157386" lat="38.7666611" lon="-9.1714862" version="1" timestamp="2020-08-31T23:14:41Z" changeset="90213645" uid="8747636" user="Pedro Guerra"/>
  <node id="7863157387" lat="38.7661591" lon="-9.1716342" version="1" timestamp="2020-08-31T23:14:41Z" changeset="90213645" uid="8747636" user="Pedro Guerra">
    <tag k="highway" v="mini_roundabout"/>
  </node>
  <node id="7901510507" lat="38.7656884" lon="-9.1673000" version="2" timestamp="2021-11-17T01:33:01Z" changeset="113876124" uid="1193685" user="DiogoBaptista98"/>
  <node id="7901510508" lat="38.7658628" lon="-9.1673175" version="1" timestamp="2020-09-13T03:15:58Z" changeset="90808871" uid="1193685" user="DiogoBaptista98"/>
  <node id="8011168349" lat="38.7681214" lon="-9.1704933" version="20" timestamp="2026-04-05T21:57:27Z" changeset="180917194" uid="347293" user="Alexmol">
    <tag k="access" v="yes"/>
    <tag k="addr:city" v="Lisboa"/>
    <tag k="addr:street" v="Eixo Norte-Sul"/>
    <tag k="amenity" v="charging_station"/>
    <tag k="authentication:app" v="yes"/>
    <tag k="authentication:membership_card" v="yes"/>
    <tag k="authentication:none" v="no"/>
    <tag k="brand" v="Galp electric"/>
    <tag k="brand:wikidata" v="Q135275372"/>
    <tag k="capacity" v="2"/>
    <tag k="charging_station:output" v="90 kW"/>
    <tag k="email" v="veiculoeletrico@galp.com"/>
    <tag k="fee" v="yes"/>
    <tag k="maxstay" v="unlimited"/>
    <tag k="motorcar" v="yes"/>
    <tag k="name" v="LSB-00997"/>
    <tag k="network" v="Mobi.E"/>
    <tag k="old_operator" v="Galp Geste"/>
    <tag k="old_ref" v="LSB-00279"/>
    <tag k="opening_hours" v="24/7"/>
    <tag k="operator" v="Galp Power"/>
    <tag k="operator:wikidata" v="Q135275372"/>
    <tag k="parking:fee" v="no"/>
    <tag k="payment:app" v="yes"/>
    <tag k="payment:cards" v="no"/>
    <tag k="payment:cash" v="no"/>
    <tag k="payment:membership_card" v="yes"/>
    <tag k="phone" v="+351 800 249 249"/>
    <tag k="ref" v="LSB-00997"/>
    <tag k="ref:EU:EVSE" v="PT*GLP*ELSB*00997*01;PT*GLP*ELSB*00997*02"/>
    <tag k="socket:type2_combo" v="2"/>
    <tag k="socket:type2_combo:current" v="250"/>
    <tag k="socket:type2_combo:output" v="90 kW"/>
    <tag k="socket:type2_combo:voltage" v="1000"/>
    <tag k="website" v="https://www.mobie.pt"/>
  </node>
  <node id="8024692991" lat="38.7641102" lon="-9.1721941" version="1" timestamp="2020-10-20T09:45:37Z" changeset="92757666" uid="10555629" user="N_C_C"/>
  <node id="8024692992" lat="38.7640232" lon="-9.1720827" version="1" timestamp="2020-10-20T09:45:37Z" changeset="92757666" uid="10555629" user="N_C_C"/>
  <node id="8024692993" lat="38.7642480" lon="-9.1717974" version="1" timestamp="2020-10-20T09:45:37Z" changeset="92757666" uid="10555629" user="N_C_C"/>
  <node id="8024692994" lat="38.7642734" lon="-9.1718279" version="1" timestamp="2020-10-20T09:45:37Z" changeset="92757666" uid="10555629" user="N_C_C"/>
  <node id="8024692995" lat="38.7643029" lon="-9.1717838" version="1" timestamp="2020-10-20T09:45:37Z" changeset="92757666" uid="10555629" user="N_C_C"/>
  <node id="8024692996" lat="38.7643056" lon="-9.1717185" version="1" timestamp="2020-10-20T09:45:37Z" changeset="92757666" uid="10555629" user="N_C_C"/>
  <node id="8024692997" lat="38.7642763" lon="-9.1716738" version="1" timestamp="2020-10-20T09:45:37Z" changeset="92757666" uid="10555629" user="N_C_C"/>
  <node id="8024692998" lat="38.7642562" lon="-9.1716992" version="1" timestamp="2020-10-20T09:45:37Z" changeset="92757666" uid="10555629" user="N_C_C"/>
  <node id="8024692999" lat="38.7638758" lon="-9.1711998" version="1" timestamp="2020-10-20T09:45:37Z" changeset="92757666" uid="10555629" user="N_C_C"/>
  <node id="8024693000" lat="38.7636395" lon="-9.1711890" version="1" timestamp="2020-10-20T09:45:37Z" changeset="92757666" uid="10555629" user="N_C_C"/>
  <node id="8024693001" lat="38.7636411" lon="-9.1710343" version="1" timestamp="2020-10-20T09:45:37Z" changeset="92757666" uid="10555629" user="N_C_C"/>
  <node id="8024693002" lat="38.7638838" lon="-9.1710479" version="1" timestamp="2020-10-20T09:45:37Z" changeset="92757666" uid="10555629" user="N_C_C"/>
  <node id="8024693003" lat="38.7638818" lon="-9.1710827" version="1" timestamp="2020-10-20T09:45:37Z" changeset="92757666" uid="10555629" user="N_C_C"/>
  <node id="8024693004" lat="38.7639095" lon="-9.1710971" version="1" timestamp="2020-10-20T09:45:37Z" changeset="92757666" uid="10555629" user="N_C_C"/>
  <node id="8024693005" lat="38.7639344" lon="-9.1711237" version="1" timestamp="2020-10-20T09:45:37Z" changeset="92757666" uid="10555629" user="N_C_C"/>
  <node id="8024693006" lat="38.7639613" lon="-9.1710941" version="1" timestamp="2020-10-20T09:45:37Z" changeset="92757666" uid="10555629" user="N_C_C"/>
  <node id="8024693007" lat="38.7643399" lon="-9.1715915" version="1" timestamp="2020-10-20T09:45:37Z" changeset="92757666" uid="10555629" user="N_C_C"/>
  <node id="8024693008" lat="38.7643559" lon="-9.1715698" version="1" timestamp="2020-10-20T09:45:37Z" changeset="92757666" uid="10555629" user="N_C_C"/>
  <node id="8024693009" lat="38.7644209" lon="-9.1716576" version="1" timestamp="2020-10-20T09:45:37Z" changeset="92757666" uid="10555629" user="N_C_C"/>
  <node id="8024693010" lat="38.7644088" lon="-9.1716726" version="1" timestamp="2020-10-20T09:45:37Z" changeset="92757666" uid="10555629" user="N_C_C"/>
  <node id="8024693011" lat="38.7644233" lon="-9.1717140" version="1" timestamp="2020-10-20T09:45:37Z" changeset="92757666" uid="10555629" user="N_C_C"/>
  <node id="8024693012" lat="38.7644228" lon="-9.1717462" version="1" timestamp="2020-10-20T09:45:37Z" changeset="92757666" uid="10555629" user="N_C_C"/>
  <node id="8024693013" lat="38.7644207" lon="-9.1717827" version="1" timestamp="2020-10-20T09:45:37Z" changeset="92757666" uid="10555629" user="N_C_C"/>
  <node id="8024693014" lat="38.7644083" lon="-9.1718239" version="1" timestamp="2020-10-20T09:45:37Z" changeset="92757666" uid="10555629" user="N_C_C"/>
  <node id="8024693015" lat="38.7644193" lon="-9.1718409" version="1" timestamp="2020-10-20T09:45:37Z" changeset="92757666" uid="10555629" user="N_C_C"/>
  <node id="8024693016" lat="38.7643496" lon="-9.1719246" version="1" timestamp="2020-10-20T09:45:37Z" changeset="92757666" uid="10555629" user="N_C_C"/>
  <node id="8024693017" lat="38.7643327" lon="-9.1719072" version="1" timestamp="2020-10-20T09:45:37Z" changeset="92757666" uid="10555629" user="N_C_C"/>
  <node id="8024693018" lat="38.7642274" lon="-9.1717438" version="1" timestamp="2020-10-20T09:45:37Z" changeset="92757666" uid="10555629" user="N_C_C"/>
  <node id="8024693019" lat="38.7642235" lon="-9.1717827" version="1" timestamp="2020-10-20T09:45:37Z" changeset="92757666" uid="10555629" user="N_C_C"/>
  <node id="8024693020" lat="38.7641073" lon="-9.1722326" version="1" timestamp="2020-10-20T09:45:37Z" changeset="92757666" uid="10555629" user="N_C_C"/>
  <node id="8024693021" lat="38.7641410" lon="-9.1722246" version="1" timestamp="2020-10-20T09:45:37Z" changeset="92757666" uid="10555629" user="N_C_C"/>
  <node id="8024693533" lat="38.7636117" lon="-9.1710337" version="1" timestamp="2020-10-20T09:49:39Z" changeset="92757968" uid="10555629" user="N_C_C"/>
  <node id="8024693534" lat="38.7636080" lon="-9.1713036" version="1" timestamp="2020-10-20T09:49:39Z" changeset="92757968" uid="10555629" user="N_C_C"/>
  <node id="8024693535" lat="38.7635821" lon="-9.1712695" version="1" timestamp="2020-10-20T09:49:39Z" changeset="92757968" uid="10555629" user="N_C_C"/>
  <node id="8024693536" lat="38.7635592" lon="-9.1712314" version="1" timestamp="2020-10-20T09:49:39Z" changeset="92757968" uid="10555629" user="N_C_C"/>
  <node id="8024693537" lat="38.7635289" lon="-9.1711733" version="1" timestamp="2020-10-20T09:49:39Z" changeset="92757968" uid="10555629" user="N_C_C"/>
  <node id="8024693538" lat="38.7635061" lon="-9.1711189" version="1" timestamp="2020-10-20T09:49:39Z" changeset="92757968" uid="10555629" user="N_C_C"/>
  <node id="8024693539" lat="38.7634777" lon="-9.1710270" version="1" timestamp="2020-10-20T09:49:39Z" changeset="92757968" uid="10555629" user="N_C_C"/>
  <node id="8024693540" lat="38.7636193" lon="-9.1713183" version="1" timestamp="2020-10-20T09:49:39Z" changeset="92757968" uid="10555629" user="N_C_C"/>
  <node id="8024693541" lat="38.7638118" lon="-9.1713281" version="1" timestamp="2020-10-20T09:49:39Z" changeset="92757968" uid="10555629" user="N_C_C"/>
  <node id="8024693542" lat="38.7637795" lon="-9.1714077" version="1" timestamp="2020-10-20T09:49:39Z" changeset="92757968" uid="10555629" user="N_C_C"/>
  <node id="8024693543" lat="38.7638208" lon="-9.1714352" version="1" timestamp="2020-10-20T09:49:39Z" changeset="92757968" uid="10555629" user="N_C_C"/>
  <node id="8024693544" lat="38.7638525" lon="-9.1713561" version="1" timestamp="2020-10-20T09:49:39Z" changeset="92757968" uid="10555629" user="N_C_C"/>
  <node id="8024693545" lat="38.7640901" lon="-9.1716718" version="1" timestamp="2020-10-20T09:49:39Z" changeset="92757968" uid="10555629" user="N_C_C"/>
  <node id="8024693546" lat="38.7640530" lon="-9.1717185" version="1" timestamp="2020-10-20T09:49:39Z" changeset="92757968" uid="10555629" user="N_C_C"/>
  <node id="8024693547" lat="38.7639008" lon="-9.1715166" version="1" timestamp="2020-10-20T09:49:39Z" changeset="92757968" uid="10555629" user="N_C_C"/>
  <node id="8024693548" lat="38.7638826" lon="-9.1715116" version="1" timestamp="2020-10-20T09:49:39Z" changeset="92757968" uid="10555629" user="N_C_C"/>
  <node id="8024693549" lat="38.7638524" lon="-9.1715004" version="1" timestamp="2020-10-20T09:49:39Z" changeset="92757968" uid="10555629" user="N_C_C"/>
  <node id="8024693550" lat="38.7638215" lon="-9.1714879" version="1" timestamp="2020-10-20T09:49:39Z" changeset="92757968" uid="10555629" user="N_C_C"/>
  <node id="8024693551" lat="38.7638044" lon="-9.1714806" version="1" timestamp="2020-10-20T09:49:39Z" changeset="92757968" uid="10555629" user="N_C_C"/>
  <node id="8024693552" lat="38.7637761" lon="-9.1715491" version="1" timestamp="2020-10-20T09:49:39Z" changeset="92757968" uid="10555629" user="N_C_C"/>
  <node id="8024693553" lat="38.7637316" lon="-9.1715214" version="1" timestamp="2020-10-20T09:49:39Z" changeset="92757968" uid="10555629" user="N_C_C"/>
  <node id="8024693554" lat="38.7637577" lon="-9.1714508" version="1" timestamp="2020-10-20T09:49:39Z" changeset="92757968" uid="10555629" user="N_C_C"/>
  <node id="8024693555" lat="38.7637326" lon="-9.1714313" version="1" timestamp="2020-10-20T09:49:39Z" changeset="92757968" uid="10555629" user="N_C_C"/>
  <node id="8024693556" lat="38.7637104" lon="-9.1714123" version="1" timestamp="2020-10-20T09:49:39Z" changeset="92757968" uid="10555629" user="N_C_C"/>
  <node id="8024693557" lat="38.7636791" lon="-9.1713825" version="1" timestamp="2020-10-20T09:49:39Z" changeset="92757968" uid="10555629" user="N_C_C"/>
  <node id="8024693558" lat="38.7636557" lon="-9.1713591" version="1" timestamp="2020-10-20T09:49:39Z" changeset="92757968" uid="10555629" user="N_C_C"/>
  <node id="8024715804" lat="38.7637828" lon="-9.1701111" version="1" timestamp="2020-10-20T09:56:03Z" changeset="92758452" uid="10555629" user="N_C_C"/>
  <node id="8024715805" lat="38.7637830" lon="-9.1700717" version="1" timestamp="2020-10-20T09:56:03Z" changeset="92758452" uid="10555629" user="N_C_C"/>
  <node id="8024715806" lat="38.7637948" lon="-9.1700723" version="1" timestamp="2020-10-20T09:56:03Z" changeset="92758452" uid="10555629" user="N_C_C"/>
  <node id="8024715807" lat="38.7637956" lon="-9.1700447" version="1" timestamp="2020-10-20T09:56:03Z" changeset="92758452" uid="10555629" user="N_C_C"/>
  <node id="8024715808" lat="38.7637838" lon="-9.1700441" version="1" timestamp="2020-10-20T09:56:03Z" changeset="92758452" uid="10555629" user="N_C_C"/>
  <node id="8024715809" lat="38.7637851" lon="-9.1699972" version="1" timestamp="2020-10-20T09:56:03Z" changeset="92758452" uid="10555629" user="N_C_C"/>
  <node id="8024715810" lat="38.7637448" lon="-9.1699952" version="1" timestamp="2020-10-20T09:56:03Z" changeset="92758452" uid="10555629" user="N_C_C"/>
  <node id="8024715811" lat="38.7637436" lon="-9.1700358" version="1" timestamp="2020-10-20T09:56:03Z" changeset="92758452" uid="10555629" user="N_C_C"/>
  <node id="8024715812" lat="38.7637057" lon="-9.1700340" version="1" timestamp="2020-10-20T09:56:03Z" changeset="92758452" uid="10555629" user="N_C_C"/>
  <node id="8024715813" lat="38.7637050" lon="-9.1700599" version="1" timestamp="2020-10-20T09:56:03Z" changeset="92758452" uid="10555629" user="N_C_C"/>
  <node id="8024715814" lat="38.7636912" lon="-9.1700590" version="1" timestamp="2020-10-20T09:56:03Z" changeset="92758452" uid="10555629" user="N_C_C"/>
  <node id="8024715815" lat="38.7636899" lon="-9.1701073" version="1" timestamp="2020-10-20T09:56:03Z" changeset="92758452" uid="10555629" user="N_C_C"/>
  <node id="8024715816" lat="38.7637812" lon="-9.1701619" version="1" timestamp="2020-10-20T09:56:03Z" changeset="92758452" uid="10555629" user="N_C_C"/>
  <node id="8024715817" lat="38.7637926" lon="-9.1701625" version="1" timestamp="2020-10-20T09:56:03Z" changeset="92758452" uid="10555629" user="N_C_C"/>
  <node id="8024715818" lat="38.7637919" lon="-9.1701855" version="1" timestamp="2020-10-20T09:56:03Z" changeset="92758452" uid="10555629" user="N_C_C"/>
  <node id="8024715819" lat="38.7637799" lon="-9.1701849" version="1" timestamp="2020-10-20T09:56:03Z" changeset="92758452" uid="10555629" user="N_C_C"/>
  <node id="8024715820" lat="38.7637785" lon="-9.1702288" version="1" timestamp="2020-10-20T09:56:03Z" changeset="92758452" uid="10555629" user="N_C_C"/>
  <node id="8024715821" lat="38.7637397" lon="-9.1702267" version="1" timestamp="2020-10-20T09:56:03Z" changeset="92758452" uid="10555629" user="N_C_C"/>
  <node id="8024715822" lat="38.7637410" lon="-9.1701869" version="1" timestamp="2020-10-20T09:56:03Z" changeset="92758452" uid="10555629" user="N_C_C"/>
  <node id="8024715823" lat="38.7637016" lon="-9.1701848" version="1" timestamp="2020-10-20T09:56:03Z" changeset="92758452" uid="10555629" user="N_C_C"/>
  <node id="8024715824" lat="38.7637024" lon="-9.1701604" version="1" timestamp="2020-10-20T09:56:03Z" changeset="92758452" uid="10555629" user="N_C_C"/>
  <node id="8024715825" lat="38.7636884" lon="-9.1701593" version="1" timestamp="2020-10-20T09:56:03Z" changeset="92758452" uid="10555629" user="N_C_C"/>
  <node id="8024715826" lat="38.7636733" lon="-9.1700583" version="1" timestamp="2020-10-20T09:56:03Z" changeset="92758452" uid="10555629" user="N_C_C"/>
  <node id="8024715827" lat="38.7636737" lon="-9.1700403" version="1" timestamp="2020-10-20T09:56:03Z" changeset="92758452" uid="10555629" user="N_C_C"/>
  <node id="8024715828" lat="38.7636911" lon="-9.1700410" version="1" timestamp="2020-10-20T09:56:03Z" changeset="92758452" uid="10555629" user="N_C_C"/>
  <node id="8024715829" lat="38.7636932" lon="-9.1699564" version="1" timestamp="2020-10-20T09:56:03Z" changeset="92758452" uid="10555629" user="N_C_C"/>
  <node id="8024715830" lat="38.7636530" lon="-9.1699547" version="1" timestamp="2020-10-20T09:56:03Z" changeset="92758452" uid="10555629" user="N_C_C"/>
  <node id="8024715831" lat="38.7636504" lon="-9.1700583" version="1" timestamp="2020-10-20T09:56:03Z" changeset="92758452" uid="10555629" user="N_C_C"/>
  <node id="8024715832" lat="38.7636201" lon="-9.1700571" version="1" timestamp="2020-10-20T09:56:03Z" changeset="92758452" uid="10555629" user="N_C_C"/>
  <node id="8024715833" lat="38.7636191" lon="-9.1701037" version="1" timestamp="2020-10-20T09:56:03Z" changeset="92758452" uid="10555629" user="N_C_C"/>
  <node id="8024715834" lat="38.7636705" lon="-9.1701585" version="1" timestamp="2020-10-20T09:56:03Z" changeset="92758452" uid="10555629" user="N_C_C"/>
  <node id="8024715835" lat="38.7636698" lon="-9.1701803" version="1" timestamp="2020-10-20T09:56:03Z" changeset="92758452" uid="10555629" user="N_C_C"/>
  <node id="8024715836" lat="38.7636865" lon="-9.1701811" version="1" timestamp="2020-10-20T09:56:03Z" changeset="92758452" uid="10555629" user="N_C_C"/>
  <node id="8024715837" lat="38.7636841" lon="-9.1702664" version="1" timestamp="2020-10-20T09:56:03Z" changeset="92758452" uid="10555629" user="N_C_C"/>
  <node id="8024715838" lat="38.7636455" lon="-9.1702646" version="1" timestamp="2020-10-20T09:56:03Z" changeset="92758452" uid="10555629" user="N_C_C"/>
  <node id="8024715839" lat="38.7636487" lon="-9.1701564" version="1" timestamp="2020-10-20T09:56:03Z" changeset="92758452" uid="10555629" user="N_C_C"/>
  <node id="8024715840" lat="38.7636178" lon="-9.1701557" version="1" timestamp="2020-10-20T09:56:03Z" changeset="92758452" uid="10555629" user="N_C_C"/>
  <node id="8024715841" lat="38.7635801" lon="-9.1700553" version="1" timestamp="2020-10-20T09:56:03Z" changeset="92758452" uid="10555629" user="N_C_C"/>
  <node id="8024715842" lat="38.7635806" lon="-9.1700368" version="1" timestamp="2020-10-20T09:56:03Z" changeset="92758452" uid="10555629" user="N_C_C"/>
  <node id="8024715843" lat="38.7635970" lon="-9.1700375" version="1" timestamp="2020-10-20T09:56:03Z" changeset="92758452" uid="10555629" user="N_C_C"/>
  <node id="8024715844" lat="38.7635994" lon="-9.1699511" version="1" timestamp="2020-10-20T09:56:03Z" changeset="92758452" uid="10555629" user="N_C_C"/>
  <node id="8024715845" lat="38.7635617" lon="-9.1699494" version="1" timestamp="2020-10-20T09:56:03Z" changeset="92758452" uid="10555629" user="N_C_C"/>
  <node id="8024715846" lat="38.7635778" lon="-9.1701540" version="1" timestamp="2020-10-20T09:56:03Z" changeset="92758452" uid="10555629" user="N_C_C"/>
  <node id="8024715847" lat="38.7635773" lon="-9.1701757" version="1" timestamp="2020-10-20T09:56:03Z" changeset="92758452" uid="10555629" user="N_C_C"/>
  <node id="8024715848" lat="38.7635939" lon="-9.1701765" version="1" timestamp="2020-10-20T09:56:03Z" changeset="92758452" uid="10555629" user="N_C_C"/>
  <node id="8024715849" lat="38.7635917" lon="-9.1702630" version="1" timestamp="2020-10-20T09:56:03Z" changeset="92758452" uid="10555629" user="N_C_C"/>
  <node id="8024715850" lat="38.7635530" lon="-9.1702613" version="1" timestamp="2020-10-20T09:56:03Z" changeset="92758452" uid="10555629" user="N_C_C"/>
  <node id="8024715851" lat="38.7635575" lon="-9.1701007" version="1" timestamp="2020-10-20T09:56:03Z" changeset="92758452" uid="10555629" user="N_C_C"/>
  <node id="8024715852" lat="38.7635068" lon="-9.1700092" version="1" timestamp="2020-10-20T09:56:03Z" changeset="92758452" uid="10555629" user="N_C_C"/>
  <node id="8024715853" lat="38.7635499" lon="-9.1700116" version="1" timestamp="2020-10-20T09:56:03Z" changeset="92758452" uid="10555629" user="N_C_C"/>
  <node id="8024715854" lat="38.7635485" lon="-9.1700553" version="1" timestamp="2020-10-20T09:56:03Z" changeset="92758452" uid="10555629" user="N_C_C"/>
  <node id="8024715855" lat="38.7635587" lon="-9.1700559" version="1" timestamp="2020-10-20T09:56:03Z" changeset="92758452" uid="10555629" user="N_C_C"/>
  <node id="8024715856" lat="38.7635039" lon="-9.1700982" version="1" timestamp="2020-10-20T09:56:03Z" changeset="92758452" uid="10555629" user="N_C_C"/>
  <node id="8024715857" lat="38.7635012" lon="-9.1701926" version="1" timestamp="2020-10-20T09:56:03Z" changeset="92758452" uid="10555629" user="N_C_C"/>
  <node id="8024715858" lat="38.7635548" lon="-9.1701951" version="1" timestamp="2020-10-20T09:56:03Z" changeset="92758452" uid="10555629" user="N_C_C"/>
  <node id="8149431048" lat="38.7645692" lon="-9.1715576" version="19" timestamp="2025-12-25T22:41:38Z" changeset="176411997" uid="347293" user="Alexmol">
    <tag k="access" v="yes"/>
    <tag k="amenity" v="charging_station"/>
    <tag k="authentication:app" v="yes"/>
    <tag k="authentication:membership_card" v="yes"/>
    <tag k="authentication:none" v="no"/>
    <tag k="brand" v="Galp electric"/>
    <tag k="brand:wikidata" v="Q135275372"/>
    <tag k="capacity" v="2"/>
    <tag k="email" v="veiculoeletrico@galp.com"/>
    <tag k="fee" v="yes"/>
    <tag k="maxstay" v="unlimited"/>
    <tag k="motorcar" v="yes"/>
    <tag k="name" v="LSB-80055"/>
    <tag k="network" v="Mobi.E"/>
    <tag k="old_ref" v="LSB-90055"/>
    <tag k="opening_hours" v="24/7"/>
    <tag k="operator" v="Galp Power"/>
    <tag k="operator:wikidata" v="Q135275372"/>
    <tag k="parking:fee" v="no"/>
    <tag k="payment:app" v="yes"/>
    <tag k="payment:cards" v="no"/>
    <tag k="payment:cash" v="no"/>
    <tag k="payment:membership_card" v="yes"/>
    <tag k="phone" v="+351 800 249 249"/>
    <tag k="ref" v="LSB-80055"/>
    <tag k="ref:EU:EVSE" v="PT*GLP*ELSB*80055*01;PT*GLP*ELSB*80055*02"/>
    <tag k="socket:type2" v="2"/>
    <tag k="socket:type2:current" v="16"/>
    <tag k="socket:type2:output" v="3.7 kW"/>
    <tag k="socket:type2:voltage" v="230"/>
    <tag k="website" v="https://www.mobie.pt"/>
  </node>
  <node id="8197995268" lat="38.7676876" lon="-9.1687562" version="1" timestamp="2020-12-06T04:30:46Z" changeset="95354558" uid="1193685" user="DiogoBaptista98"/>
  <node id="8197995269" lat="38.7676172" lon="-9.1689133" version="1" timestamp="2020-12-06T04:30:46Z" changeset="95354558" uid="1193685" user="DiogoBaptista98"/>
  <node id="8197995270" lat="38.7680237" lon="-9.1687590" version="1" timestamp="2020-12-06T04:30:46Z" changeset="95354558" uid="1193685" user="DiogoBaptista98"/>
  <node id="8197995271" lat="38.7682089" lon="-9.1691969" version="1" timestamp="2020-12-06T04:30:46Z" changeset="95354558" uid="1193685" user="DiogoBaptista98"/>
  <node id="8197995272" lat="38.7680947" lon="-9.1688097" version="1" timestamp="2020-12-06T04:30:46Z" changeset="95354558" uid="1193685" user="DiogoBaptista98"/>
  <node id="8197995273" lat="38.7681354" lon="-9.1691453" version="1" timestamp="2020-12-06T04:30:46Z" changeset="95354558" uid="1193685" user="DiogoBaptista98"/>
  <node id="8197995274" lat="38.7680876" lon="-9.1692541" version="1" timestamp="2020-12-06T04:30:46Z" changeset="95354558" uid="1193685" user="DiogoBaptista98"/>
  <node id="8197995275" lat="38.7679924" lon="-9.1690419" version="1" timestamp="2020-12-06T04:30:46Z" changeset="95354558" uid="1193685" user="DiogoBaptista98"/>
  <node id="8197995276" lat="38.7679446" lon="-9.1691507" version="1" timestamp="2020-12-06T04:30:46Z" changeset="95354558" uid="1193685" user="DiogoBaptista98"/>
  <node id="8197995277" lat="38.7678483" lon="-9.1689378" version="1" timestamp="2020-12-06T04:30:46Z" changeset="95354558" uid="1193685" user="DiogoBaptista98"/>
  <node id="8197995278" lat="38.7678005" lon="-9.1690466" version="1" timestamp="2020-12-06T04:30:46Z" changeset="95354558" uid="1193685" user="DiogoBaptista98"/>
  <node id="8197995279" lat="38.7676558" lon="-9.1689421" version="1" timestamp="2020-12-06T04:30:46Z" changeset="95354558" uid="1193685" user="DiogoBaptista98"/>
  <node id="8197995280" lat="38.7677036" lon="-9.1688332" version="1" timestamp="2020-12-06T04:30:46Z" changeset="95354558" uid="1193685" user="DiogoBaptista98"/>
  <node id="8197995281" lat="38.7676544" lon="-9.1687319" version="1" timestamp="2020-12-06T04:30:46Z" changeset="95354558" uid="1193685" user="DiogoBaptista98"/>
  <node id="8197995282" lat="38.7677394" lon="-9.1687942" version="1" timestamp="2020-12-06T04:30:46Z" changeset="95354558" uid="1193685" user="DiogoBaptista98"/>
  <node id="8197995283" lat="38.7678212" lon="-9.1686104" version="1" timestamp="2020-12-06T04:30:46Z" changeset="95354558" uid="1193685" user="DiogoBaptista98"/>
  <node id="8197995284" lat="38.7677362" lon="-9.1685482" version="1" timestamp="2020-12-06T04:30:46Z" changeset="95354558" uid="1193685" user="DiogoBaptista98"/>
  <node id="8197995285" lat="38.7678177" lon="-9.1683652" version="1" timestamp="2020-12-06T04:30:46Z" changeset="95354558" uid="1193685" user="DiogoBaptista98"/>
  <node id="8197995286" lat="38.7679027" lon="-9.1684274" version="1" timestamp="2020-12-06T04:30:46Z" changeset="95354558" uid="1193685" user="DiogoBaptista98"/>
  <node id="8197995287" lat="38.7678646" lon="-9.1682636" version="1" timestamp="2020-12-06T04:30:46Z" changeset="95354558" uid="1193685" user="DiogoBaptista98"/>
  <node id="8197995288" lat="38.7679127" lon="-9.1681551" version="1" timestamp="2020-12-06T04:30:46Z" changeset="95354558" uid="1193685" user="DiogoBaptista98"/>
  <node id="8197995289" lat="38.7680080" lon="-9.1683683" version="1" timestamp="2020-12-06T04:30:46Z" changeset="95354558" uid="1193685" user="DiogoBaptista98"/>
  <node id="8197995290" lat="38.7680562" lon="-9.1682598" version="1" timestamp="2020-12-06T04:30:46Z" changeset="95354558" uid="1193685" user="DiogoBaptista98"/>
  <node id="8197995291" lat="38.7681512" lon="-9.1684729" version="1" timestamp="2020-12-06T04:30:46Z" changeset="95354558" uid="1193685" user="DiogoBaptista98"/>
  <node id="8197995292" lat="38.7681994" lon="-9.1683644" version="1" timestamp="2020-12-06T04:30:46Z" changeset="95354558" uid="1193685" user="DiogoBaptista98"/>
  <node id="8197995293" lat="38.7682946" lon="-9.1685776" version="1" timestamp="2020-12-06T04:30:46Z" changeset="95354558" uid="1193685" user="DiogoBaptista98"/>
  <node id="8197995294" lat="38.7683428" lon="-9.1684691" version="1" timestamp="2020-12-06T04:30:46Z" changeset="95354558" uid="1193685" user="DiogoBaptista98"/>
  <node id="8197995295" lat="38.7684858" lon="-9.1685736" version="1" timestamp="2020-12-06T04:30:46Z" changeset="95354558" uid="1193685" user="DiogoBaptista98"/>
  <node id="8197995296" lat="38.7684376" lon="-9.1686821" version="1" timestamp="2020-12-06T04:30:46Z" changeset="95354558" uid="1193685" user="DiogoBaptista98"/>
  <node id="8197995297" lat="38.7683068" lon="-9.1687213" version="1" timestamp="2020-12-06T04:30:46Z" changeset="95354558" uid="1193685" user="DiogoBaptista98"/>
  <node id="8197995298" lat="38.7683920" lon="-9.1687839" version="1" timestamp="2020-12-06T04:30:46Z" changeset="95354558" uid="1193685" user="DiogoBaptista98"/>
  <node id="8197995299" lat="38.7682250" lon="-9.1689044" version="1" timestamp="2020-12-06T04:30:46Z" changeset="95354558" uid="1193685" user="DiogoBaptista98"/>
  <node id="8197995300" lat="38.7683102" lon="-9.1689670" version="1" timestamp="2020-12-06T04:30:46Z" changeset="95354558" uid="1193685" user="DiogoBaptista98"/>
  <node id="8197995301" lat="38.7682287" lon="-9.1691496" version="1" timestamp="2020-12-06T04:30:46Z" changeset="95354558" uid="1193685" user="DiogoBaptista98"/>
  <node id="8197995302" lat="38.7681435" lon="-9.1690870" version="1" timestamp="2020-12-06T04:30:46Z" changeset="95354558" uid="1193685" user="DiogoBaptista98"/>
  <node id="8197995303" lat="38.7683194" lon="-9.1673092" version="1" timestamp="2020-12-06T04:30:46Z" changeset="95354558" uid="1193685" user="DiogoBaptista98"/>
  <node id="8197995304" lat="38.7683901" lon="-9.1671514" version="1" timestamp="2020-12-06T04:30:46Z" changeset="95354558" uid="1193685" user="DiogoBaptista98"/>
  <node id="8197995305" lat="38.7684312" lon="-9.1676342" version="1" timestamp="2020-12-06T04:30:46Z" changeset="95354558" uid="1193685" user="DiogoBaptista98"/>
  <node id="8197995306" lat="38.7688489" lon="-9.1675492" version="1" timestamp="2020-12-06T04:30:46Z" changeset="95354558" uid="1193685" user="DiogoBaptista98"/>
  <node id="8197995307" lat="38.7689231" lon="-9.1676017" version="1" timestamp="2020-12-06T04:30:46Z" changeset="95354558" uid="1193685" user="DiogoBaptista98"/>
  <node id="8197995308" lat="38.7685044" lon="-9.1676855" version="1" timestamp="2020-12-06T04:30:46Z" changeset="95354558" uid="1193685" user="DiogoBaptista98"/>
  <node id="8197995309" lat="38.7686629" lon="-9.1681787" version="1" timestamp="2020-12-06T04:30:46Z" changeset="95354558" uid="1193685" user="DiogoBaptista98"/>
  <node id="8197995310" lat="38.7686147" lon="-9.1682877" version="1" timestamp="2020-12-06T04:30:46Z" changeset="95354558" uid="1193685" user="DiogoBaptista98"/>
  <node id="8197995311" lat="38.7685201" lon="-9.1680747" version="1" timestamp="2020-12-06T04:30:46Z" changeset="95354558" uid="1193685" user="DiogoBaptista98"/>
  <node id="8197995312" lat="38.7684719" lon="-9.1681837" version="1" timestamp="2020-12-06T04:30:46Z" changeset="95354558" uid="1193685" user="DiogoBaptista98"/>
  <node id="8197995313" lat="38.7683768" lon="-9.1679704" version="1" timestamp="2020-12-06T04:30:46Z" changeset="95354558" uid="1193685" user="DiogoBaptista98"/>
  <node id="8197995314" lat="38.7683286" lon="-9.1680794" version="1" timestamp="2020-12-06T04:30:46Z" changeset="95354558" uid="1193685" user="DiogoBaptista98"/>
  <node id="8197995315" lat="38.7682322" lon="-9.1678653" version="1" timestamp="2020-12-06T04:30:46Z" changeset="95354558" uid="1193685" user="DiogoBaptista98"/>
  <node id="8197995316" lat="38.7681840" lon="-9.1679743" version="1" timestamp="2020-12-06T04:30:46Z" changeset="95354558" uid="1193685" user="DiogoBaptista98"/>
  <node id="8198018017" lat="38.7680397" lon="-9.1678693" version="1" timestamp="2020-12-06T04:30:46Z" changeset="95354558" uid="1193685" user="DiogoBaptista98"/>
  <node id="8198018018" lat="38.7680879" lon="-9.1677603" version="1" timestamp="2020-12-06T04:30:46Z" changeset="95354558" uid="1193685" user="DiogoBaptista98"/>
  <node id="8198018019" lat="38.7681337" lon="-9.1676586" version="1" timestamp="2020-12-06T04:30:46Z" changeset="95354558" uid="1193685" user="DiogoBaptista98"/>
  <node id="8198018020" lat="38.7682188" lon="-9.1677213" version="1" timestamp="2020-12-06T04:30:46Z" changeset="95354558" uid="1193685" user="DiogoBaptista98"/>
  <node id="8198018021" lat="38.7682975" lon="-9.1672931" version="1" timestamp="2020-12-06T04:30:46Z" changeset="95354558" uid="1193685" user="DiogoBaptista98"/>
  <node id="8198018022" lat="38.7682152" lon="-9.1674766" version="1" timestamp="2020-12-06T04:30:46Z" changeset="95354558" uid="1193685" user="DiogoBaptista98"/>
  <node id="8198018023" lat="38.7683003" lon="-9.1675393" version="1" timestamp="2020-12-06T04:30:46Z" changeset="95354558" uid="1193685" user="DiogoBaptista98"/>
  <node id="8198018024" lat="38.7683825" lon="-9.1673558" version="1" timestamp="2020-12-06T04:30:46Z" changeset="95354558" uid="1193685" user="DiogoBaptista98"/>
  <node id="8198018025" lat="38.7684383" lon="-9.1671882" version="1" timestamp="2020-12-06T04:30:46Z" changeset="95354558" uid="1193685" user="DiogoBaptista98"/>
  <node id="8198018026" lat="38.7683902" lon="-9.1672966" version="1" timestamp="2020-12-06T04:30:46Z" changeset="95354558" uid="1193685" user="DiogoBaptista98"/>
  <node id="8198018027" lat="38.7685832" lon="-9.1672939" version="1" timestamp="2020-12-06T04:30:46Z" changeset="95354558" uid="1193685" user="DiogoBaptista98"/>
  <node id="8198018028" lat="38.7685351" lon="-9.1674023" version="1" timestamp="2020-12-06T04:30:46Z" changeset="95354558" uid="1193685" user="DiogoBaptista98"/>
  <node id="8198018029" lat="38.7687268" lon="-9.1673988" version="1" timestamp="2020-12-06T04:30:46Z" changeset="95354558" uid="1193685" user="DiogoBaptista98"/>
  <node id="8198018030" lat="38.7686788" lon="-9.1675071" version="1" timestamp="2020-12-06T04:30:46Z" changeset="95354558" uid="1193685" user="DiogoBaptista98"/>
  <node id="8198018031" lat="38.7688214" lon="-9.1676112" version="1" timestamp="2020-12-06T04:30:46Z" changeset="95354558" uid="1193685" user="DiogoBaptista98"/>
  <node id="8198018032" lat="38.7688695" lon="-9.1675028" version="1" timestamp="2020-12-06T04:30:46Z" changeset="95354558" uid="1193685" user="DiogoBaptista98"/>
  <node id="8198018033" lat="38.7686233" lon="-9.1680170" version="1" timestamp="2020-12-06T04:30:46Z" changeset="95354558" uid="1193685" user="DiogoBaptista98"/>
  <node id="8198018034" lat="38.7687087" lon="-9.1680790" version="1" timestamp="2020-12-06T04:30:46Z" changeset="95354558" uid="1193685" user="DiogoBaptista98"/>
  <node id="8198018035" lat="38.7688707" lon="-9.1677116" version="1" timestamp="2020-12-06T04:30:46Z" changeset="95354558" uid="1193685" user="DiogoBaptista98"/>
  <node id="8198018036" lat="38.7687896" lon="-9.1678954" version="1" timestamp="2020-12-06T04:30:46Z" changeset="95354558" uid="1193685" user="DiogoBaptista98"/>
  <node id="8198018037" lat="38.7687042" lon="-9.1678334" version="1" timestamp="2020-12-06T04:30:46Z" changeset="95354558" uid="1193685" user="DiogoBaptista98"/>
  <node id="8198018038" lat="38.7687853" lon="-9.1676496" version="1" timestamp="2020-12-06T04:30:46Z" changeset="95354558" uid="1193685" user="DiogoBaptista98"/>
  <node id="8198018039" lat="38.7689655" lon="-9.1681767" version="1" timestamp="2020-12-06T04:30:46Z" changeset="95354558" uid="1193685" user="DiogoBaptista98"/>
  <node id="8198018040" lat="38.7689043" lon="-9.1683115" version="1" timestamp="2020-12-06T04:30:46Z" changeset="95354558" uid="1193685" user="DiogoBaptista98"/>
  <node id="8198018041" lat="38.7689142" lon="-9.1683189" version="1" timestamp="2020-12-06T04:30:46Z" changeset="95354558" uid="1193685" user="DiogoBaptista98"/>
  <node id="8198018042" lat="38.7688673" lon="-9.1684225" version="1" timestamp="2020-12-06T04:30:46Z" changeset="95354558" uid="1193685" user="DiogoBaptista98"/>
  <node id="8198018043" lat="38.7689230" lon="-9.1684641" version="1" timestamp="2020-12-06T04:30:46Z" changeset="95354558" uid="1193685" user="DiogoBaptista98"/>
  <node id="8198018044" lat="38.7689564" lon="-9.1683903" version="1" timestamp="2020-12-06T04:30:46Z" changeset="95354558" uid="1193685" user="DiogoBaptista98"/>
  <node id="8198018045" lat="38.7690223" lon="-9.1684394" version="1" timestamp="2020-12-06T04:30:46Z" changeset="95354558" uid="1193685" user="DiogoBaptista98"/>
  <node id="8198018046" lat="38.7690620" lon="-9.1683519" version="1" timestamp="2020-12-06T04:30:46Z" changeset="95354558" uid="1193685" user="DiogoBaptista98"/>
  <node id="8198018047" lat="38.7690104" lon="-9.1683134" version="1" timestamp="2020-12-06T04:30:46Z" changeset="95354558" uid="1193685" user="DiogoBaptista98"/>
  <node id="8198018048" lat="38.7690234" lon="-9.1682846" version="1" timestamp="2020-12-06T04:30:46Z" changeset="95354558" uid="1193685" user="DiogoBaptista98"/>
  <node id="8198018049" lat="38.7690106" lon="-9.1682750" version="1" timestamp="2020-12-06T04:30:46Z" changeset="95354558" uid="1193685" user="DiogoBaptista98"/>
  <node id="8198018050" lat="38.7689549" lon="-9.1681688" version="1" timestamp="2020-12-06T04:30:46Z" changeset="95354558" uid="1193685" user="DiogoBaptista98"/>
  <node id="8198018051" lat="38.7690325" lon="-9.1682267" version="1" timestamp="2020-12-06T04:30:46Z" changeset="95354558" uid="1193685" user="DiogoBaptista98"/>
  <node id="8198018052" lat="38.7691950" lon="-9.1678683" version="1" timestamp="2020-12-06T04:30:46Z" changeset="95354558" uid="1193685" user="DiogoBaptista98"/>
  <node id="8198018053" lat="38.7691133" lon="-9.1680485" version="1" timestamp="2020-12-06T04:30:46Z" changeset="95354558" uid="1193685" user="DiogoBaptista98"/>
  <node id="8198018054" lat="38.7690357" lon="-9.1679907" version="1" timestamp="2020-12-06T04:30:46Z" changeset="95354558" uid="1193685" user="DiogoBaptista98"/>
  <node id="8198018055" lat="38.7691174" lon="-9.1678104" version="1" timestamp="2020-12-06T04:30:46Z" changeset="95354558" uid="1193685" user="DiogoBaptista98"/>
  <node id="8198018056" lat="38.7693473" lon="-9.1674943" version="1" timestamp="2020-12-06T04:30:46Z" changeset="95354558" uid="1193685" user="DiogoBaptista98"/>
  <node id="8198018057" lat="38.7691821" lon="-9.1678587" version="1" timestamp="2020-12-06T04:30:46Z" changeset="95354558" uid="1193685" user="DiogoBaptista98"/>
  <node id="8198018058" lat="38.7690980" lon="-9.1677960" version="1" timestamp="2020-12-06T04:30:46Z" changeset="95354558" uid="1193685" user="DiogoBaptista98"/>
  <node id="8198018059" lat="38.7692632" lon="-9.1674316" version="1" timestamp="2020-12-06T04:30:46Z" changeset="95354558" uid="1193685" user="DiogoBaptista98"/>
  <node id="8198018060" lat="38.7677963" lon="-9.1672960" version="2" timestamp="2025-01-31T00:38:44Z" changeset="161960084" uid="20972402" user="DanielAgos"/>
  <node id="8198018061" lat="38.7677193" lon="-9.1674692" version="2" timestamp="2025-01-31T00:38:44Z" changeset="161960084" uid="20972402" user="DanielAgos"/>
  <node id="8198018062" lat="38.7679056" lon="-9.1676055" version="2" timestamp="2025-01-31T00:38:44Z" changeset="161960084" uid="20972402" user="DanielAgos"/>
  <node id="8198018063" lat="38.7678394" lon="-9.1677542" version="2" timestamp="2025-01-31T00:38:44Z" changeset="161960084" uid="20972402" user="DanielAgos"/>
  <node id="8198018064" lat="38.7675286" lon="-9.1675268" version="2" timestamp="2025-01-31T00:38:44Z" changeset="161960084" uid="20972402" user="DanielAgos"/>
  <node id="8198018065" lat="38.7676717" lon="-9.1672048" version="2" timestamp="2025-01-31T00:38:44Z" changeset="161960084" uid="20972402" user="DanielAgos"/>
  <node id="8198018066" lat="38.7680498" lon="-9.1669917" version="1" timestamp="2020-12-06T04:30:46Z" changeset="95354558" uid="1193685" user="DiogoBaptista98"/>
  <node id="8198018067" lat="38.7681356" lon="-9.1670545" version="1" timestamp="2020-12-06T04:30:46Z" changeset="95354558" uid="1193685" user="DiogoBaptista98"/>
  <node id="8198018068" lat="38.7679684" lon="-9.1671748" version="1" timestamp="2020-12-06T04:30:46Z" changeset="95354558" uid="1193685" user="DiogoBaptista98"/>
  <node id="8198018069" lat="38.7680542" lon="-9.1672376" version="1" timestamp="2020-12-06T04:30:46Z" changeset="95354558" uid="1193685" user="DiogoBaptista98"/>
  <node id="8198018070" lat="38.7679729" lon="-9.1674206" version="1" timestamp="2020-12-06T04:30:46Z" changeset="95354558" uid="1193685" user="DiogoBaptista98"/>
  <node id="8198018071" lat="38.7678871" lon="-9.1673579" version="1" timestamp="2020-12-06T04:30:46Z" changeset="95354558" uid="1193685" user="DiogoBaptista98"/>
  <node id="8198018072" lat="38.7695925" lon="-9.1666616" version="1" timestamp="2020-12-06T04:30:46Z" changeset="95354558" uid="1193685" user="DiogoBaptista98"/>
  <node id="8198018073" lat="38.7697000" lon="-9.1667400" version="1" timestamp="2020-12-06T04:30:46Z" changeset="95354558" uid="1193685" user="DiogoBaptista98"/>
  <node id="8198018074" lat="38.7694762" lon="-9.1669241" version="1" timestamp="2020-12-06T04:30:46Z" changeset="95354558" uid="1193685" user="DiogoBaptista98"/>
  <node id="8198018075" lat="38.7695837" lon="-9.1670025" version="1" timestamp="2020-12-06T04:30:46Z" changeset="95354558" uid="1193685" user="DiogoBaptista98"/>
  <node id="8198018076" lat="38.7694672" lon="-9.1672653" version="1" timestamp="2020-12-06T04:30:46Z" changeset="95354558" uid="1193685" user="DiogoBaptista98"/>
  <node id="8198018077" lat="38.7693597" lon="-9.1671869" version="1" timestamp="2020-12-06T04:30:46Z" changeset="95354558" uid="1193685" user="DiogoBaptista98"/>
  <node id="8198018078" lat="38.7695167" lon="-9.1666391" version="2" timestamp="2022-11-15T22:44:13Z" changeset="128962263" uid="1193685" user="DiogoBaptista98">
    <tag k="bus" v="yes"/>
    <tag k="name" v="Rua Frederico George"/>
    <tag k="network" v="Carris"/>
    <tag k="operator" v="Carris"/>
    <tag k="public_transport" v="stop_position"/>
    <tag k="ref" v="50033"/>
    <tag k="short_name" v="R. Frederico George"/>
  </node>
  <node id="8198018079" lat="38.7699271" lon="-9.1663494" version="1" timestamp="2020-12-06T04:30:46Z" changeset="95354558" uid="1193685" user="DiogoBaptista98"/>
  <node id="8198018080" lat="38.7698754" lon="-9.1663883" version="1" timestamp="2020-12-06T04:30:46Z" changeset="95354558" uid="1193685" user="DiogoBaptista98"/>
  <node id="8198018081" lat="38.7701263" lon="-9.1660557" version="1" timestamp="2020-12-06T04:30:46Z" changeset="95354558" uid="1193685" user="DiogoBaptista98"/>
  <node id="8198018082" lat="38.7700558" lon="-9.1661952" version="1" timestamp="2020-12-06T04:30:46Z" changeset="95354558" uid="1193685" user="DiogoBaptista98"/>
  <node id="8198018083" lat="38.7702204" lon="-9.1657700" version="1" timestamp="2020-12-06T04:30:46Z" changeset="95354558" uid="1193685" user="DiogoBaptista98"/>
  <node id="8198018084" lat="38.7702168" lon="-9.1658237" version="1" timestamp="2020-12-06T04:30:46Z" changeset="95354558" uid="1193685" user="DiogoBaptista98"/>
  <node id="8198018085" lat="38.7705284" lon="-9.1645637" version="1" timestamp="2020-12-06T04:30:46Z" changeset="95354558" uid="1193685" user="DiogoBaptista98"/>
  <node id="8198018086" lat="38.7704933" lon="-9.1645315" version="1" timestamp="2020-12-06T04:30:46Z" changeset="95354558" uid="1193685" user="DiogoBaptista98"/>
  <node id="8198018087" lat="38.7705613" lon="-9.1646408" version="1" timestamp="2020-12-06T04:30:46Z" changeset="95354558" uid="1193685" user="DiogoBaptista98"/>
  <node id="8198018088" lat="38.7705629" lon="-9.1646905" version="1" timestamp="2020-12-06T04:30:46Z" changeset="95354558" uid="1193685" user="DiogoBaptista98"/>
  <node id="8198018089" lat="38.7703966" lon="-9.1644859" version="1" timestamp="2020-12-06T04:30:46Z" changeset="95354558" uid="1193685" user="DiogoBaptista98"/>
  <node id="8198018090" lat="38.7704489" lon="-9.1645014" version="1" timestamp="2020-12-06T04:30:46Z" changeset="95354558" uid="1193685" user="DiogoBaptista98"/>
  <node id="8198018091" lat="38.7685897" lon="-9.1690166" version="1" timestamp="2020-12-06T04:30:46Z" changeset="95354558" uid="1193685" user="DiogoBaptista98"/>
  <node id="8198018092" lat="38.7686517" lon="-9.1688771" version="1" timestamp="2020-12-06T04:30:46Z" changeset="95354558" uid="1193685" user="DiogoBaptista98"/>
  <node id="8198018093" lat="38.7686617" lon="-9.1688844" version="1" timestamp="2020-12-06T04:30:46Z" changeset="95354558" uid="1193685" user="DiogoBaptista98"/>
  <node id="8198018094" lat="38.7687062" lon="-9.1687843" version="1" timestamp="2020-12-06T04:30:46Z" changeset="95354558" uid="1193685" user="DiogoBaptista98"/>
  <node id="8198018095" lat="38.7687611" lon="-9.1688244" version="1" timestamp="2020-12-06T04:30:46Z" changeset="95354558" uid="1193685" user="DiogoBaptista98"/>
  <node id="8198018096" lat="38.7687373" lon="-9.1688780" version="1" timestamp="2020-12-06T04:30:46Z" changeset="95354558" uid="1193685" user="DiogoBaptista98"/>
  <node id="8198018097" lat="38.7687527" lon="-9.1688892" version="1" timestamp="2020-12-06T04:30:46Z" changeset="95354558" uid="1193685" user="DiogoBaptista98"/>
  <node id="8198018098" lat="38.7687433" lon="-9.1689104" version="1" timestamp="2020-12-06T04:30:46Z" changeset="95354558" uid="1193685" user="DiogoBaptista98"/>
  <node id="8198018099" lat="38.7687952" lon="-9.1689483" version="1" timestamp="2020-12-06T04:30:46Z" changeset="95354558" uid="1193685" user="DiogoBaptista98"/>
  <node id="8198018100" lat="38.7687566" lon="-9.1690353" version="1" timestamp="2020-12-06T04:30:46Z" changeset="95354558" uid="1193685" user="DiogoBaptista98"/>
  <node id="8198018101" lat="38.7687035" lon="-9.1689966" version="1" timestamp="2020-12-06T04:30:46Z" changeset="95354558" uid="1193685" user="DiogoBaptista98"/>
  <node id="8198018102" lat="38.7686962" lon="-9.1690130" version="1" timestamp="2020-12-06T04:30:46Z" changeset="95354558" uid="1193685" user="DiogoBaptista98"/>
  <node id="8198018103" lat="38.7686846" lon="-9.1690045" version="1" timestamp="2020-12-06T04:30:46Z" changeset="95354558" uid="1193685" user="DiogoBaptista98"/>
  <node id="8198018104" lat="38.7685800" lon="-9.1690095" version="1" timestamp="2020-12-06T04:30:46Z" changeset="95354558" uid="1193685" user="DiogoBaptista98"/>
  <node id="8198018105" lat="38.7686573" lon="-9.1690660" version="1" timestamp="2020-12-06T04:30:46Z" changeset="95354558" uid="1193685" user="DiogoBaptista98"/>
  <node id="8198018106" lat="38.7684203" lon="-9.1693691" version="1" timestamp="2020-12-06T04:30:46Z" changeset="95354558" uid="1193685" user="DiogoBaptista98"/>
  <node id="8198018107" lat="38.7685000" lon="-9.1691895" version="1" timestamp="2020-12-06T04:30:46Z" changeset="95354558" uid="1193685" user="DiogoBaptista98"/>
  <node id="8198018108" lat="38.7685774" lon="-9.1692460" version="1" timestamp="2020-12-06T04:30:46Z" changeset="95354558" uid="1193685" user="DiogoBaptista98"/>
  <node id="8198018109" lat="38.7684976" lon="-9.1694255" version="1" timestamp="2020-12-06T04:30:46Z" changeset="95354558" uid="1193685" user="DiogoBaptista98"/>
  <node id="8198018110" lat="38.7684012" lon="-9.1693551" version="1" timestamp="2020-12-06T04:30:46Z" changeset="95354558" uid="1193685" user="DiogoBaptista98"/>
  <node id="8198018111" lat="38.7684860" lon="-9.1694171" version="1" timestamp="2020-12-06T04:30:46Z" changeset="95354558" uid="1193685" user="DiogoBaptista98"/>
  <node id="8198018112" lat="38.7683195" lon="-9.1695392" version="1" timestamp="2020-12-06T04:30:46Z" changeset="95354558" uid="1193685" user="DiogoBaptista98"/>
  <node id="8198018113" lat="38.7684042" lon="-9.1696011" version="1" timestamp="2020-12-06T04:30:46Z" changeset="95354558" uid="1193685" user="DiogoBaptista98"/>
  <node id="8198018114" lat="38.7682381" lon="-9.1697224" version="1" timestamp="2020-12-06T04:30:46Z" changeset="95354558" uid="1193685" user="DiogoBaptista98"/>
  <node id="8198018115" lat="38.7683229" lon="-9.1697844" version="1" timestamp="2020-12-06T04:30:46Z" changeset="95354558" uid="1193685" user="DiogoBaptista98"/>
  <node id="8198018116" lat="38.7682416" lon="-9.1699673" version="1" timestamp="2020-12-06T04:30:46Z" changeset="95354558" uid="1193685" user="DiogoBaptista98"/>
  <node id="8198018117" lat="38.7681568" lon="-9.1699054" version="1" timestamp="2020-12-06T04:30:46Z" changeset="95354558" uid="1193685" user="DiogoBaptista98"/>
  <node id="8198018118" lat="38.7680328" lon="-9.1698978" version="2" timestamp="2022-11-15T22:44:13Z" changeset="128962263" uid="1193685" user="DiogoBaptista98"/>
  <node id="8198018119" lat="38.7682473" lon="-9.1700515" version="1" timestamp="2020-12-06T04:30:46Z" changeset="95354558" uid="1193685" user="DiogoBaptista98"/>
  <node id="8198018120" lat="38.7682735" lon="-9.1700589" version="1" timestamp="2020-12-06T04:30:46Z" changeset="95354558" uid="1193685" user="DiogoBaptista98"/>
  <node id="8198018121" lat="38.7683012" lon="-9.1700495" version="1" timestamp="2020-12-06T04:30:46Z" changeset="95354558" uid="1193685" user="DiogoBaptista98"/>
  <node id="8198018122" lat="38.7683252" lon="-9.1700220" version="2" timestamp="2024-10-20T14:06:07Z" changeset="158129950" uid="20972402" user="DanielAgos">
    <tag k="access" v="private"/>
    <tag k="barrier" v="gate"/>
  </node>
  <node id="8198018123" lat="38.7688334" lon="-9.1689122" version="2" timestamp="2024-10-20T14:06:07Z" changeset="158129950" uid="20972402" user="DanielAgos">
    <tag k="noexit" v="yes"/>
  </node>
  <node id="8198018918" lat="38.7689111" lon="-9.1673508" version="1" timestamp="2020-12-06T04:44:34Z" changeset="95354686" uid="1193685" user="DiogoBaptista98">
    <tag k="bus" v="yes"/>
    <tag k="name" v="Rua Armindo Rodrigues"/>
    <tag k="network" v="Carris"/>
    <tag k="operator" v="Carris"/>
    <tag k="public_transport" v="stop_position"/>
  </node>
  <node id="8198018919" lat="38.7688826" lon="-9.1674173" version="3" timestamp="2024-11-02T14:08:25Z" changeset="158660349" uid="16603393" user="Dilxe">
    <tag k="bench" v="no"/>
    <tag k="bin" v="no"/>
    <tag k="bus" v="yes"/>
    <tag k="departures_board" v="timetable"/>
    <tag k="highway" v="bus_stop"/>
    <tag k="name" v="Rua Armindo Rodrigues"/>
    <tag k="network" v="Carris"/>
    <tag k="network:wikidata" v="Q1045108"/>
    <tag k="operator" v="Carris"/>
    <tag k="operator:wikidata" v="Q1045108"/>
    <tag k="public_transport" v="platform"/>
    <tag k="route_ref" v="43B;778"/>
    <tag k="shelter" v="no"/>
  </node>
  <node id="8198018920" lat="38.7676320" lon="-9.1684691" version="1" timestamp="2020-12-06T04:44:34Z" changeset="95354686" uid="1193685" user="DiogoBaptista98">
    <tag k="bus" v="yes"/>
    <tag k="name" v="Alto da Faia"/>
    <tag k="network" v="Carris"/>
    <tag k="operator" v="Carris"/>
    <tag k="public_transport" v="stop_position"/>
    <tag k="short_name" v="Alto Faia"/>
  </node>
  <node id="8198018921" lat="38.7676856" lon="-9.1685089" version="2" timestamp="2024-11-02T14:08:25Z" changeset="158660349" uid="16603393" user="Dilxe">
    <tag k="bench" v="yes"/>
    <tag k="bin" v="yes"/>
    <tag k="bus" v="yes"/>
    <tag k="departures_board" v="timetable"/>
    <tag k="highway" v="bus_stop"/>
    <tag k="name" v="Alto da Faia"/>
    <tag k="network" v="Carris"/>
    <tag k="network:wikidata" v="Q1045108"/>
    <tag k="operator" v="Carris"/>
    <tag k="operator:wikidata" v="Q1045108"/>
    <tag k="public_transport" v="platform"/>
    <tag k="route_ref" v="778"/>
    <tag k="shelter" v="yes"/>
    <tag k="short_name" v="Alto Faia"/>
  </node>
  <node id="8198018922" lat="38.7680502" lon="-9.1693982" version="1" timestamp="2020-12-06T04:44:34Z" changeset="95354686" uid="1193685" user="DiogoBaptista98">
    <tag k="bus" v="yes"/>
    <tag k="name" v="Rua Frederico George"/>
    <tag k="network" v="Carris"/>
    <tag k="operator" v="Carris"/>
    <tag k="public_transport" v="stop_position"/>
  </node>
  <node id="8198018923" lat="38.7680834" lon="-9.1693260" version="1" timestamp="2020-12-06T04:44:34Z" changeset="95354686" uid="1193685" user="DiogoBaptista98">
    <tag k="bench" v="yes"/>
    <tag k="bin" v="yes"/>
    <tag k="bus" v="yes"/>
    <tag k="departures_board" v="timetable"/>
    <tag k="highway" v="bus_stop"/>
    <tag k="name" v="Rua Frederico George"/>
    <tag k="network" v="Carris"/>
    <tag k="operator" v="Carris"/>
    <tag k="public_transport" v="platform"/>
    <tag k="route_ref" v="778"/>
    <tag k="shelter" v="yes"/>
  </node>
  <node id="8198018924" lat="38.7671562" lon="-9.1705276" version="1" timestamp="2020-12-06T04:44:34Z" changeset="95354686" uid="1193685" user="DiogoBaptista98"/>
  <node id="8198018925" lat="38.7672074" lon="-9.1704820" version="1" timestamp="2020-12-06T04:44:34Z" changeset="95354686" uid="1193685" user="DiogoBaptista98"/>
  <node id="8198018926" lat="38.7671139" lon="-9.1705886" version="1" timestamp="2020-12-06T04:44:34Z" changeset="95354686" uid="1193685" user="DiogoBaptista98"/>
  <node id="8198142262" lat="38.7681292" lon="-9.1673548" version="1" timestamp="2020-12-06T06:35:26Z" changeset="95356078" uid="1193685" user="DiogoBaptista98">
    <tag k="bus" v="yes"/>
    <tag k="name" v="Rua Armindo Rodrigues"/>
    <tag k="network" v="Carris"/>
    <tag k="operator" v="Carris"/>
    <tag k="public_transport" v="stop_position"/>
    <tag k="short_name" v="R. Armindo Rodrigues"/>
  </node>
  <node id="8198142263" lat="38.7680973" lon="-9.1673311" version="5" timestamp="2024-11-02T14:08:25Z" changeset="158660349" uid="16603393" user="Dilxe">
    <tag k="bench" v="no"/>
    <tag k="bin" v="yes"/>
    <tag k="bus" v="yes"/>
    <tag k="departures_board" v="timetable"/>
    <tag k="highway" v="bus_stop"/>
    <tag k="lit" v="no"/>
    <tag k="name" v="Rua Armindo Rodrigues"/>
    <tag k="network" v="Carris"/>
    <tag k="network:wikidata" v="Q1045108"/>
    <tag k="operator" v="Carris"/>
    <tag k="operator:wikidata" v="Q1045108"/>
    <tag k="public_transport" v="platform"/>
    <tag k="route_ref" v="47B;778"/>
    <tag k="shelter" v="no"/>
    <tag k="short_name" v="R. Armindo Rodrigues"/>
    <tag k="tactile_paving" v="no"/>
  </node>
  <node id="8796161209" lat="38.7622312" lon="-9.1669690" version="2" timestamp="2021-11-17T01:33:01Z" changeset="113876124" uid="1193685" user="DiogoBaptista98"/>
  <node id="8890831088" lat="38.7645195" lon="-9.1683726" version="1" timestamp="2021-07-03T18:45:52Z" changeset="107365703" uid="10266492" user="Sérgio R Loureiro"/>
  <node id="8890831089" lat="38.7659581" lon="-9.1679081" version="2" timestamp="2023-11-03T19:37:07Z" changeset="143588808" uid="12612838" user="rui228">
    <tag k="direction" v="forward"/>
    <tag k="highway" v="give_way"/>
  </node>
  <node id="8944876082" lat="38.7629614" lon="-9.1710249" version="1" timestamp="2021-07-23T19:33:51Z" changeset="108510590" uid="1728066" user="HeapSrc"/>
  <node id="9079773884" lat="38.7647790" lon="-9.1665616" version="2" timestamp="2021-11-17T01:33:01Z" changeset="113876124" uid="1193685" user="DiogoBaptista98"/>
  <node id="9079773890" lat="38.7647579" lon="-9.1667141" version="2" timestamp="2021-11-17T01:33:01Z" changeset="113876124" uid="1193685" user="DiogoBaptista98"/>
  <node id="9258702578" lat="38.7650748" lon="-9.1668338" version="2" timestamp="2026-04-25T09:45:21Z" changeset="181798434" uid="20972402" user="DanielAgos">
    <tag k="bus" v="yes"/>
    <tag k="local_ref" v="50008"/>
    <tag k="name" v="Rua Professor Vieira de Almeida"/>
    <tag k="network" v="Carris"/>
    <tag k="operator" v="Carris"/>
    <tag k="public_transport" v="stop_position"/>
    <tag k="ref" v="50008"/>
    <tag k="short_name" v="R. Prof. Vieira Almeida"/>
  </node>
  <node id="9258702584" lat="38.7648646" lon="-9.1665217" version="3" timestamp="2023-02-11T19:42:16Z" changeset="132419334" uid="347293" user="Alexmol">
    <tag k="crossing" v="uncontrolled"/>
    <tag k="crossing:markings" v="zebra"/>
    <tag k="highway" v="crossing"/>
    <tag k="tactile_paving" v="no"/>
  </node>
  <node id="9258702587" lat="38.7646889" lon="-9.1666324" version="1" timestamp="2021-11-17T01:33:01Z" changeset="113876124" uid="1193685" user="DiogoBaptista98"/>
  <node id="9258702589" lat="38.7632397" lon="-9.1670661" version="1" timestamp="2021-11-17T01:33:01Z" changeset="113876124" uid="1193685" user="DiogoBaptista98"/>
  <node id="9258702590" lat="38.7631465" lon="-9.1670944" version="1" timestamp="2021-11-17T01:33:01Z" changeset="113876124" uid="1193685" user="DiogoBaptista98"/>
  <node id="9258702591" lat="38.7631063" lon="-9.1670562" version="1" timestamp="2021-11-17T01:33:01Z" changeset="113876124" uid="1193685" user="DiogoBaptista98"/>
  <node id="9258702592" lat="38.7630508" lon="-9.1670132" version="1" timestamp="2021-11-17T01:33:01Z" changeset="113876124" uid="1193685" user="DiogoBaptista98"/>
  <node id="9258702593" lat="38.7629949" lon="-9.1669985" version="1" timestamp="2021-11-17T01:33:01Z" changeset="113876124" uid="1193685" user="DiogoBaptista98"/>
  <node id="9258702594" lat="38.7628417" lon="-9.1669898" version="1" timestamp="2021-11-17T01:33:01Z" changeset="113876124" uid="1193685" user="DiogoBaptista98"/>
  <node id="9258702595" lat="38.7625735" lon="-9.1669790" version="1" timestamp="2021-11-17T01:33:01Z" changeset="113876124" uid="1193685" user="DiogoBaptista98"/>
  <node id="9258702596" lat="38.7623419" lon="-9.1669683" version="1" timestamp="2021-11-17T01:33:01Z" changeset="113876124" uid="1193685" user="DiogoBaptista98"/>
  <node id="9258702602" lat="38.7632835" lon="-9.1670924" version="1" timestamp="2021-11-17T01:33:01Z" changeset="113876124" uid="1193685" user="DiogoBaptista98"/>
  <node id="9258702603" lat="38.7634779" lon="-9.1672798" version="1" timestamp="2021-11-17T01:33:01Z" changeset="113876124" uid="1193685" user="DiogoBaptista98"/>
  <node id="9258702604" lat="38.7634168" lon="-9.1672211" version="1" timestamp="2021-11-17T01:33:01Z" changeset="113876124" uid="1193685" user="DiogoBaptista98"/>
  <node id="9258702605" lat="38.7634200" lon="-9.1670984" version="1" timestamp="2021-11-17T01:33:01Z" changeset="113876124" uid="1193685" user="DiogoBaptista98"/>
  <node id="9258702606" lat="38.7631842" lon="-9.1670327" version="1" timestamp="2021-11-17T01:33:01Z" changeset="113876124" uid="1193685" user="DiogoBaptista98"/>
  <node id="9258702607" lat="38.7631611" lon="-9.1670703" version="3" timestamp="2023-02-11T19:42:16Z" changeset="132419334" uid="347293" user="Alexmol">
    <tag k="crossing" v="uncontrolled"/>
    <tag k="crossing:markings" v="zebra"/>
    <tag k="highway" v="crossing"/>
    <tag k="tactile_paving" v="no"/>
  </node>
  <node id="9258702608" lat="38.7630775" lon="-9.1669918" version="1" timestamp="2021-11-17T01:33:01Z" changeset="113876124" uid="1193685" user="DiogoBaptista98">
    <tag k="highway" v="give_way"/>
  </node>
  <node id="9258702609" lat="38.7636689" lon="-9.1670300" version="1" timestamp="2021-11-17T01:33:01Z" changeset="113876124" uid="1193685" user="DiogoBaptista98"/>
  <node id="9258702610" lat="38.7632741" lon="-9.1672955" version="1" timestamp="2021-11-17T01:33:01Z" changeset="113876124" uid="1193685" user="DiogoBaptista98"/>
  <node id="9258702611" lat="38.7633850" lon="-9.1673841" version="1" timestamp="2021-11-17T01:33:01Z" changeset="113876124" uid="1193685" user="DiogoBaptista98"/>
  <node id="9258702612" lat="38.7641086" lon="-9.1669100" version="1" timestamp="2021-11-17T01:33:01Z" changeset="113876124" uid="1193685" user="DiogoBaptista98"/>
  <node id="9258702613" lat="38.7645237" lon="-9.1666793" version="1" timestamp="2021-11-17T01:33:01Z" changeset="113876124" uid="1193685" user="DiogoBaptista98"/>
  <node id="9259034764" lat="38.7641890" lon="-9.1668685" version="1" timestamp="2021-11-17T06:10:27Z" changeset="113880986" uid="1193685" user="DiogoBaptista98">
    <tag k="bus" v="yes"/>
    <tag k="local_ref" v="50003"/>
    <tag k="name" v="Rua Professor Vieira de Almeida"/>
    <tag k="network" v="Carris"/>
    <tag k="operator" v="Carris"/>
    <tag k="public_transport" v="stop_position"/>
    <tag k="ref" v="50003"/>
    <tag k="short_name" v="R. Prof. Vieira Almeida"/>
  </node>
  <node id="9259034765" lat="38.7642155" lon="-9.1669509" version="3" timestamp="2022-10-09T08:19:33Z" changeset="127235336" uid="17329951" user="josejade">
    <tag k="bench" v="yes"/>
    <tag k="bin" v="yes"/>
    <tag k="bus" v="yes"/>
    <tag k="departures_board" v="timetable"/>
    <tag k="highway" v="bus_stop"/>
    <tag k="lit" v="yes"/>
    <tag k="local_ref" v="50003"/>
    <tag k="name" v="Rua Professor Vieira de Almeida"/>
    <tag k="network" v="Carris"/>
    <tag k="operator" v="Carris"/>
    <tag k="public_transport" v="platform"/>
    <tag k="ref" v="50003"/>
    <tag k="route_ref" v="747"/>
    <tag k="shelter" v="yes"/>
    <tag k="short_name" v="R. Prof. Vieira Almeida"/>
    <tag k="tactile_paving" v="no"/>
  </node>
  <node id="9262134073" lat="38.7666638" lon="-9.1682648" version="1" timestamp="2021-11-18T01:17:18Z" changeset="113922758" uid="11152051" user="RazorWind"/>
  <node id="9262134074" lat="38.7663534" lon="-9.1683497" version="1" timestamp="2021-11-18T01:17:18Z" changeset="113922758" uid="11152051" user="RazorWind"/>
  <node id="9262134075" lat="38.7663613" lon="-9.1683970" version="1" timestamp="2021-11-18T01:17:18Z" changeset="113922758" uid="11152051" user="RazorWind"/>
  <node id="9262134076" lat="38.7660798" lon="-9.1684740" version="1" timestamp="2021-11-18T01:17:18Z" changeset="113922758" uid="11152051" user="RazorWind"/>
  <node id="9262134077" lat="38.7660353" lon="-9.1682061" version="1" timestamp="2021-11-18T01:17:18Z" changeset="113922758" uid="11152051" user="RazorWind"/>
  <node id="9262134078" lat="38.7666271" lon="-9.1680441" version="1" timestamp="2021-11-18T01:17:18Z" changeset="113922758" uid="11152051" user="RazorWind"/>
  <node id="9433941363" lat="38.7638968" lon="-9.1707307" version="1" timestamp="2022-01-20T15:13:57Z" changeset="116389877" uid="14899633" user="Hoanui"/>
  <node id="9491112161" lat="38.7635413" lon="-9.1720142" version="1" timestamp="2022-02-09T00:44:11Z" changeset="117181264" uid="1193685" user="DiogoBaptista98"/>
  <node id="9491112162" lat="38.7634299" lon="-9.1714084" version="1" timestamp="2022-02-09T00:44:11Z" changeset="117181264" uid="1193685" user="DiogoBaptista98"/>
  <node id="9491112163" lat="38.7633975" lon="-9.1712364" version="1" timestamp="2022-02-09T00:44:11Z" changeset="117181264" uid="1193685" user="DiogoBaptista98"/>
  <node id="9491112164" lat="38.7633891" lon="-9.1711609" version="1" timestamp="2022-02-09T00:44:11Z" changeset="117181264" uid="1193685" user="DiogoBaptista98"/>
  <node id="9491112165" lat="38.7633931" lon="-9.1711053" version="1" timestamp="2022-02-09T00:44:11Z" changeset="117181264" uid="1193685" user="DiogoBaptista98"/>
  <node id="9491112166" lat="38.7634077" lon="-9.1710563" version="1" timestamp="2022-02-09T00:44:11Z" changeset="117181264" uid="1193685" user="DiogoBaptista98"/>
  <node id="9491112167" lat="38.7634302" lon="-9.1710124" version="1" timestamp="2022-02-09T00:44:11Z" changeset="117181264" uid="1193685" user="DiogoBaptista98"/>
  <node id="9491112190" lat="38.7632093" lon="-9.1707677" version="1" timestamp="2022-02-09T00:44:11Z" changeset="117181264" uid="1193685" user="DiogoBaptista98"/>
  <node id="9491112191" lat="38.7631674" lon="-9.1707449" version="1" timestamp="2022-02-09T00:44:11Z" changeset="117181264" uid="1193685" user="DiogoBaptista98"/>
  <node id="9491112195" lat="38.7631297" lon="-9.1707389" version="1" timestamp="2022-02-09T00:44:11Z" changeset="117181264" uid="1193685" user="DiogoBaptista98">
    <tag k="crossing" v="traffic_signals"/>
    <tag k="highway" v="traffic_signals"/>
  </node>
  <node id="9491112196" lat="38.7630655" lon="-9.1707368" version="1" timestamp="2022-02-09T00:44:11Z" changeset="117181264" uid="1193685" user="DiogoBaptista98"/>
  <node id="9491112198" lat="38.7631837" lon="-9.1708126" version="1" timestamp="2022-02-09T00:44:11Z" changeset="117181264" uid="1193685" user="DiogoBaptista98"/>
  <node id="9491112199" lat="38.7633818" lon="-9.1708088" version="1" timestamp="2022-02-09T00:44:11Z" changeset="117181264" uid="1193685" user="DiogoBaptista98"/>
  <node id="9491112200" lat="38.7633774" lon="-9.1709430" version="1" timestamp="2022-02-09T00:44:11Z" changeset="117181264" uid="1193685" user="DiogoBaptista98"/>
  <node id="9491112201" lat="38.7636344" lon="-9.1692133" version="1" timestamp="2022-02-09T00:44:11Z" changeset="117181264" uid="1193685" user="DiogoBaptista98"/>
  <node id="9491112202" lat="38.7633419" lon="-9.1711508" version="1" timestamp="2022-02-09T00:44:11Z" changeset="117181264" uid="1193685" user="DiogoBaptista98"/>
  <node id="9491112203" lat="38.7632976" lon="-9.1709038" version="1" timestamp="2022-02-09T00:44:11Z" changeset="117181264" uid="1193685" user="DiogoBaptista98"/>
  <node id="9491112204" lat="38.7632565" lon="-9.1711047" version="1" timestamp="2022-02-09T00:44:11Z" changeset="117181264" uid="1193685" user="DiogoBaptista98"/>
  <node id="9491112205" lat="38.7632318" lon="-9.1708763" version="1" timestamp="2022-02-09T00:44:11Z" changeset="117181264" uid="1193685" user="DiogoBaptista98">
    <tag k="highway" v="traffic_signals"/>
  </node>
  <node id="9491112209" lat="38.7632779" lon="-9.1692204" version="1" timestamp="2022-02-09T00:44:11Z" changeset="117181264" uid="1193685" user="DiogoBaptista98">
    <tag k="crossing" v="traffic_signals"/>
    <tag k="highway" v="traffic_signals"/>
  </node>
  <node id="9491112210" lat="38.7633430" lon="-9.1692235" version="1" timestamp="2022-02-09T00:44:11Z" changeset="117181264" uid="1193685" user="DiogoBaptista98"/>
  <node id="9799243433" lat="38.7631276" lon="-9.1402031" version="2" timestamp="2023-09-28T22:41:50Z" changeset="141888217" uid="19192602" user="Pedro A Ferreira">
    <tag k="camera:mount" v="pole"/>
    <tag k="camera:type" v="dome"/>
    <tag k="man_made" v="surveillance"/>
    <tag k="mapillary" v="531795934784065"/>
    <tag k="surveillance" v="public"/>
    <tag k="surveillance:type" v="camera"/>
    <tag k="surveillance:zone" v="traffic"/>
  </node>
  <node id="9923227802" lat="38.7644050" lon="-9.1686742" version="6" timestamp="2025-02-04T13:43:42Z" changeset="162126140" uid="347293" user="Alexmol">
    <tag k="MCC" v="268"/>
    <tag k="MNC" v="06"/>
    <tag k="check_date" v="2025-01-28"/>
    <tag k="communication:mobile_phone" v="yes"/>
    <tag k="man_made" v="mast"/>
    <tag k="material" v="metal"/>
    <tag k="operator" v="MEO"/>
    <tag k="owner" v="Cellnex"/>
    <tag k="ref" v="98LN065"/>
    <tag k="tower:construction" v="freestanding"/>
    <tag k="tower:type" v="communication"/>
  </node>
  <node id="10058722683" lat="38.7682465" lon="-9.1698448" version="4" timestamp="2024-02-13T21:41:55Z" changeset="147427841" uid="347293" user="Alexmol">
    <tag k="check_date" v="2023-05-30"/>
    <tag k="communication:mobile_phone" v="no"/>
    <tag k="location" v="roof"/>
    <tag k="man_made" v="antenna"/>
    <tag k="old_operator" v="NOS"/>
    <tag k="owner" v="NOS"/>
  </node>
  <node id="10101683324" lat="38.7946767" lon="-9.1170437" version="1" timestamp="2022-10-14T17:02:49Z" changeset="127536252" uid="1193685" user="DiogoBaptista98"/>
  <node id="10101683329" lat="38.7940483" lon="-9.1132373" version="1" timestamp="2022-10-14T17:02:49Z" changeset="127536252" uid="1193685" user="DiogoBaptista98"/>
  <node id="10101683330" lat="38.7944266" lon="-9.1127944" version="1" timestamp="2022-10-14T17:02:49Z" changeset="127536252" uid="1193685" user="DiogoBaptista98"/>
  <node id="10101683331" lat="38.7951709" lon="-9.1121976" version="1" timestamp="2022-10-14T17:02:49Z" changeset="127536252" uid="1193685" user="DiogoBaptista98"/>
  <node id="10101683332" lat="38.7964380" lon="-9.1114493" version="1" timestamp="2022-10-14T17:02:49Z" changeset="127536252" uid="1193685" user="DiogoBaptista98"/>
  <node id="10101683345" lat="38.7998777" lon="-9.1094597" version="1" timestamp="2022-10-14T17:02:49Z" changeset="127536252" uid="1193685" user="DiogoBaptista98"/>
  <node id="10101683346" lat="38.7995579" lon="-9.1096415" version="1" timestamp="2022-10-14T17:02:49Z" changeset="127536252" uid="1193685" user="DiogoBaptista98"/>
  <node id="10101683349" lat="38.7942727" lon="-9.1173568" version="1" timestamp="2022-10-14T17:02:49Z" changeset="127536252" uid="1193685" user="DiogoBaptista98"/>
  <node id="10101683350" lat="38.7932267" lon="-9.1167872" version="1" timestamp="2022-10-14T17:02:49Z" changeset="127536252" uid="1193685" user="DiogoBaptista98"/>
  <node id="10101683351" lat="38.7904384" lon="-9.1161096" version="1" timestamp="2022-10-14T17:02:49Z" changeset="127536252" uid="1193685" user="DiogoBaptista98"/>
  <node id="10101683352" lat="38.7891259" lon="-9.1161221" version="1" timestamp="2022-10-14T17:02:49Z" changeset="127536252" uid="1193685" user="DiogoBaptista98"/>
  <node id="10101683353" lat="38.7896980" lon="-9.1160238" version="1" timestamp="2022-10-14T17:02:49Z" changeset="127536252" uid="1193685" user="DiogoBaptista98"/>
  <node id="10101683354" lat="38.7868481" lon="-9.1183026" version="1" timestamp="2022-10-14T17:02:49Z" changeset="127536252" uid="1193685" user="DiogoBaptista98"/>
  <node id="10101683355" lat="38.7876669" lon="-9.1174239" version="1" timestamp="2022-10-14T17:02:49Z" changeset="127536252" uid="1193685" user="DiogoBaptista98"/>
  <node id="10101683356" lat="38.7846223" lon="-9.1208615" version="1" timestamp="2022-10-14T17:02:49Z" changeset="127536252" uid="1193685" user="DiogoBaptista98"/>
  <node id="10101683357" lat="38.7842240" lon="-9.1214056" version="1" timestamp="2022-10-14T17:02:49Z" changeset="127536252" uid="1193685" user="DiogoBaptista98"/>
  <node id="10101683358" lat="38.7829120" lon="-9.1231605" version="1" timestamp="2022-10-14T17:02:49Z" changeset="127536252" uid="1193685" user="DiogoBaptista98"/>
  <node id="10101683359" lat="38.7824068" lon="-9.1243846" version="1" timestamp="2022-10-14T17:02:49Z" changeset="127536252" uid="1193685" user="DiogoBaptista98"/>
  <node id="10101683360" lat="38.7822147" lon="-9.1247725" version="1" timestamp="2022-10-14T17:02:49Z" changeset="127536252" uid="1193685" user="DiogoBaptista98"/>
  <node id="10101683361" lat="38.7818692" lon="-9.1246940" version="1" timestamp="2022-10-14T17:02:49Z" changeset="127536252" uid="1193685" user="DiogoBaptista98"/>
  <node id="10101683362" lat="38.7807181" lon="-9.1245894" version="1" timestamp="2022-10-14T17:02:49Z" changeset="127536252" uid="1193685" user="DiogoBaptista98"/>
  <node id="10101683363" lat="38.7803428" lon="-9.1245559" version="1" timestamp="2022-10-14T17:02:49Z" changeset="127536252" uid="1193685" user="DiogoBaptista98"/>
  <node id="10101683364" lat="38.7800448" lon="-9.1245103" version="1" timestamp="2022-10-14T17:02:49Z" changeset="127536252" uid="1193685" user="DiogoBaptista98"/>
  <node id="10101683365" lat="38.7797490" lon="-9.1244325" version="1" timestamp="2022-10-14T17:02:49Z" changeset="127536252" uid="1193685" user="DiogoBaptista98"/>
  <node id="10101683366" lat="38.7793601" lon="-9.1242917" version="1" timestamp="2022-10-14T17:02:49Z" changeset="127536252" uid="1193685" user="DiogoBaptista98"/>
  <node id="10101683367" lat="38.7787077" lon="-9.1239551" version="1" timestamp="2022-10-14T17:02:49Z" changeset="127536252" uid="1193685" user="DiogoBaptista98"/>
  <node id="10101683368" lat="38.7784630" lon="-9.1238451" version="1" timestamp="2022-10-14T17:02:49Z" changeset="127536252" uid="1193685" user="DiogoBaptista98"/>
  <node id="10101683369" lat="38.7782769" lon="-9.1237767" version="1" timestamp="2022-10-14T17:02:49Z" changeset="127536252" uid="1193685" user="DiogoBaptista98"/>
  <node id="10101683370" lat="38.7780407" lon="-9.1237472" version="1" timestamp="2022-10-14T17:02:49Z" changeset="127536252" uid="1193685" user="DiogoBaptista98"/>
  <node id="10101683371" lat="38.7776392" lon="-9.1237324" version="1" timestamp="2022-10-14T17:02:49Z" changeset="127536252" uid="1193685" user="DiogoBaptista98"/>
  <node id="10101683372" lat="38.7770547" lon="-9.1237164" version="1" timestamp="2022-10-14T17:02:49Z" changeset="127536252" uid="1193685" user="DiogoBaptista98"/>
  <node id="10101683373" lat="38.7766167" lon="-9.1236962" version="1" timestamp="2022-10-14T17:02:49Z" changeset="127536252" uid="1193685" user="DiogoBaptista98"/>
  <node id="10101683374" lat="38.7761431" lon="-9.1237070" version="1" timestamp="2022-10-14T17:02:49Z" changeset="127536252" uid="1193685" user="DiogoBaptista98"/>
  <node id="10101683375" lat="38.7756038" lon="-9.1237482" version="1" timestamp="2022-10-14T17:02:49Z" changeset="127536252" uid="1193685" user="DiogoBaptista98"/>
  <node id="10101683376" lat="38.7737969" lon="-9.1236064" version="1" timestamp="2022-10-14T17:02:49Z" changeset="127536252" uid="1193685" user="DiogoBaptista98"/>
  <node id="10101683377" lat="38.7727095" lon="-9.1237566" version="1" timestamp="2022-10-14T17:02:49Z" changeset="127536252" uid="1193685" user="DiogoBaptista98"/>
  <node id="10101683378" lat="38.7715740" lon="-9.1239470" version="1" timestamp="2022-10-14T17:02:49Z" changeset="127536252" uid="1193685" user="DiogoBaptista98"/>
  <node id="10101683379" lat="38.7707166" lon="-9.1240999" version="1" timestamp="2022-10-14T17:02:49Z" changeset="127536252" uid="1193685" user="DiogoBaptista98"/>
  <node id="10101683380" lat="38.7700788" lon="-9.1242448" version="1" timestamp="2022-10-14T17:02:49Z" changeset="127536252" uid="1193685" user="DiogoBaptista98"/>
  <node id="10101683381" lat="38.7695183" lon="-9.1243950" version="1" timestamp="2022-10-14T17:02:49Z" changeset="127536252" uid="1193685" user="DiogoBaptista98"/>
  <node id="10101683382" lat="38.7688637" lon="-9.1246471" version="1" timestamp="2022-10-14T17:02:49Z" changeset="127536252" uid="1193685" user="DiogoBaptista98"/>
  <node id="10101683383" lat="38.7683054" lon="-9.1249099" version="1" timestamp="2022-10-14T17:02:49Z" changeset="127536252" uid="1193685" user="DiogoBaptista98"/>
  <node id="10101683384" lat="38.7675504" lon="-9.1253659" version="1" timestamp="2022-10-14T17:02:49Z" changeset="127536252" uid="1193685" user="DiogoBaptista98"/>
  <node id="10101683385" lat="38.7668206" lon="-9.1259024" version="1" timestamp="2022-10-14T17:02:49Z" changeset="127536252" uid="1193685" user="DiogoBaptista98"/>
  <node id="10101683386" lat="38.7661074" lon="-9.1265649" version="1" timestamp="2022-10-14T17:02:49Z" changeset="127536252" uid="1193685" user="DiogoBaptista98"/>
  <node id="10101683387" lat="38.7651705" lon="-9.1275439" version="1" timestamp="2022-10-14T17:02:49Z" changeset="127536252" uid="1193685" user="DiogoBaptista98"/>
  <node id="10101683388" lat="38.7647187" lon="-9.1280669" version="1" timestamp="2022-10-14T17:02:49Z" changeset="127536252" uid="1193685" user="DiogoBaptista98"/>
  <node id="10101683389" lat="38.7643193" lon="-9.1286328" version="1" timestamp="2022-10-14T17:02:49Z" changeset="127536252" uid="1193685" user="DiogoBaptista98"/>
  <node id="10101683390" lat="38.7640265" lon="-9.1291291" version="1" timestamp="2022-10-14T17:02:49Z" changeset="127536252" uid="1193685" user="DiogoBaptista98"/>
  <node id="10101683391" lat="38.7637149" lon="-9.1297942" version="1" timestamp="2022-10-14T17:02:49Z" changeset="127536252" uid="1193685" user="DiogoBaptista98"/>
  <node id="10101683392" lat="38.7635016" lon="-9.1304031" version="1" timestamp="2022-10-14T17:02:49Z" changeset="127536252" uid="1193685" user="DiogoBaptista98"/>
  <node id="10101683393" lat="38.7633091" lon="-9.1310871" version="1" timestamp="2022-10-14T17:02:49Z" changeset="127536252" uid="1193685" user="DiogoBaptista98"/>
  <node id="10101683394" lat="38.7631774" lon="-9.1318113" version="1" timestamp="2022-10-14T17:02:49Z" changeset="127536252" uid="1193685" user="DiogoBaptista98"/>
  <node id="10101683395" lat="38.7631105" lon="-9.1325355" version="1" timestamp="2022-10-14T17:02:49Z" changeset="127536252" uid="1193685" user="DiogoBaptista98"/>
  <node id="10101683396" lat="38.7630958" lon="-9.1333321" version="1" timestamp="2022-10-14T17:02:49Z" changeset="127536252" uid="1193685" user="DiogoBaptista98"/>
  <node id="10101683397" lat="38.7631146" lon="-9.1344264" version="1" timestamp="2022-10-14T17:02:49Z" changeset="127536252" uid="1193685" user="DiogoBaptista98"/>
  <node id="10101683398" lat="38.7631418" lon="-9.1365373" version="1" timestamp="2022-10-14T17:02:49Z" changeset="127536252" uid="1193685" user="DiogoBaptista98"/>
  <node id="10101683399" lat="38.7631669" lon="-9.1379079" version="1" timestamp="2022-10-14T17:02:49Z" changeset="127536252" uid="1193685" user="DiogoBaptista98"/>
  <node id="10101683400" lat="38.7631690" lon="-9.1389674" version="1" timestamp="2022-10-14T17:02:49Z" changeset="127536252" uid="1193685" user="DiogoBaptista98"/>
  <node id="10101683401" lat="38.7631523" lon="-9.1398150" version="1" timestamp="2022-10-14T17:02:49Z" changeset="127536252" uid="1193685" user="DiogoBaptista98"/>
  <node id="10101683402" lat="38.7630812" lon="-9.1409335" version="1" timestamp="2022-10-14T17:02:49Z" changeset="127536252" uid="1193685" user="DiogoBaptista98"/>
  <node id="10101683403" lat="38.7629975" lon="-9.1418213" version="1" timestamp="2022-10-14T17:02:49Z" changeset="127536252" uid="1193685" user="DiogoBaptista98"/>
  <node id="10101683404" lat="38.7628595" lon="-9.1428754" version="1" timestamp="2022-10-14T17:02:49Z" changeset="127536252" uid="1193685" user="DiogoBaptista98"/>
  <node id="10101683405" lat="38.7626901" lon="-9.1439027" version="1" timestamp="2022-10-14T17:02:49Z" changeset="127536252" uid="1193685" user="DiogoBaptista98"/>
  <node id="10101683406" lat="38.7624391" lon="-9.1452733" version="1" timestamp="2022-10-14T17:02:49Z" changeset="127536252" uid="1193685" user="DiogoBaptista98"/>
  <node id="10101683407" lat="38.7622613" lon="-9.1462201" version="1" timestamp="2022-10-14T17:02:49Z" changeset="127536252" uid="1193685" user="DiogoBaptista98"/>
  <node id="10101683408" lat="38.7620940" lon="-9.1470838" version="1" timestamp="2022-10-14T17:02:49Z" changeset="127536252" uid="1193685" user="DiogoBaptista98"/>
  <node id="10101683409" lat="38.7619058" lon="-9.1479367" version="1" timestamp="2022-10-14T17:02:49Z" changeset="127536252" uid="1193685" user="DiogoBaptista98"/>
  <node id="10101683410" lat="38.7616004" lon="-9.1490820" version="1" timestamp="2022-10-14T17:02:49Z" changeset="127536252" uid="1193685" user="DiogoBaptista98"/>
  <node id="10101683411" lat="38.7613892" lon="-9.1497579" version="1" timestamp="2022-10-14T17:02:49Z" changeset="127536252" uid="1193685" user="DiogoBaptista98"/>
  <node id="10101683412" lat="38.7610295" lon="-9.1508254" version="1" timestamp="2022-10-14T17:02:49Z" changeset="127536252" uid="1193685" user="DiogoBaptista98"/>
  <node id="10101683413" lat="38.7604459" lon="-9.1524965" version="1" timestamp="2022-10-14T17:02:49Z" changeset="127536252" uid="1193685" user="DiogoBaptista98"/>
  <node id="10101683414" lat="38.7599983" lon="-9.1537732" version="1" timestamp="2022-10-14T17:02:49Z" changeset="127536252" uid="1193685" user="DiogoBaptista98"/>
  <node id="10101683415" lat="38.7597034" lon="-9.1546395" version="1" timestamp="2022-10-14T17:02:49Z" changeset="127536252" uid="1193685" user="DiogoBaptista98"/>
  <node id="10101683416" lat="38.7594127" lon="-9.1556695" version="1" timestamp="2022-10-14T17:02:49Z" changeset="127536252" uid="1193685" user="DiogoBaptista98"/>
  <node id="10101683417" lat="38.7589860" lon="-9.1574639" version="1" timestamp="2022-10-14T17:02:49Z" changeset="127536252" uid="1193685" user="DiogoBaptista98"/>
  <node id="10101683418" lat="38.7586995" lon="-9.1586629" version="1" timestamp="2022-10-14T17:02:49Z" changeset="127536252" uid="1193685" user="DiogoBaptista98"/>
  <node id="10101683419" lat="38.7586388" lon="-9.1590840" version="1" timestamp="2022-10-14T17:02:49Z" changeset="127536252" uid="1193685" user="DiogoBaptista98"/>
  <node id="10101683420" lat="38.7586409" lon="-9.1593951" version="1" timestamp="2022-10-14T17:02:49Z" changeset="127536252" uid="1193685" user="DiogoBaptista98"/>
  <node id="10101683421" lat="38.7587204" lon="-9.1598430" version="1" timestamp="2022-10-14T17:02:49Z" changeset="127536252" uid="1193685" user="DiogoBaptista98"/>
  <node id="10101683422" lat="38.7588658" lon="-9.1601636" version="1" timestamp="2022-10-14T17:02:49Z" changeset="127536252" uid="1193685" user="DiogoBaptista98"/>
  <node id="10101683423" lat="38.7592579" lon="-9.1607872" version="1" timestamp="2022-10-14T17:02:49Z" changeset="127536252" uid="1193685" user="DiogoBaptista98"/>
  <node id="10101683424" lat="38.7595779" lon="-9.1612244" version="1" timestamp="2022-10-14T17:02:49Z" changeset="127536252" uid="1193685" user="DiogoBaptista98"/>
  <node id="10101683425" lat="38.7600339" lon="-9.1617407" version="1" timestamp="2022-10-14T17:02:49Z" changeset="127536252" uid="1193685" user="DiogoBaptista98"/>
  <node id="10101683426" lat="38.7605432" lon="-9.1622061" version="1" timestamp="2022-10-14T17:02:49Z" changeset="127536252" uid="1193685" user="DiogoBaptista98"/>
  <node id="10101683427" lat="38.7611518" lon="-9.1626942" version="1" timestamp="2022-10-14T17:02:49Z" changeset="127536252" uid="1193685" user="DiogoBaptista98"/>
  <node id="10101683428" lat="38.7616600" lon="-9.1631797" version="1" timestamp="2022-10-14T17:02:49Z" changeset="127536252" uid="1193685" user="DiogoBaptista98"/>
  <node id="10101683429" lat="38.7621756" lon="-9.1636343" version="1" timestamp="2022-10-14T17:02:49Z" changeset="127536252" uid="1193685" user="DiogoBaptista98"/>
  <node id="10101683430" lat="38.7625813" lon="-9.1639723" version="1" timestamp="2022-10-14T17:02:49Z" changeset="127536252" uid="1193685" user="DiogoBaptista98"/>
  <node id="10101683431" lat="38.7630216" lon="-9.1642874" version="1" timestamp="2022-10-14T17:02:49Z" changeset="127536252" uid="1193685" user="DiogoBaptista98"/>
  <node id="10101683432" lat="38.7635580" lon="-9.1646013" version="1" timestamp="2022-10-14T17:02:49Z" changeset="127536252" uid="1193685" user="DiogoBaptista98"/>
  <node id="10101683433" lat="38.7640024" lon="-9.1648118" version="1" timestamp="2022-10-14T17:02:49Z" changeset="127536252" uid="1193685" user="DiogoBaptista98"/>
  <node id="10101683434" lat="38.7645588" lon="-9.1650210" version="1" timestamp="2022-10-14T17:02:49Z" changeset="127536252" uid="1193685" user="DiogoBaptista98"/>
  <node id="10101683435" lat="38.7648861" lon="-9.1651136" version="1" timestamp="2022-10-14T17:02:49Z" changeset="127536252" uid="1193685" user="DiogoBaptista98"/>
  <node id="10101683436" lat="38.7654486" lon="-9.1652262" version="1" timestamp="2022-10-14T17:02:49Z" changeset="127536252" uid="1193685" user="DiogoBaptista98"/>
  <node id="10101683437" lat="38.7658355" lon="-9.1652745" version="1" timestamp="2022-10-14T17:02:49Z" changeset="127536252" uid="1193685" user="DiogoBaptista98"/>
  <node id="10101683438" lat="38.7657812" lon="-9.1658270" version="1" timestamp="2022-10-14T17:02:49Z" changeset="127536252" uid="1193685" user="DiogoBaptista98"/>
  <node id="10101683439" lat="38.7648563" lon="-9.1690899" version="1" timestamp="2022-10-14T17:02:49Z" changeset="127536252" uid="1193685" user="DiogoBaptista98"/>
  <node id="10101683440" lat="38.7647255" lon="-9.1683041" version="1" timestamp="2022-10-14T17:02:49Z" changeset="127536252" uid="1193685" user="DiogoBaptista98"/>
  <node id="10101683441" lat="38.7653744" lon="-9.1669469" version="1" timestamp="2022-10-14T17:02:49Z" changeset="127536252" uid="1193685" user="DiogoBaptista98"/>
  <node id="10101683442" lat="38.7656630" lon="-9.1662763" version="1" timestamp="2022-10-14T17:02:49Z" changeset="127536252" uid="1193685" user="DiogoBaptista98"/>
  <node id="10187000271" lat="38.7696884" lon="-9.1652743" version="1" timestamp="2022-11-15T22:44:13Z" changeset="128962263" uid="1193685" user="DiogoBaptista98">
    <tag k="bus" v="yes"/>
    <tag k="name" v="Rua Frederico George (Rua Daniel Santa Rita)"/>
    <tag k="network" v="Carris"/>
    <tag k="operator" v="Carris"/>
    <tag k="public_transport" v="stop_position"/>
    <tag k="ref" v="50034"/>
    <tag k="short_name" v="R. F. George (R. Daniel Santa Rita)"/>
  </node>
  <node id="10187000272" lat="38.7697327" lon="-9.1651769" version="2" timestamp="2024-11-02T14:08:25Z" changeset="158660349" uid="16603393" user="Dilxe">
    <tag k="bench" v="no"/>
    <tag k="bin" v="no"/>
    <tag k="bus" v="yes"/>
    <tag k="departures_board" v="timetable"/>
    <tag k="highway" v="bus_stop"/>
    <tag k="name" v="Rua Frederico George (Rua Daniel Santa Rita)"/>
    <tag k="network" v="Carris"/>
    <tag k="network:wikidata" v="Q1045108"/>
    <tag k="operator" v="Carris"/>
    <tag k="operator:wikidata" v="Q1045108"/>
    <tag k="public_transport" v="platform"/>
    <tag k="ref" v="50034"/>
    <tag k="route_ref" v="43B;44B"/>
    <tag k="shelter" v="no"/>
    <tag k="short_name" v="R. F. George (R. Daniel Santa Rita)"/>
  </node>
  <node id="10187000273" lat="38.7694875" lon="-9.1666029" version="1" timestamp="2022-11-15T22:44:13Z" changeset="128962263" uid="1193685" user="DiogoBaptista98">
    <tag k="bench" v="no"/>
    <tag k="bin" v="no"/>
    <tag k="bus" v="yes"/>
    <tag k="departures_board" v="timetable"/>
    <tag k="highway" v="bus_stop"/>
    <tag k="name" v="Rua Frederico George"/>
    <tag k="network" v="Carris"/>
    <tag k="operator" v="Carris"/>
    <tag k="public_transport" v="platform"/>
    <tag k="ref" v="50033"/>
    <tag k="route_ref" v="43B;44B"/>
    <tag k="shelter" v="no"/>
    <tag k="short_name" v="R. Frederico George"/>
  </node>
  <node id="10187000274" lat="38.7679504" lon="-9.1700830" version="1" timestamp="2022-11-15T22:44:13Z" changeset="128962263" uid="1193685" user="DiogoBaptista98"/>
  <node id="10187000275" lat="38.7691717" lon="-9.1679196" version="1" timestamp="2022-11-15T22:44:13Z" changeset="128962263" uid="1193685" user="DiogoBaptista98"/>
  <node id="10187000276" lat="38.7690932" lon="-9.1678637" version="1" timestamp="2022-11-15T22:44:13Z" changeset="128962263" uid="1193685" user="DiogoBaptista98">
    <tag k="entrance" v="garage"/>
  </node>
  <node id="10187000277" lat="38.7689754" lon="-9.1677799" version="1" timestamp="2022-11-15T22:44:13Z" changeset="128962263" uid="1193685" user="DiogoBaptista98"/>
  <node id="10187000278" lat="38.7690295" lon="-9.1684879" version="1" timestamp="2022-11-15T22:44:13Z" changeset="128962263" uid="1193685" user="DiogoBaptista98">
    <tag k="noexit" v="yes"/>
  </node>
  <node id="10187000279" lat="38.7692510" lon="-9.1679761" version="1" timestamp="2022-11-15T22:44:13Z" changeset="128962263" uid="1193685" user="DiogoBaptista98"/>
  <node id="10187000280" lat="38.7693027" lon="-9.1673490" version="1" timestamp="2022-11-15T22:44:13Z" changeset="128962263" uid="1193685" user="DiogoBaptista98">
    <tag k="barrier" v="gate"/>
  </node>
  <node id="10187000281" lat="38.7691999" lon="-9.1672756" version="1" timestamp="2022-11-15T22:44:13Z" changeset="128962263" uid="1193685" user="DiogoBaptista98"/>
  <node id="10187000282" lat="38.7694775" lon="-9.1674739" version="1" timestamp="2022-11-15T22:44:13Z" changeset="128962263" uid="1193685" user="DiogoBaptista98"/>
  <node id="10187000283" lat="38.7692872" lon="-9.1679064" version="1" timestamp="2022-11-15T22:44:13Z" changeset="128962263" uid="1193685" user="DiogoBaptista98">
    <tag k="noexit" v="yes"/>
  </node>
  <node id="10187000284" lat="38.7696821" lon="-9.1666064" version="1" timestamp="2022-11-15T22:44:13Z" changeset="128962263" uid="1193685" user="DiogoBaptista98">
    <tag k="barrier" v="gate"/>
  </node>
  <node id="10187000285" lat="38.7698207" lon="-9.1667074" version="1" timestamp="2022-11-15T22:44:13Z" changeset="128962263" uid="1193685" user="DiogoBaptista98"/>
  <node id="10187000286" lat="38.7695317" lon="-9.1673598" version="1" timestamp="2022-11-15T22:44:13Z" changeset="128962263" uid="1193685" user="DiogoBaptista98">
    <tag k="noexit" v="yes"/>
  </node>
  <node id="10187000287" lat="38.7692621" lon="-9.1663313" version="1" timestamp="2022-11-15T22:44:13Z" changeset="128962263" uid="1193685" user="DiogoBaptista98"/>
  <node id="10187000288" lat="38.7690588" lon="-9.1666632" version="1" timestamp="2022-11-15T22:44:13Z" changeset="128962263" uid="1193685" user="DiogoBaptista98"/>
  <node id="10187000289" lat="38.7693044" lon="-9.1662357" version="1" timestamp="2022-11-15T22:44:13Z" changeset="128962263" uid="1193685" user="DiogoBaptista98"/>
  <node id="10187000290" lat="38.7691784" lon="-9.1667570" version="1" timestamp="2022-11-15T22:44:13Z" changeset="128962263" uid="1193685" user="DiogoBaptista98"/>
  <node id="10187000291" lat="38.7692898" lon="-9.1665047" version="1" timestamp="2022-11-15T22:44:13Z" changeset="128962263" uid="1193685" user="DiogoBaptista98"/>
  <node id="10187000292" lat="38.7692094" lon="-9.1664464" version="1" timestamp="2022-11-15T22:44:13Z" changeset="128962263" uid="1193685" user="DiogoBaptista98"/>
  <node id="10187000293" lat="38.7690980" lon="-9.1666987" version="1" timestamp="2022-11-15T22:44:13Z" changeset="128962263" uid="1193685" user="DiogoBaptista98"/>
  <node id="10187000294" lat="38.7693540" lon="-9.1666947" version="1" timestamp="2022-11-15T22:44:13Z" changeset="128962263" uid="1193685" user="DiogoBaptista98"/>
  <node id="10187000295" lat="38.7695720" lon="-9.1662126" version="1" timestamp="2022-11-15T22:44:13Z" changeset="128962263" uid="1193685" user="DiogoBaptista98"/>
  <node id="10187000296" lat="38.7695156" lon="-9.1663373" version="1" timestamp="2022-11-15T22:44:13Z" changeset="128962263" uid="1193685" user="DiogoBaptista98"/>
  <node id="10187000297" lat="38.7694208" lon="-9.1665470" version="1" timestamp="2022-11-15T22:44:13Z" changeset="128962263" uid="1193685" user="DiogoBaptista98"/>
  <node id="10187000298" lat="38.7693682" lon="-9.1666207" version="1" timestamp="2022-11-15T22:44:13Z" changeset="128962263" uid="1193685" user="DiogoBaptista98"/>
  <node id="10187000299" lat="38.7689825" lon="-9.1660014" version="1" timestamp="2022-11-15T22:44:13Z" changeset="128962263" uid="1193685" user="DiogoBaptista98"/>
  <node id="10187000300" lat="38.7687434" lon="-9.1665417" version="1" timestamp="2022-11-15T22:44:13Z" changeset="128962263" uid="1193685" user="DiogoBaptista98"/>
  <node id="10187000301" lat="38.7700307" lon="-9.1649996" version="2" timestamp="2024-11-02T14:08:25Z" changeset="158660349" uid="16603393" user="Dilxe">
    <tag k="brand" v="Cofidis"/>
    <tag k="brand:wikidata" v="Q1106920"/>
    <tag k="name" v="Cofidis"/>
    <tag k="office" v="financial"/>
  </node>
  <node id="10198142165" lat="38.7682885" lon="-9.1681573" version="1" timestamp="2022-11-17T21:18:22Z" changeset="129060362" uid="1193685" user="DiogoBaptista98">
    <tag k="name" v="Alto da Faia"/>
    <tag k="place" v="neighbourhood"/>
  </node>
  <node id="10212597317" lat="38.7635763" lon="-9.1712129" version="10" timestamp="2025-10-28T16:54:59Z" changeset="173893052" uid="21545886" user="Urafkard">
    <tag k="addr:housenumber" v="4"/>
    <tag k="addr:postcode" v="1600-248"/>
    <tag k="addr:street" v="Rua Mário Dionísio"/>
    <tag k="internet_access" v="wlan"/>
    <tag k="laundry_service" v="no"/>
    <tag k="name" v="Self-service laundry"/>
    <tag k="name:en" v="La Wash Telheiras"/>
    <tag k="name:pt" v="La Wash Telheiras"/>
    <tag k="name:ru" v="La Wash Telheiras"/>
    <tag k="opening_hours" v="Mo-Su 07:00-22:00"/>
    <tag k="self_service" v="yes"/>
    <tag k="shop" v="laundry"/>
  </node>
  <node id="10816811961" lat="38.7642544" lon="-9.1689028" version="1" timestamp="2023-04-16T19:15:36Z" changeset="134988779" uid="2761480" user="Antonio Amaral"/>
  <node id="10816811962" lat="38.7641823" lon="-9.1684683" version="1" timestamp="2023-04-16T19:15:36Z" changeset="134988779" uid="2761480" user="Antonio Amaral"/>
  <node id="10816811963" lat="38.7638706" lon="-9.1685515" version="2" timestamp="2024-01-30T23:03:44Z" changeset="146882542" uid="11152051" user="RazorWind"/>
  <node id="10816811964" lat="38.7638242" lon="-9.1684989" version="2" timestamp="2024-01-30T23:03:44Z" changeset="146882542" uid="11152051" user="RazorWind"/>
  <node id="10816811970" lat="38.7643161" lon="-9.1692623" version="1" timestamp="2023-04-16T19:15:36Z" changeset="134988779" uid="2761480" user="Antonio Amaral"/>
  <node id="10816811971" lat="38.7639158" lon="-9.1693578" version="2" timestamp="2024-01-30T23:03:44Z" changeset="146882542" uid="11152051" user="RazorWind"/>
  <node id="10816811975" lat="38.7644453" lon="-9.1699939" version="1" timestamp="2023-04-16T19:15:36Z" changeset="134988779" uid="2761480" user="Antonio Amaral"/>
  <node id="10816811978" lat="38.7639227" lon="-9.1702327" version="1" timestamp="2023-04-16T19:15:36Z" changeset="134988779" uid="2761480" user="Antonio Amaral"/>
  <node id="10816811979" lat="38.7638067" lon="-9.1702328" version="1" timestamp="2023-04-16T19:15:36Z" changeset="134988779" uid="2761480" user="Antonio Amaral"/>
  <node id="10816811980" lat="38.7638023" lon="-9.1702680" version="1" timestamp="2023-04-16T19:15:36Z" changeset="134988779" uid="2761480" user="Antonio Amaral"/>
  <node id="10816811981" lat="38.7634356" lon="-9.1702662" version="1" timestamp="2023-04-16T19:15:36Z" changeset="134988779" uid="2761480" user="Antonio Amaral"/>
  <node id="10816811983" lat="38.7634312" lon="-9.1685310" version="2" timestamp="2024-01-30T23:03:44Z" changeset="146882542" uid="11152051" user="RazorWind"/>
  <node id="10816811984" lat="38.7638397" lon="-9.1687613" version="1" timestamp="2023-04-16T19:15:36Z" changeset="134988779" uid="2761480" user="Antonio Amaral"/>
  <node id="10816811985" lat="38.7634416" lon="-9.1681785" version="2" timestamp="2024-01-30T23:03:44Z" changeset="146882542" uid="11152051" user="RazorWind"/>
  <node id="10882013448" lat="38.7689880" lon="-9.1647438" version="4" timestamp="2025-12-12T01:18:42Z" changeset="175825729" uid="19192602" user="Pedro A Ferreira">
    <tag k="direction" v="forward"/>
    <tag k="highway" v="speed_camera"/>
    <tag k="maxspeed" v="50"/>
    <tag k="note" v="F050390355"/>
    <tag k="ref" v="PT_FIXO 50"/>
  </node>
  <node id="11100261105" lat="38.7655738" lon="-9.1718248" version="2" timestamp="2025-11-11T11:50:56Z" changeset="174507112" uid="23493441" user="ciberpano">
    <tag k="addr:housenumber" v="10A"/>
    <tag k="addr:postcode" v="1600-638"/>
    <tag k="addr:street" v="Rua Professor João de Castro Mendes"/>
    <tag k="amenity" v="veterinary"/>
    <tag k="email" v="cvtelheiras@gmail.com"/>
    <tag k="name" v="Clínica Veterinária de Telheiras"/>
    <tag k="name:en" v="Telheiras Veterinary Clinic"/>
    <tag k="opening_hours" v="Mo-Fr 10:00-20:00; Sa 10:00-19:00; Su 15:00-19:00"/>
    <tag k="phone" v="+351 217 574 648"/>
    <tag k="website" v="https://clinicaveterinariatelheiras.com"/>
  </node>
  <node id="11148084927" lat="38.7734456" lon="-9.1635847" version="1" timestamp="2023-08-27T11:08:55Z" changeset="140446695" uid="1193685" user="DiogoBaptista98"/>
  <node id="11148084928" lat="38.7705681" lon="-9.1641372" version="1" timestamp="2023-08-27T11:08:55Z" changeset="140446695" uid="1193685" user="DiogoBaptista98"/>
  <node id="11148084929" lat="38.7670506" lon="-9.1653442" version="1" timestamp="2023-08-27T11:08:55Z" changeset="140446695" uid="1193685" user="DiogoBaptista98"/>
  <node id="11148084930" lat="38.7590613" lon="-9.1606289" version="1" timestamp="2023-08-27T11:08:55Z" changeset="140446695" uid="1193685" user="DiogoBaptista98"/>
  <node id="11148084931" lat="38.7659338" lon="-9.1653657" version="1" timestamp="2023-08-27T11:08:55Z" changeset="140446695" uid="1193685" user="DiogoBaptista98"/>
  <node id="11148084932" lat="38.7634325" lon="-9.1646147" version="1" timestamp="2023-08-27T11:08:55Z" changeset="140446695" uid="1193685" user="DiogoBaptista98"/>
  <node id="11148084933" lat="38.7626420" lon="-9.1640997" version="1" timestamp="2023-08-27T11:08:55Z" changeset="140446695" uid="1193685" user="DiogoBaptista98"/>
  <node id="11148084934" lat="38.7589645" lon="-9.1565177" version="2" timestamp="2025-06-17T17:02:37Z" changeset="167747947" uid="15324596" user="dmfr"/>
  <node id="11148084960" lat="38.7720905" lon="-9.1637564" version="1" timestamp="2023-08-27T11:08:55Z" changeset="140446695" uid="1193685" user="DiogoBaptista98"/>
  <node id="11148084961" lat="38.7693092" lon="-9.1646254" version="1" timestamp="2023-08-27T11:08:55Z" changeset="140446695" uid="1193685" user="DiogoBaptista98"/>
  <node id="11148084962" lat="38.7677575" lon="-9.1652048" version="1" timestamp="2023-08-27T11:08:55Z" changeset="140446695" uid="1193685" user="DiogoBaptista98"/>
  <node id="11148084963" lat="38.7652060" lon="-9.1652638" version="1" timestamp="2023-08-27T11:08:55Z" changeset="140446695" uid="1193685" user="DiogoBaptista98"/>
  <node id="11148084964" lat="38.7642524" lon="-9.1649956" version="1" timestamp="2023-08-27T11:08:55Z" changeset="140446695" uid="1193685" user="DiogoBaptista98"/>
  <node id="11148084965" lat="38.7613620" lon="-9.1629732" version="1" timestamp="2023-08-27T11:08:55Z" changeset="140446695" uid="1193685" user="DiogoBaptista98"/>
  <node id="11148084966" lat="38.7599063" lon="-9.1617501" version="1" timestamp="2023-08-27T11:08:55Z" changeset="140446695" uid="1193685" user="DiogoBaptista98"/>
  <node id="11148084967" lat="38.7582051" lon="-9.1591981" version="1" timestamp="2023-08-27T11:08:55Z" changeset="140446695" uid="1193685" user="DiogoBaptista98"/>
  <node id="11255385786" lat="38.7654786" lon="-9.1716219" version="2" timestamp="2023-12-30T07:46:16Z" changeset="145686430" uid="20786629" user="iBattuta"/>
  <node id="11287438900" lat="38.7691748" lon="-9.1671924" version="1" timestamp="2023-10-25T00:34:27Z" changeset="143088810" uid="3833158" user="Георгий Сидоров">
    <tag k="amenity" v="recycling"/>
    <tag k="recycling:clothes" v="yes"/>
    <tag k="recycling:shoes" v="yes"/>
    <tag k="recycling_type" v="container"/>
  </node>
  <node id="11287438901" lat="38.7691881" lon="-9.1671743" version="1" timestamp="2023-10-25T00:34:27Z" changeset="143088810" uid="3833158" user="Георгий Сидоров">
    <tag k="amenity" v="recycling"/>
    <tag k="recycling_type" v="container"/>
  </node>
  <node id="11421080335" lat="38.7677909" lon="-9.1640005" version="1" timestamp="2023-12-15T20:45:09Z" changeset="145165828" uid="15324596" user="dmfr"/>
  <node id="11421080336" lat="38.7680060" lon="-9.1651120" version="1" timestamp="2023-12-15T20:45:09Z" changeset="145165828" uid="15324596" user="dmfr"/>
  <node id="11468701896" lat="38.7655914" lon="-9.1721368" version="1" timestamp="2023-12-30T07:46:16Z" changeset="145686430" uid="20786629" user="iBattuta"/>
  <node id="11468701897" lat="38.7655718" lon="-9.1720248" version="1" timestamp="2023-12-30T07:46:16Z" changeset="145686430" uid="20786629" user="iBattuta"/>
  <node id="11468701898" lat="38.7649150" lon="-9.1723383" version="1" timestamp="2023-12-30T07:46:16Z" changeset="145686430" uid="20786629" user="iBattuta"/>
  <node id="11468701899" lat="38.7648943" lon="-9.1722202" version="1" timestamp="2023-12-30T07:46:16Z" changeset="145686430" uid="20786629" user="iBattuta"/>
  <node id="11468701900" lat="38.7655189" lon="-9.1721578" version="1" timestamp="2023-12-30T07:46:16Z" changeset="145686430" uid="20786629" user="iBattuta"/>
  <node id="11468701901" lat="38.7655329" lon="-9.1722373" version="1" timestamp="2023-12-30T07:46:16Z" changeset="145686430" uid="20786629" user="iBattuta"/>
  <node id="11468701902" lat="38.7654567" lon="-9.1722593" version="1" timestamp="2023-12-30T07:46:16Z" changeset="145686430" uid="20786629" user="iBattuta"/>
  <node id="11468701903" lat="38.7654438" lon="-9.1721859" version="1" timestamp="2023-12-30T07:46:16Z" changeset="145686430" uid="20786629" user="iBattuta"/>
  <node id="11468701904" lat="38.7642721" lon="-9.1710441" version="1" timestamp="2023-12-30T07:46:16Z" changeset="145686430" uid="20786629" user="iBattuta"/>
  <node id="11468701905" lat="38.7646048" lon="-9.1714865" version="1" timestamp="2023-12-30T07:46:16Z" changeset="145686430" uid="20786629" user="iBattuta"/>
  <node id="11468701906" lat="38.7646899" lon="-9.1713812" version="1" timestamp="2023-12-30T07:46:16Z" changeset="145686430" uid="20786629" user="iBattuta"/>
  <node id="11468701907" lat="38.7643572" lon="-9.1709389" version="1" timestamp="2023-12-30T07:46:16Z" changeset="145686430" uid="20786629" user="iBattuta"/>
  <node id="11468701908" lat="38.7654556" lon="-9.1714963" version="1" timestamp="2023-12-30T07:46:16Z" changeset="145686430" uid="20786629" user="iBattuta"/>
  <node id="11468701909" lat="38.7654308" lon="-9.1713380" version="1" timestamp="2023-12-30T07:46:16Z" changeset="145686430" uid="20786629" user="iBattuta"/>
  <node id="11468701910" lat="38.7648767" lon="-9.1714805" version="1" timestamp="2023-12-30T07:46:16Z" changeset="145686430" uid="20786629" user="iBattuta"/>
  <node id="11468701911" lat="38.7648671" lon="-9.1714186" version="1" timestamp="2023-12-30T07:46:16Z" changeset="145686430" uid="20786629" user="iBattuta"/>
  <node id="11468701912" lat="38.7647503" lon="-9.1714487" version="1" timestamp="2023-12-30T07:46:16Z" changeset="145686430" uid="20786629" user="iBattuta"/>
  <node id="11468701913" lat="38.7647614" lon="-9.1715200" version="1" timestamp="2023-12-30T07:46:16Z" changeset="145686430" uid="20786629" user="iBattuta"/>
  <node id="11468701914" lat="38.7647289" lon="-9.1715284" version="1" timestamp="2023-12-30T07:46:16Z" changeset="145686430" uid="20786629" user="iBattuta"/>
  <node id="11468701915" lat="38.7647523" lon="-9.1716774" version="1" timestamp="2023-12-30T07:46:16Z" changeset="145686430" uid="20786629" user="iBattuta"/>
  <node id="11468701916" lat="38.7660346" lon="-9.1717571" version="1" timestamp="2023-12-30T07:46:16Z" changeset="145686430" uid="20786629" user="iBattuta"/>
  <node id="11468701917" lat="38.7660139" lon="-9.1716319" version="1" timestamp="2023-12-30T07:46:16Z" changeset="145686430" uid="20786629" user="iBattuta"/>
  <node id="11468701918" lat="38.7655125" lon="-9.1717683" version="1" timestamp="2023-12-30T07:46:16Z" changeset="145686430" uid="20786629" user="iBattuta"/>
  <node id="11468701919" lat="38.7655331" lon="-9.1718934" version="1" timestamp="2023-12-30T07:46:16Z" changeset="145686430" uid="20786629" user="iBattuta"/>
  <node id="11468701920" lat="38.7649345" lon="-9.1724561" version="1" timestamp="2023-12-30T07:46:16Z" changeset="145686430" uid="20786629" user="iBattuta"/>
  <node id="11468701921" lat="38.7654459" lon="-9.1723164" version="1" timestamp="2023-12-30T07:46:16Z" changeset="145686430" uid="20786629" user="iBattuta"/>
  <node id="11468701922" lat="38.7654250" lon="-9.1721913" version="1" timestamp="2023-12-30T07:46:16Z" changeset="145686430" uid="20786629" user="iBattuta"/>
  <node id="11468909745" lat="38.7665779" lon="-9.1717739" version="1" timestamp="2023-12-30T10:46:44Z" changeset="145691409" uid="20786629" user="iBattuta"/>
  <node id="11468909746" lat="38.7665607" lon="-9.1716700" version="1" timestamp="2023-12-30T10:46:44Z" changeset="145691409" uid="20786629" user="iBattuta"/>
  <node id="11468909747" lat="38.7660454" lon="-9.1718107" version="1" timestamp="2023-12-30T10:46:44Z" changeset="145691409" uid="20786629" user="iBattuta"/>
  <node id="11468909748" lat="38.7660614" lon="-9.1719074" version="1" timestamp="2023-12-30T10:46:44Z" changeset="145691409" uid="20786629" user="iBattuta"/>
  <node id="11468909749" lat="38.7660989" lon="-9.1718971" version="1" timestamp="2023-12-30T10:46:44Z" changeset="145691409" uid="20786629" user="iBattuta"/>
  <node id="11468909750" lat="38.7661176" lon="-9.1720099" version="1" timestamp="2023-12-30T10:46:44Z" changeset="145691409" uid="20786629" user="iBattuta"/>
  <node id="11468909751" lat="38.7662340" lon="-9.1719781" version="1" timestamp="2023-12-30T10:46:44Z" changeset="145691409" uid="20786629" user="iBattuta"/>
  <node id="11468909752" lat="38.7662165" lon="-9.1718726" version="1" timestamp="2023-12-30T10:46:44Z" changeset="145691409" uid="20786629" user="iBattuta"/>
  <node id="11468909753" lat="38.7661444" lon="-9.1711901" version="1" timestamp="2023-12-30T10:46:44Z" changeset="145691409" uid="20786629" user="iBattuta"/>
  <node id="11468909754" lat="38.7661168" lon="-9.1710370" version="1" timestamp="2023-12-30T10:46:44Z" changeset="145691409" uid="20786629" user="iBattuta"/>
  <node id="11468909755" lat="38.7655839" lon="-9.1711949" version="1" timestamp="2023-12-30T10:46:44Z" changeset="145691409" uid="20786629" user="iBattuta"/>
  <node id="11468909756" lat="38.7655736" lon="-9.1711375" version="1" timestamp="2023-12-30T10:46:44Z" changeset="145691409" uid="20786629" user="iBattuta"/>
  <node id="11468909757" lat="38.7654372" lon="-9.1711779" version="1" timestamp="2023-12-30T10:46:44Z" changeset="145691409" uid="20786629" user="iBattuta"/>
  <node id="11468909758" lat="38.7654506" lon="-9.1712521" version="1" timestamp="2023-12-30T10:46:44Z" changeset="145691409" uid="20786629" user="iBattuta"/>
  <node id="11468909759" lat="38.7654195" lon="-9.1712614" version="1" timestamp="2023-12-30T10:46:44Z" changeset="145691409" uid="20786629" user="iBattuta"/>
  <node id="11468909760" lat="38.7654440" lon="-9.1713976" version="1" timestamp="2023-12-30T10:46:44Z" changeset="145691409" uid="20786629" user="iBattuta"/>
  <node id="11468909761" lat="38.7654247" lon="-9.1712753" version="1" timestamp="2023-12-30T10:46:44Z" changeset="145691409" uid="20786629" user="iBattuta"/>
  <node id="11468909762" lat="38.7667130" lon="-9.1710888" version="1" timestamp="2023-12-30T10:46:44Z" changeset="145691409" uid="20786629" user="iBattuta"/>
  <node id="11468909763" lat="38.7666931" lon="-9.1709599" version="1" timestamp="2023-12-30T10:46:44Z" changeset="145691409" uid="20786629" user="iBattuta"/>
  <node id="11468909764" lat="38.7666362" lon="-9.1709744" version="1" timestamp="2023-12-30T10:46:44Z" changeset="145691409" uid="20786629" user="iBattuta"/>
  <node id="11468909765" lat="38.7666221" lon="-9.1708834" version="1" timestamp="2023-12-30T10:46:44Z" changeset="145691409" uid="20786629" user="iBattuta"/>
  <node id="11468909766" lat="38.7665151" lon="-9.1709107" version="1" timestamp="2023-12-30T10:46:44Z" changeset="145691409" uid="20786629" user="iBattuta"/>
  <node id="11468909767" lat="38.7665287" lon="-9.1709983" version="1" timestamp="2023-12-30T10:46:44Z" changeset="145691409" uid="20786629" user="iBattuta"/>
  <node id="11468909768" lat="38.7664558" lon="-9.1710169" version="1" timestamp="2023-12-30T10:46:44Z" changeset="145691409" uid="20786629" user="iBattuta"/>
  <node id="11468909769" lat="38.7664491" lon="-9.1709742" version="1" timestamp="2023-12-30T10:46:44Z" changeset="145691409" uid="20786629" user="iBattuta"/>
  <node id="11468909770" lat="38.7661717" lon="-9.1710449" version="1" timestamp="2023-12-30T10:46:44Z" changeset="145691409" uid="20786629" user="iBattuta"/>
  <node id="11468909771" lat="38.7661988" lon="-9.1712199" version="1" timestamp="2023-12-30T10:46:44Z" changeset="145691409" uid="20786629" user="iBattuta"/>
  <node id="11468909772" lat="38.7671063" lon="-9.1710239" version="1" timestamp="2023-12-30T10:46:44Z" changeset="145691409" uid="20786629" user="iBattuta"/>
  <node id="11468909773" lat="38.7670218" lon="-9.1709410" version="1" timestamp="2023-12-30T10:46:44Z" changeset="145691409" uid="20786629" user="iBattuta"/>
  <node id="11468909774" lat="38.7666873" lon="-9.1715024" version="1" timestamp="2023-12-30T10:46:44Z" changeset="145691409" uid="20786629" user="iBattuta"/>
  <node id="11468909775" lat="38.7667216" lon="-9.1715361" version="1" timestamp="2023-12-30T10:46:44Z" changeset="145691409" uid="20786629" user="iBattuta"/>
  <node id="11468909776" lat="38.7667632" lon="-9.1714663" version="1" timestamp="2023-12-30T10:46:44Z" changeset="145691409" uid="20786629" user="iBattuta"/>
  <node id="11468909777" lat="38.7668653" lon="-9.1715663" version="1" timestamp="2023-12-30T10:46:44Z" changeset="145691409" uid="20786629" user="iBattuta"/>
  <node id="11468909778" lat="38.7669266" lon="-9.1714634" version="1" timestamp="2023-12-30T10:46:44Z" changeset="145691409" uid="20786629" user="iBattuta"/>
  <node id="11468909779" lat="38.7668748" lon="-9.1714126" version="1" timestamp="2023-12-30T10:46:44Z" changeset="145691409" uid="20786629" user="iBattuta"/>
  <node id="11571472018" lat="38.7655070" lon="-9.1679974" version="1" timestamp="2024-01-30T23:03:44Z" changeset="146882542" uid="11152051" user="RazorWind"/>
  <node id="11571472019" lat="38.7653985" lon="-9.1679465" version="1" timestamp="2024-01-30T23:03:44Z" changeset="146882542" uid="11152051" user="RazorWind"/>
  <node id="11571472020" lat="38.7654380" lon="-9.1678074" version="1" timestamp="2024-01-30T23:03:44Z" changeset="146882542" uid="11152051" user="RazorWind"/>
  <node id="11571472021" lat="38.7655466" lon="-9.1678584" version="1" timestamp="2024-01-30T23:03:44Z" changeset="146882542" uid="11152051" user="RazorWind"/>
  <node id="11571472022" lat="38.7654084" lon="-9.1679118" version="1" timestamp="2024-01-30T23:03:44Z" changeset="146882542" uid="11152051" user="RazorWind"/>
  <node id="11571472023" lat="38.7652980" lon="-9.1678603" version="1" timestamp="2024-01-30T23:03:44Z" changeset="146882542" uid="11152051" user="RazorWind"/>
  <node id="11571472024" lat="38.7653367" lon="-9.1677216" version="1" timestamp="2024-01-30T23:03:44Z" changeset="146882542" uid="11152051" user="RazorWind"/>
  <node id="11571472025" lat="38.7654476" lon="-9.1677733" version="1" timestamp="2024-01-30T23:03:44Z" changeset="146882542" uid="11152051" user="RazorWind"/>
  <node id="11571472026" lat="38.7653072" lon="-9.1678265" version="1" timestamp="2024-01-30T23:03:44Z" changeset="146882542" uid="11152051" user="RazorWind"/>
  <node id="11571472027" lat="38.7651974" lon="-9.1677757" version="1" timestamp="2024-01-30T23:03:44Z" changeset="146882542" uid="11152051" user="RazorWind"/>
  <node id="11571472028" lat="38.7652362" lon="-9.1676352" version="1" timestamp="2024-01-30T23:03:44Z" changeset="146882542" uid="11152051" user="RazorWind"/>
  <node id="11571472029" lat="38.7653466" lon="-9.1676863" version="1" timestamp="2024-01-30T23:03:44Z" changeset="146882542" uid="11152051" user="RazorWind"/>
  <node id="11571472030" lat="38.7652064" lon="-9.1677434" version="1" timestamp="2024-01-30T23:03:44Z" changeset="146882542" uid="11152051" user="RazorWind"/>
  <node id="11571472031" lat="38.7650964" lon="-9.1676937" version="1" timestamp="2024-01-30T23:03:44Z" changeset="146882542" uid="11152051" user="RazorWind"/>
  <node id="11571472032" lat="38.7651355" lon="-9.1675516" version="1" timestamp="2024-01-30T23:03:44Z" changeset="146882542" uid="11152051" user="RazorWind"/>
  <node id="11571472033" lat="38.7652455" lon="-9.1676014" version="1" timestamp="2024-01-30T23:03:44Z" changeset="146882542" uid="11152051" user="RazorWind"/>
  <node id="11571472034" lat="38.7652772" lon="-9.1671577" version="1" timestamp="2024-01-30T23:03:44Z" changeset="146882542" uid="11152051" user="RazorWind"/>
  <node id="11571472035" lat="38.7653487" lon="-9.1674651" version="1" timestamp="2024-01-30T23:03:44Z" changeset="146882542" uid="11152051" user="RazorWind"/>
  <node id="11571472036" lat="38.7652388" lon="-9.1674154" version="1" timestamp="2024-01-30T23:03:44Z" changeset="146882542" uid="11152051" user="RazorWind"/>
  <node id="11571472037" lat="38.7652779" lon="-9.1672734" version="1" timestamp="2024-01-30T23:03:44Z" changeset="146882542" uid="11152051" user="RazorWind"/>
  <node id="11571472038" lat="38.7653878" lon="-9.1673231" version="1" timestamp="2024-01-30T23:03:44Z" changeset="146882542" uid="11152051" user="RazorWind"/>
  <node id="11571472039" lat="38.7653784" lon="-9.1673572" version="1" timestamp="2024-01-30T23:03:44Z" changeset="146882542" uid="11152051" user="RazorWind"/>
  <node id="11571472040" lat="38.7654497" lon="-9.1675483" version="1" timestamp="2024-01-30T23:03:44Z" changeset="146882542" uid="11152051" user="RazorWind"/>
  <node id="11571472041" lat="38.7653395" lon="-9.1674976" version="1" timestamp="2024-01-30T23:03:44Z" changeset="146882542" uid="11152051" user="RazorWind"/>
  <node id="11571472042" lat="38.7654890" lon="-9.1674080" version="1" timestamp="2024-01-30T23:03:44Z" changeset="146882542" uid="11152051" user="RazorWind"/>
  <node id="11571472043" lat="38.7654791" lon="-9.1674435" version="1" timestamp="2024-01-30T23:03:44Z" changeset="146882542" uid="11152051" user="RazorWind"/>
  <node id="11571472044" lat="38.7655509" lon="-9.1676336" version="1" timestamp="2024-01-30T23:03:44Z" changeset="146882542" uid="11152051" user="RazorWind"/>
  <node id="11571472045" lat="38.7654401" lon="-9.1675822" version="1" timestamp="2024-01-30T23:03:44Z" changeset="146882542" uid="11152051" user="RazorWind"/>
  <node id="11571472046" lat="38.7655900" lon="-9.1674950" version="1" timestamp="2024-01-30T23:03:44Z" changeset="146882542" uid="11152051" user="RazorWind"/>
  <node id="11571472047" lat="38.7655818" lon="-9.1675240" version="1" timestamp="2024-01-30T23:03:44Z" changeset="146882542" uid="11152051" user="RazorWind"/>
  <node id="11571472048" lat="38.7656521" lon="-9.1677198" version="1" timestamp="2024-01-30T23:03:44Z" changeset="146882542" uid="11152051" user="RazorWind"/>
  <node id="11571472049" lat="38.7655411" lon="-9.1676681" version="1" timestamp="2024-01-30T23:03:44Z" changeset="146882542" uid="11152051" user="RazorWind"/>
  <node id="11571472050" lat="38.7656929" lon="-9.1675758" version="1" timestamp="2024-01-30T23:03:44Z" changeset="146882542" uid="11152051" user="RazorWind"/>
  <node id="11571472051" lat="38.7657456" lon="-9.1678408" version="1" timestamp="2024-01-30T23:03:44Z" changeset="146882542" uid="11152051" user="RazorWind"/>
  <node id="11571472052" lat="38.7656330" lon="-9.1677900" version="1" timestamp="2024-01-30T23:03:44Z" changeset="146882542" uid="11152051" user="RazorWind"/>
  <node id="11571472053" lat="38.7656736" lon="-9.1676440" version="1" timestamp="2024-01-30T23:03:44Z" changeset="146882542" uid="11152051" user="RazorWind"/>
  <node id="11571472054" lat="38.7657857" lon="-9.1676947" version="1" timestamp="2024-01-30T23:03:44Z" changeset="146882542" uid="11152051" user="RazorWind"/>
  <node id="11571472055" lat="38.7648714" lon="-9.1669359" version="1" timestamp="2024-01-30T23:03:44Z" changeset="146882542" uid="11152051" user="RazorWind"/>
  <node id="11571472056" lat="38.7649421" lon="-9.1671268" version="1" timestamp="2024-01-30T23:03:44Z" changeset="146882542" uid="11152051" user="RazorWind"/>
  <node id="11571472057" lat="38.7648332" lon="-9.1670766" version="1" timestamp="2024-01-30T23:03:44Z" changeset="146882542" uid="11152051" user="RazorWind"/>
  <node id="11571472058" lat="38.7649814" lon="-9.1669866" version="1" timestamp="2024-01-30T23:03:44Z" changeset="146882542" uid="11152051" user="RazorWind"/>
  <node id="11571472059" lat="38.7649719" lon="-9.1670205" version="1" timestamp="2024-01-30T23:03:44Z" changeset="146882542" uid="11152051" user="RazorWind"/>
  <node id="11571472060" lat="38.7650422" lon="-9.1672105" version="1" timestamp="2024-01-30T23:03:44Z" changeset="146882542" uid="11152051" user="RazorWind"/>
  <node id="11571472061" lat="38.7649325" lon="-9.1671608" version="1" timestamp="2024-01-30T23:03:44Z" changeset="146882542" uid="11152051" user="RazorWind"/>
  <node id="11571472062" lat="38.7650809" lon="-9.1670699" version="1" timestamp="2024-01-30T23:03:44Z" changeset="146882542" uid="11152051" user="RazorWind"/>
  <node id="11571472063" lat="38.7650721" lon="-9.1671018" version="1" timestamp="2024-01-30T23:03:44Z" changeset="146882542" uid="11152051" user="RazorWind"/>
  <node id="11571472064" lat="38.7651445" lon="-9.1672985" version="1" timestamp="2024-01-30T23:03:44Z" changeset="146882542" uid="11152051" user="RazorWind"/>
  <node id="11571472065" lat="38.7650326" lon="-9.1672472" version="1" timestamp="2024-01-30T23:03:44Z" changeset="146882542" uid="11152051" user="RazorWind"/>
  <node id="11571472066" lat="38.7651849" lon="-9.1671535" version="1" timestamp="2024-01-30T23:03:44Z" changeset="146882542" uid="11152051" user="RazorWind"/>
  <node id="11571472067" lat="38.7650154" lon="-9.1675723" version="1" timestamp="2024-01-30T23:03:44Z" changeset="146882542" uid="11152051" user="RazorWind"/>
  <node id="11571472068" lat="38.7649038" lon="-9.1675220" version="1" timestamp="2024-01-30T23:03:44Z" changeset="146882542" uid="11152051" user="RazorWind"/>
  <node id="11571472069" lat="38.7649426" lon="-9.1673803" version="1" timestamp="2024-01-30T23:03:44Z" changeset="146882542" uid="11152051" user="RazorWind"/>
  <node id="11571472070" lat="38.7650542" lon="-9.1674306" version="1" timestamp="2024-01-30T23:03:44Z" changeset="146882542" uid="11152051" user="RazorWind"/>
  <node id="11571472071" lat="38.7649133" lon="-9.1674872" version="1" timestamp="2024-01-30T23:03:44Z" changeset="146882542" uid="11152051" user="RazorWind"/>
  <node id="11571472072" lat="38.7648032" lon="-9.1674380" version="1" timestamp="2024-01-30T23:03:44Z" changeset="146882542" uid="11152051" user="RazorWind"/>
  <node id="11571472073" lat="38.7648415" lon="-9.1672969" version="1" timestamp="2024-01-30T23:03:44Z" changeset="146882542" uid="11152051" user="RazorWind"/>
  <node id="11571472074" lat="38.7649518" lon="-9.1673462" version="1" timestamp="2024-01-30T23:03:44Z" changeset="146882542" uid="11152051" user="RazorWind"/>
  <node id="11571472075" lat="38.7648178" lon="-9.1673842" version="1" timestamp="2024-01-30T23:03:44Z" changeset="146882542" uid="11152051" user="RazorWind"/>
  <node id="11571472076" lat="38.7647209" lon="-9.1673398" version="1" timestamp="2024-01-30T23:03:44Z" changeset="146882542" uid="11152051" user="RazorWind"/>
  <node id="11571472077" lat="38.7647387" lon="-9.1672761" version="1" timestamp="2024-01-30T23:03:44Z" changeset="146882542" uid="11152051" user="RazorWind"/>
  <node id="11571472078" lat="38.7648352" lon="-9.1673203" version="1" timestamp="2024-01-30T23:03:44Z" changeset="146882542" uid="11152051" user="RazorWind"/>
  <node id="11571472079" lat="38.7648235" lon="-9.1671117" version="1" timestamp="2024-01-30T23:03:44Z" changeset="146882542" uid="11152051" user="RazorWind"/>
  <node id="11571472080" lat="38.7647126" lon="-9.1670610" version="1" timestamp="2024-01-30T23:03:44Z" changeset="146882542" uid="11152051" user="RazorWind"/>
  <node id="11571472081" lat="38.7647527" lon="-9.1669172" version="1" timestamp="2024-01-30T23:03:44Z" changeset="146882542" uid="11152051" user="RazorWind"/>
  <node id="11571472082" lat="38.7648635" lon="-9.1669679" version="1" timestamp="2024-01-30T23:03:44Z" changeset="146882542" uid="11152051" user="RazorWind"/>
  <node id="11571472083" lat="38.7647029" lon="-9.1670960" version="1" timestamp="2024-01-30T23:03:44Z" changeset="146882542" uid="11152051" user="RazorWind"/>
  <node id="11571472084" lat="38.7645925" lon="-9.1670456" version="1" timestamp="2024-01-30T23:03:44Z" changeset="146882542" uid="11152051" user="RazorWind"/>
  <node id="11571472085" lat="38.7646327" lon="-9.1669008" version="1" timestamp="2024-01-30T23:03:44Z" changeset="146882542" uid="11152051" user="RazorWind"/>
  <node id="11571472086" lat="38.7647431" lon="-9.1669513" version="1" timestamp="2024-01-30T23:03:44Z" changeset="146882542" uid="11152051" user="RazorWind"/>
  <node id="11571472087" lat="38.7638253" lon="-9.1680624" version="1" timestamp="2024-01-30T23:03:44Z" changeset="146882542" uid="11152051" user="RazorWind"/>
  <node id="11571472088" lat="38.7638484" lon="-9.1680273" version="1" timestamp="2024-01-30T23:03:44Z" changeset="146882542" uid="11152051" user="RazorWind"/>
  <node id="11571472089" lat="38.7650694" lon="-9.1681641" version="1" timestamp="2024-01-30T23:03:44Z" changeset="146882542" uid="11152051" user="RazorWind"/>
  <node id="11571472090" lat="38.7649456" lon="-9.1681980" version="1" timestamp="2024-01-30T23:03:44Z" changeset="146882542" uid="11152051" user="RazorWind"/>
  <node id="11571472091" lat="38.7649161" lon="-9.1680208" version="1" timestamp="2024-01-30T23:03:44Z" changeset="146882542" uid="11152051" user="RazorWind"/>
  <node id="11571472092" lat="38.7650396" lon="-9.1679867" version="1" timestamp="2024-01-30T23:03:44Z" changeset="146882542" uid="11152051" user="RazorWind"/>
  <node id="11571472093" lat="38.7651911" lon="-9.1681304" version="1" timestamp="2024-01-30T23:03:44Z" changeset="146882542" uid="11152051" user="RazorWind"/>
  <node id="11571472094" lat="38.7651601" lon="-9.1679524" version="1" timestamp="2024-01-30T23:03:44Z" changeset="146882542" uid="11152051" user="RazorWind"/>
  <node id="11571472095" lat="38.7653095" lon="-9.1680965" version="1" timestamp="2024-01-30T23:03:44Z" changeset="146882542" uid="11152051" user="RazorWind"/>
  <node id="11571472096" lat="38.7652889" lon="-9.1679786" version="1" timestamp="2024-01-30T23:03:44Z" changeset="146882542" uid="11152051" user="RazorWind"/>
  <node id="11571472097" lat="38.7652217" lon="-9.1679347" version="1" timestamp="2024-01-30T23:03:44Z" changeset="146882542" uid="11152051" user="RazorWind"/>
  <node id="11571472098" lat="38.7648163" lon="-9.1682332" version="1" timestamp="2024-01-30T23:03:44Z" changeset="146882542" uid="11152051" user="RazorWind"/>
  <node id="11571472099" lat="38.7648929" lon="-9.1680644" version="1" timestamp="2024-01-30T23:03:44Z" changeset="146882542" uid="11152051" user="RazorWind"/>
  <node id="11571472100" lat="38.7649221" lon="-9.1680564" version="1" timestamp="2024-01-30T23:03:44Z" changeset="146882542" uid="11152051" user="RazorWind"/>
  <node id="11571472101" lat="38.7646940" lon="-9.1682665" version="1" timestamp="2024-01-30T23:03:44Z" changeset="146882542" uid="11152051" user="RazorWind"/>
  <node id="11571472102" lat="38.7645976" lon="-9.1682921" version="1" timestamp="2024-01-30T23:03:44Z" changeset="146882542" uid="11152051" user="RazorWind"/>
  <node id="11571472103" lat="38.7645691" lon="-9.1681136" version="1" timestamp="2024-01-30T23:03:44Z" changeset="146882542" uid="11152051" user="RazorWind"/>
  <node id="11571472104" lat="38.7647003" lon="-9.1680793" version="1" timestamp="2024-01-30T23:03:44Z" changeset="146882542" uid="11152051" user="RazorWind"/>
  <node id="11571472105" lat="38.7647160" lon="-9.1681777" version="1" timestamp="2024-01-30T23:03:44Z" changeset="146882542" uid="11152051" user="RazorWind"/>
  <node id="11571472106" lat="38.7647408" lon="-9.1681712" version="1" timestamp="2024-01-30T23:03:44Z" changeset="146882542" uid="11152051" user="RazorWind"/>
  <node id="11571472107" lat="38.7644785" lon="-9.1683237" version="1" timestamp="2024-01-30T23:03:44Z" changeset="146882542" uid="11152051" user="RazorWind"/>
  <node id="11571472108" lat="38.7644467" lon="-9.1681265" version="1" timestamp="2024-01-30T23:03:44Z" changeset="146882542" uid="11152051" user="RazorWind"/>
  <node id="11571472109" lat="38.7644885" lon="-9.1681347" version="1" timestamp="2024-01-30T23:03:44Z" changeset="146882542" uid="11152051" user="RazorWind"/>
  <node id="11571472110" lat="38.7643589" lon="-9.1683578" version="1" timestamp="2024-01-30T23:03:44Z" changeset="146882542" uid="11152051" user="RazorWind"/>
  <node id="11571472111" lat="38.7643303" lon="-9.1681781" version="1" timestamp="2024-01-30T23:03:44Z" changeset="146882542" uid="11152051" user="RazorWind"/>
  <node id="11571472112" lat="38.7644096" lon="-9.1681600" version="1" timestamp="2024-01-30T23:03:44Z" changeset="146882542" uid="11152051" user="RazorWind"/>
  <node id="11571472113" lat="38.7643210" lon="-9.1683677" version="1" timestamp="2024-01-30T23:03:44Z" changeset="146882542" uid="11152051" user="RazorWind"/>
  <node id="11571472114" lat="38.7641655" lon="-9.1682212" version="1" timestamp="2024-01-30T23:03:44Z" changeset="146882542" uid="11152051" user="RazorWind"/>
  <node id="11571472115" lat="38.7640879" lon="-9.1681467" version="1" timestamp="2024-01-30T23:03:44Z" changeset="146882542" uid="11152051" user="RazorWind"/>
  <node id="11571472116" lat="38.7639526" lon="-9.1680226" version="1" timestamp="2024-01-30T23:03:44Z" changeset="146882542" uid="11152051" user="RazorWind"/>
  <node id="11571472117" lat="38.7640471" lon="-9.1679638" version="1" timestamp="2024-01-30T23:03:44Z" changeset="146882542" uid="11152051" user="RazorWind"/>
  <node id="11571472118" lat="38.7641121" lon="-9.1681305" version="1" timestamp="2024-01-30T23:03:44Z" changeset="146882542" uid="11152051" user="RazorWind"/>
  <node id="11571472119" lat="38.7648808" lon="-9.1678729" version="1" timestamp="2024-01-30T23:03:44Z" changeset="146882542" uid="11152051" user="RazorWind"/>
  <node id="11571472120" lat="38.7648255" lon="-9.1678267" version="1" timestamp="2024-01-30T23:03:44Z" changeset="146882542" uid="11152051" user="RazorWind"/>
  <node id="11571472121" lat="38.7649049" lon="-9.1676707" version="1" timestamp="2024-01-30T23:03:44Z" changeset="146882542" uid="11152051" user="RazorWind"/>
  <node id="11571472122" lat="38.7649601" lon="-9.1677170" version="1" timestamp="2024-01-30T23:03:44Z" changeset="146882542" uid="11152051" user="RazorWind"/>
  <node id="11571472123" lat="38.7647731" lon="-9.1677948" version="1" timestamp="2024-01-30T23:03:44Z" changeset="146882542" uid="11152051" user="RazorWind"/>
  <node id="11571472124" lat="38.7648199" lon="-9.1676213" version="1" timestamp="2024-01-30T23:03:44Z" changeset="146882542" uid="11152051" user="RazorWind"/>
  <node id="11571472125" lat="38.7647208" lon="-9.1677848" version="1" timestamp="2024-01-30T23:03:44Z" changeset="146882542" uid="11152051" user="RazorWind"/>
  <node id="11571472126" lat="38.7647268" lon="-9.1676018" version="1" timestamp="2024-01-30T23:03:44Z" changeset="146882542" uid="11152051" user="RazorWind"/>
  <node id="11571472127" lat="38.7646680" lon="-9.1677907" version="1" timestamp="2024-01-30T23:03:44Z" changeset="146882542" uid="11152051" user="RazorWind"/>
  <node id="11571472128" lat="38.7646336" lon="-9.1676136" version="1" timestamp="2024-01-30T23:03:44Z" changeset="146882542" uid="11152051" user="RazorWind"/>
  <node id="11571472129" lat="38.7646176" lon="-9.1678152" version="1" timestamp="2024-01-30T23:03:44Z" changeset="146882542" uid="11152051" user="RazorWind"/>
  <node id="11571472130" lat="38.7645550" lon="-9.1676487" version="1" timestamp="2024-01-30T23:03:44Z" changeset="146882542" uid="11152051" user="RazorWind"/>
  <node id="11571472131" lat="38.7645590" lon="-9.1678509" version="1" timestamp="2024-01-30T23:03:44Z" changeset="146882542" uid="11152051" user="RazorWind"/>
  <node id="11571472132" lat="38.7644968" lon="-9.1676852" version="1" timestamp="2024-01-30T23:03:44Z" changeset="146882542" uid="11152051" user="RazorWind"/>
  <node id="11571472133" lat="38.7645067" lon="-9.1678856" version="1" timestamp="2024-01-30T23:03:44Z" changeset="146882542" uid="11152051" user="RazorWind"/>
  <node id="11571472134" lat="38.7644420" lon="-9.1677198" version="1" timestamp="2024-01-30T23:03:44Z" changeset="146882542" uid="11152051" user="RazorWind"/>
  <node id="11571472135" lat="38.7644518" lon="-9.1679208" version="1" timestamp="2024-01-30T23:03:44Z" changeset="146882542" uid="11152051" user="RazorWind"/>
  <node id="11571472136" lat="38.7643870" lon="-9.1677551" version="1" timestamp="2024-01-30T23:03:44Z" changeset="146882542" uid="11152051" user="RazorWind"/>
  <node id="11571472137" lat="38.7644308" lon="-9.1679349" version="1" timestamp="2024-01-30T23:03:44Z" changeset="146882542" uid="11152051" user="RazorWind"/>
  <node id="11571472138" lat="38.7644006" lon="-9.1679725" version="1" timestamp="2024-01-30T23:03:44Z" changeset="146882542" uid="11152051" user="RazorWind"/>
  <node id="11571472139" lat="38.7643304" lon="-9.1677884" version="1" timestamp="2024-01-30T23:03:44Z" changeset="146882542" uid="11152051" user="RazorWind"/>
  <node id="11571472140" lat="38.7643565" lon="-9.1679784" version="1" timestamp="2024-01-30T23:03:44Z" changeset="146882542" uid="11152051" user="RazorWind"/>
  <node id="11571472141" lat="38.7643368" lon="-9.1679902" version="1" timestamp="2024-01-30T23:03:44Z" changeset="146882542" uid="11152051" user="RazorWind"/>
  <node id="11571472142" lat="38.7642744" lon="-9.1678252" version="1" timestamp="2024-01-30T23:03:44Z" changeset="146882542" uid="11152051" user="RazorWind"/>
  <node id="11571472143" lat="38.7642798" lon="-9.1680253" version="1" timestamp="2024-01-30T23:03:44Z" changeset="146882542" uid="11152051" user="RazorWind"/>
  <node id="11571472144" lat="38.7642181" lon="-9.1678594" version="1" timestamp="2024-01-30T23:03:44Z" changeset="146882542" uid="11152051" user="RazorWind"/>
  <node id="11571472145" lat="38.7642225" lon="-9.1680604" version="1" timestamp="2024-01-30T23:03:44Z" changeset="146882542" uid="11152051" user="RazorWind"/>
  <node id="11571472146" lat="38.7641607" lon="-9.1678945" version="1" timestamp="2024-01-30T23:03:44Z" changeset="146882542" uid="11152051" user="RazorWind"/>
  <node id="11571472147" lat="38.7641661" lon="-9.1680955" version="1" timestamp="2024-01-30T23:03:44Z" changeset="146882542" uid="11152051" user="RazorWind"/>
  <node id="11571472148" lat="38.7641051" lon="-9.1679302" version="1" timestamp="2024-01-30T23:03:44Z" changeset="146882542" uid="11152051" user="RazorWind"/>
  <node id="11571472149" lat="38.7660527" lon="-9.1704108" version="1" timestamp="2024-01-30T23:03:44Z" changeset="146882542" uid="11152051" user="RazorWind"/>
  <node id="11571472150" lat="38.7658987" lon="-9.1704529" version="1" timestamp="2024-01-30T23:03:44Z" changeset="146882542" uid="11152051" user="RazorWind"/>
  <node id="11571472151" lat="38.7658781" lon="-9.1703302" version="1" timestamp="2024-01-30T23:03:44Z" changeset="146882542" uid="11152051" user="RazorWind"/>
  <node id="11571472152" lat="38.7660321" lon="-9.1702873" version="1" timestamp="2024-01-30T23:03:44Z" changeset="146882542" uid="11152051" user="RazorWind"/>
  <node id="11571472153" lat="38.7657474" lon="-9.1704946" version="1" timestamp="2024-01-30T23:03:44Z" changeset="146882542" uid="11152051" user="RazorWind"/>
  <node id="11571472154" lat="38.7657268" lon="-9.1703720" version="1" timestamp="2024-01-30T23:03:44Z" changeset="146882542" uid="11152051" user="RazorWind"/>
  <node id="11571472155" lat="38.7674000" lon="-9.1674463" version="2" timestamp="2025-01-31T00:38:44Z" changeset="161960084" uid="20972402" user="DanielAgos"/>
  <node id="11571472156" lat="38.7668264" lon="-9.1676053" version="2" timestamp="2025-01-31T00:38:44Z" changeset="161960084" uid="20972402" user="DanielAgos"/>
  <node id="11571472157" lat="38.7667790" lon="-9.1673239" version="2" timestamp="2025-01-31T00:38:44Z" changeset="161960084" uid="20972402" user="DanielAgos"/>
  <node id="11571472158" lat="38.7673526" lon="-9.1671649" version="2" timestamp="2025-01-31T00:38:44Z" changeset="161960084" uid="20972402" user="DanielAgos"/>
  <node id="11571472159" lat="38.7671173" lon="-9.1669325" version="2" timestamp="2025-01-31T00:38:44Z" changeset="161960084" uid="20972402" user="DanielAgos"/>
  <node id="11571472160" lat="38.7668276" lon="-9.1670110" version="2" timestamp="2025-01-31T00:38:44Z" changeset="161960084" uid="20972402" user="DanielAgos"/>
  <node id="11571472161" lat="38.7667809" lon="-9.1667266" version="2" timestamp="2025-01-31T00:38:44Z" changeset="161960084" uid="20972402" user="DanielAgos"/>
  <node id="11571472162" lat="38.7670703" lon="-9.1666481" version="2" timestamp="2025-01-31T00:38:44Z" changeset="161960084" uid="20972402" user="DanielAgos"/>
  <node id="11571472163" lat="38.7667577" lon="-9.1676288" version="2" timestamp="2025-01-31T00:38:44Z" changeset="161960084" uid="20972402" user="DanielAgos"/>
  <node id="11571472164" lat="38.7661869" lon="-9.1677846" version="2" timestamp="2025-01-31T00:38:44Z" changeset="161960084" uid="20972402" user="DanielAgos"/>
  <node id="11571472165" lat="38.7661400" lon="-9.1675023" version="2" timestamp="2025-01-31T00:38:44Z" changeset="161960084" uid="20972402" user="DanielAgos"/>
  <node id="11571472166" lat="38.7667108" lon="-9.1673465" version="2" timestamp="2025-01-31T00:38:44Z" changeset="161960084" uid="20972402" user="DanielAgos"/>
  <node id="11571472167" lat="38.7638659" lon="-9.1679404" version="1" timestamp="2024-01-30T23:03:44Z" changeset="146882542" uid="11152051" user="RazorWind"/>
  <node id="11571472168" lat="38.7637328" lon="-9.1678146" version="1" timestamp="2024-01-30T23:03:44Z" changeset="146882542" uid="11152051" user="RazorWind"/>
  <node id="11571472169" lat="38.7645847" lon="-9.1672855" version="1" timestamp="2024-01-30T23:03:44Z" changeset="146882542" uid="11152051" user="RazorWind"/>
  <node id="11571472170" lat="38.7646334" lon="-9.1674146" version="1" timestamp="2024-01-30T23:03:44Z" changeset="146882542" uid="11152051" user="RazorWind"/>
  <node id="11571472172" lat="38.7636587" lon="-9.1677451" version="1" timestamp="2024-01-30T23:03:44Z" changeset="146882542" uid="11152051" user="RazorWind"/>
  <node id="11571472173" lat="38.7635401" lon="-9.1676313" version="1" timestamp="2024-01-30T23:03:44Z" changeset="146882542" uid="11152051" user="RazorWind"/>
  <node id="11571472174" lat="38.7635737" lon="-9.1675581" version="1" timestamp="2024-01-30T23:03:44Z" changeset="146882542" uid="11152051" user="RazorWind"/>
  <node id="11571472175" lat="38.7636263" lon="-9.1674760" version="1" timestamp="2024-01-30T23:03:44Z" changeset="146882542" uid="11152051" user="RazorWind"/>
  <node id="11571472176" lat="38.7636923" lon="-9.1674053" version="1" timestamp="2024-01-30T23:03:44Z" changeset="146882542" uid="11152051" user="RazorWind"/>
  <node id="11571472177" lat="38.7637722" lon="-9.1673516" version="1" timestamp="2024-01-30T23:03:44Z" changeset="146882542" uid="11152051" user="RazorWind"/>
  <node id="11571472178" lat="38.7638337" lon="-9.1673223" version="1" timestamp="2024-01-30T23:03:44Z" changeset="146882542" uid="11152051" user="RazorWind"/>
  <node id="11571472179" lat="38.7643643" lon="-9.1670524" version="1" timestamp="2024-01-30T23:03:44Z" changeset="146882542" uid="11152051" user="RazorWind"/>
  <node id="11571472180" lat="38.7644258" lon="-9.1670296" version="1" timestamp="2024-01-30T23:03:44Z" changeset="146882542" uid="11152051" user="RazorWind"/>
  <node id="11571472181" lat="38.7644873" lon="-9.1670524" version="1" timestamp="2024-01-30T23:03:44Z" changeset="146882542" uid="11152051" user="RazorWind"/>
  <node id="11571472182" lat="38.7645095" lon="-9.1670922" version="1" timestamp="2024-01-30T23:03:44Z" changeset="146882542" uid="11152051" user="RazorWind"/>
  <node id="11571472183" lat="38.7645380" lon="-9.1671670" version="1" timestamp="2024-01-30T23:03:44Z" changeset="146882542" uid="11152051" user="RazorWind"/>
  <node id="11571472223" lat="38.7634536" lon="-9.1678275" version="1" timestamp="2024-01-30T23:03:44Z" changeset="146882542" uid="11152051" user="RazorWind"/>
  <node id="11571472224" lat="38.7634583" lon="-9.1677800" version="1" timestamp="2024-01-30T23:03:44Z" changeset="146882542" uid="11152051" user="RazorWind"/>
  <node id="11571472225" lat="38.7634652" lon="-9.1677321" version="1" timestamp="2024-01-30T23:03:44Z" changeset="146882542" uid="11152051" user="RazorWind"/>
  <node id="11571472226" lat="38.7634745" lon="-9.1676860" version="1" timestamp="2024-01-30T23:03:44Z" changeset="146882542" uid="11152051" user="RazorWind"/>
  <node id="11571472227" lat="38.7638471" lon="-9.1679748" version="1" timestamp="2024-01-30T23:03:44Z" changeset="146882542" uid="11152051" user="RazorWind"/>
  <node id="11571472228" lat="38.7638116" lon="-9.1680219" version="1" timestamp="2024-01-30T23:03:44Z" changeset="146882542" uid="11152051" user="RazorWind"/>
  <node id="11571472229" lat="38.7637468" lon="-9.1679549" version="1" timestamp="2024-01-30T23:03:44Z" changeset="146882542" uid="11152051" user="RazorWind"/>
  <node id="11571472230" lat="38.7636547" lon="-9.1679633" version="1" timestamp="2024-01-30T23:03:44Z" changeset="146882542" uid="11152051" user="RazorWind"/>
  <node id="11571472231" lat="38.7636477" lon="-9.1678494" version="1" timestamp="2024-01-30T23:03:44Z" changeset="146882542" uid="11152051" user="RazorWind"/>
  <node id="11571472232" lat="38.7635732" lon="-9.1678550" version="1" timestamp="2024-01-30T23:03:44Z" changeset="146882542" uid="11152051" user="RazorWind"/>
  <node id="11571472233" lat="38.7635676" lon="-9.1677729" version="1" timestamp="2024-01-30T23:03:44Z" changeset="146882542" uid="11152051" user="RazorWind"/>
  <node id="11571472234" lat="38.7635051" lon="-9.1675892" version="1" timestamp="2024-01-30T23:03:44Z" changeset="146882542" uid="11152051" user="RazorWind"/>
  <node id="11571472235" lat="38.7635544" lon="-9.1674981" version="1" timestamp="2024-01-30T23:03:44Z" changeset="146882542" uid="11152051" user="RazorWind"/>
  <node id="11571472236" lat="38.7635869" lon="-9.1674578" version="1" timestamp="2024-01-30T23:03:44Z" changeset="146882542" uid="11152051" user="RazorWind"/>
  <node id="11571472237" lat="38.7636584" lon="-9.1673785" version="1" timestamp="2024-01-30T23:03:44Z" changeset="146882542" uid="11152051" user="RazorWind"/>
  <node id="11571472238" lat="38.7636990" lon="-9.1673444" version="1" timestamp="2024-01-30T23:03:44Z" changeset="146882542" uid="11152051" user="RazorWind"/>
  <node id="11571472239" lat="38.7637805" lon="-9.1672914" version="1" timestamp="2024-01-30T23:03:44Z" changeset="146882542" uid="11152051" user="RazorWind"/>
  <node id="11571472240" lat="38.7647017" lon="-9.1674263" version="1" timestamp="2024-01-30T23:03:44Z" changeset="146882542" uid="11152051" user="RazorWind"/>
  <node id="11571472241" lat="38.7646852" lon="-9.1673971" version="1" timestamp="2024-01-30T23:03:44Z" changeset="146882542" uid="11152051" user="RazorWind">
    <tag k="crossing" v="uncontrolled"/>
    <tag k="crossing:markings" v="yes"/>
    <tag k="highway" v="crossing"/>
  </node>
  <node id="11571472242" lat="38.7646660" lon="-9.1673566" version="1" timestamp="2024-01-30T23:03:44Z" changeset="146882542" uid="11152051" user="RazorWind"/>
  <node id="11571472243" lat="38.7646483" lon="-9.1673135" version="1" timestamp="2024-01-30T23:03:44Z" changeset="146882542" uid="11152051" user="RazorWind"/>
  <node id="11571472272" lat="38.7645971" lon="-9.1702771" version="1" timestamp="2024-01-30T23:03:44Z" changeset="146882542" uid="11152051" user="RazorWind"/>
  <node id="11571472273" lat="38.7645592" lon="-9.1702878" version="1" timestamp="2024-01-30T23:03:44Z" changeset="146882542" uid="11152051" user="RazorWind"/>
  <node id="11571472274" lat="38.7642919" lon="-9.1687303" version="1" timestamp="2024-01-30T23:03:44Z" changeset="146882542" uid="11152051" user="RazorWind"/>
  <node id="11571472275" lat="38.7643301" lon="-9.1687195" version="1" timestamp="2024-01-30T23:03:44Z" changeset="146882542" uid="11152051" user="RazorWind"/>
  <node id="11571472276" lat="38.7646396" lon="-9.1684409" version="1" timestamp="2024-01-30T23:03:44Z" changeset="146882542" uid="11152051" user="RazorWind"/>
  <node id="11571472277" lat="38.7646303" lon="-9.1683859" version="1" timestamp="2024-01-30T23:03:44Z" changeset="146882542" uid="11152051" user="RazorWind"/>
  <node id="11571472278" lat="38.7653028" lon="-9.1682005" version="1" timestamp="2024-01-30T23:03:44Z" changeset="146882542" uid="11152051" user="RazorWind"/>
  <node id="11571472279" lat="38.7653120" lon="-9.1682553" version="1" timestamp="2024-01-30T23:03:44Z" changeset="146882542" uid="11152051" user="RazorWind"/>
  <node id="11686406692" lat="38.7797778" lon="-9.1666621" version="1" timestamp="2024-03-03T01:57:50Z" changeset="148151716" uid="15324596" user="dmfr"/>
  <node id="11947377953" lat="38.7682546" lon="-9.1684864" version="5" timestamp="2025-06-30T09:05:42Z" changeset="168298963" uid="447153" user="ltdm">
    <tag k="addr:city" v="Lisboa"/>
    <tag k="addr:housenumber" v="37"/>
    <tag k="addr:postcode" v="1600-817"/>
    <tag k="addr:street" v="Rua Abel Salazar"/>
    <tag k="check_date" v="2024-05-31"/>
    <tag k="description" v="Associação dedicada à salvaguarda do património histórico português, enriquecendo o presente com lições do passado."/>
    <tag k="name" v="Associação Tito de Morais"/>
    <tag k="note" v="Entrada no numero 37b"/>
    <tag k="office" v="association"/>
    <tag k="panoramax" v="https://panoramax.openstreetmap.fr/#focus=pic&amp;pic=e3455650-4bc3-40a1-a95d-12d8d572a46c"/>
    <tag k="source" v="local knowledge;survey"/>
    <tag k="website" v="https://www.titomorais.pt/"/>
  </node>
  <node id="12115455359" lat="38.7647587" lon="-9.1667084" version="1" timestamp="2024-08-16T17:41:43Z" changeset="155340007" uid="11912760" user="aselvadeasfalto"/>
  <node id="12115455389" lat="38.7636054" lon="-9.1670117" version="1" timestamp="2024-08-16T17:41:43Z" changeset="155340007" uid="11912760" user="aselvadeasfalto"/>
  <node id="12115455391" lat="38.7634078" lon="-9.1670026" version="1" timestamp="2024-08-16T17:41:43Z" changeset="155340007" uid="11912760" user="aselvadeasfalto"/>
  <node id="12115492525" lat="38.7638877" lon="-9.1670247" version="1" timestamp="2024-08-16T17:41:43Z" changeset="155340007" uid="11912760" user="aselvadeasfalto"/>
  <node id="12115492526" lat="38.7639582" lon="-9.1670212" version="1" timestamp="2024-08-16T17:41:43Z" changeset="155340007" uid="11912760" user="aselvadeasfalto"/>
  <node id="12115492527" lat="38.7640281" lon="-9.1670090" version="1" timestamp="2024-08-16T17:41:43Z" changeset="155340007" uid="11912760" user="aselvadeasfalto"/>
  <node id="12115492528" lat="38.7640967" lon="-9.1669883" version="1" timestamp="2024-08-16T17:41:43Z" changeset="155340007" uid="11912760" user="aselvadeasfalto"/>
  <node id="12115492529" lat="38.7641635" lon="-9.1669594" version="1" timestamp="2024-08-16T17:41:43Z" changeset="155340007" uid="11912760" user="aselvadeasfalto"/>
  <node id="12115492530" lat="38.7645482" lon="-9.1667421" version="1" timestamp="2024-08-16T17:41:43Z" changeset="155340007" uid="11912760" user="aselvadeasfalto"/>
  <node id="12115492531" lat="38.7645978" lon="-9.1667198" version="1" timestamp="2024-08-16T17:41:43Z" changeset="155340007" uid="11912760" user="aselvadeasfalto"/>
  <node id="12115492532" lat="38.7646464" lon="-9.1667068" version="1" timestamp="2024-08-16T17:41:43Z" changeset="155340007" uid="11912760" user="aselvadeasfalto"/>
  <node id="12115492533" lat="38.7646960" lon="-9.1667019" version="1" timestamp="2024-08-16T17:41:43Z" changeset="155340007" uid="11912760" user="aselvadeasfalto"/>
  <node id="12115492534" lat="38.7647457" lon="-9.1667053" version="1" timestamp="2024-08-16T17:41:43Z" changeset="155340007" uid="11912760" user="aselvadeasfalto"/>
  <node id="12115492535" lat="38.7647937" lon="-9.1667167" version="1" timestamp="2024-08-16T17:41:43Z" changeset="155340007" uid="11912760" user="aselvadeasfalto"/>
  <node id="12115492536" lat="38.7648403" lon="-9.1667358" version="1" timestamp="2024-08-16T17:41:43Z" changeset="155340007" uid="11912760" user="aselvadeasfalto"/>
  <node id="12115492537" lat="38.7648846" lon="-9.1667625" version="1" timestamp="2024-08-16T17:41:43Z" changeset="155340007" uid="11912760" user="aselvadeasfalto"/>
  <node id="12115492538" lat="38.7649323" lon="-9.1668015" version="1" timestamp="2024-08-16T17:41:43Z" changeset="155340007" uid="11912760" user="aselvadeasfalto"/>
  <node id="12115492540" lat="38.7653509" lon="-9.1671321" version="1" timestamp="2024-08-16T17:41:43Z" changeset="155340007" uid="11912760" user="aselvadeasfalto"/>
  <node id="12249029645" lat="38.7667955" lon="-9.1671469" version="1" timestamp="2024-10-13T20:34:10Z" changeset="157851267" uid="16603393" user="Dilxe"/>
  <node id="12249029646" lat="38.7668055" lon="-9.1672254" version="1" timestamp="2024-10-13T20:34:10Z" changeset="157851267" uid="16603393" user="Dilxe"/>
  <node id="12249029647" lat="38.7672022" lon="-9.1669804" version="1" timestamp="2024-10-13T20:34:10Z" changeset="157851267" uid="16603393" user="Dilxe"/>
  <node id="12249029648" lat="38.7673156" lon="-9.1670342" version="1" timestamp="2024-10-13T20:34:10Z" changeset="157851267" uid="16603393" user="Dilxe"/>
  <node id="12249029649" lat="38.7672375" lon="-9.1669822" version="1" timestamp="2024-10-13T20:34:10Z" changeset="157851267" uid="16603393" user="Dilxe"/>
  <node id="12249029650" lat="38.7672909" lon="-9.1670105" version="1" timestamp="2024-10-13T20:34:10Z" changeset="157851267" uid="16603393" user="Dilxe"/>
  <node id="12249029651" lat="38.7673402" lon="-9.1670599" version="1" timestamp="2024-10-13T20:34:10Z" changeset="157851267" uid="16603393" user="Dilxe"/>
  <node id="12249029652" lat="38.7668002" lon="-9.1671039" version="1" timestamp="2024-10-13T20:34:10Z" changeset="157851267" uid="16603393" user="Dilxe"/>
  <node id="12249029653" lat="38.7667969" lon="-9.1671722" version="1" timestamp="2024-10-13T20:34:10Z" changeset="157851267" uid="16603393" user="Dilxe"/>
  <node id="12249029654" lat="38.7667971" lon="-9.1671240" version="1" timestamp="2024-10-13T20:34:10Z" changeset="157851267" uid="16603393" user="Dilxe"/>
  <node id="12249029655" lat="38.7668068" lon="-9.1670839" version="1" timestamp="2024-10-13T20:34:10Z" changeset="157851267" uid="16603393" user="Dilxe"/>
  <node id="12271101914" lat="38.7685791" lon="-9.1694657" version="1" timestamp="2024-10-20T14:06:07Z" changeset="158129950" uid="20972402" user="DanielAgos">
    <tag k="noexit" v="yes"/>
  </node>
  <node id="12271101915" lat="38.7684727" lon="-9.1692284" version="1" timestamp="2024-10-20T14:06:07Z" changeset="158129950" uid="20972402" user="DanielAgos"/>
  <node id="12271101916" lat="38.7685634" lon="-9.1692960" version="1" timestamp="2024-10-20T14:06:07Z" changeset="158129950" uid="20972402" user="DanielAgos"/>
  <node id="12271101917" lat="38.7686337" lon="-9.1693484" version="1" timestamp="2024-10-20T14:06:07Z" changeset="158129950" uid="20972402" user="DanielAgos"/>
  <node id="12271101918" lat="38.7683661" lon="-9.1691490" version="1" timestamp="2024-10-20T14:06:07Z" changeset="158129950" uid="20972402" user="DanielAgos"/>
  <node id="12271101919" lat="38.7685713" lon="-9.1694844" version="1" timestamp="2024-10-20T14:06:07Z" changeset="158129950" uid="20972402" user="DanielAgos">
    <tag k="noexit" v="yes"/>
  </node>
  <node id="12271101920" lat="38.7682192" lon="-9.1700313" version="1" timestamp="2024-10-20T14:06:07Z" changeset="158129950" uid="20972402" user="DanielAgos"/>
  <node id="12271101921" lat="38.7681744" lon="-9.1701565" version="1" timestamp="2024-10-20T14:06:07Z" changeset="158129950" uid="20972402" user="DanielAgos">
    <tag k="amenity" v="drinking_water"/>
    <tag k="bottle" v="no"/>
    <tag k="dog" v="no"/>
    <tag k="fountain" v="bubbler"/>
  </node>
  <node id="12307217203" lat="38.7677831" lon="-9.1709241" version="1" timestamp="2024-11-02T14:08:25Z" changeset="158660349" uid="16603393" user="Dilxe"/>
  <node id="12307217204" lat="38.7676609" lon="-9.1707783" version="1" timestamp="2024-11-02T14:08:25Z" changeset="158660349" uid="16603393" user="Dilxe"/>
  <node id="12307217205" lat="38.7678915" lon="-9.1707750" version="1" timestamp="2024-11-02T14:08:25Z" changeset="158660349" uid="16603393" user="Dilxe"/>
  <node id="12307217206" lat="38.7678843" lon="-9.1707656" version="1" timestamp="2024-11-02T14:08:25Z" changeset="158660349" uid="16603393" user="Dilxe"/>
  <node id="12307217207" lat="38.7679276" lon="-9.1707072" version="1" timestamp="2024-11-02T14:08:25Z" changeset="158660349" uid="16603393" user="Dilxe"/>
  <node id="12307217208" lat="38.7679376" lon="-9.1707189" version="1" timestamp="2024-11-02T14:08:25Z" changeset="158660349" uid="16603393" user="Dilxe"/>
  <node id="12307217209" lat="38.7679243" lon="-9.1705100" version="1" timestamp="2024-11-02T14:08:25Z" changeset="158660349" uid="16603393" user="Dilxe"/>
  <node id="12307217210" lat="38.7679244" lon="-9.1704685" version="1" timestamp="2024-11-02T14:08:25Z" changeset="158660349" uid="16603393" user="Dilxe"/>
  <node id="12307217211" lat="38.7679189" lon="-9.1704539" version="1" timestamp="2024-11-02T14:08:25Z" changeset="158660349" uid="16603393" user="Dilxe"/>
  <node id="12307217212" lat="38.7678963" lon="-9.1704539" version="1" timestamp="2024-11-02T14:08:25Z" changeset="158660349" uid="16603393" user="Dilxe"/>
  <node id="12307217213" lat="38.7679132" lon="-9.1704502" version="1" timestamp="2024-11-02T14:08:25Z" changeset="158660349" uid="16603393" user="Dilxe"/>
  <node id="12307217214" lat="38.7679227" lon="-9.1704601" version="1" timestamp="2024-11-02T14:08:25Z" changeset="158660349" uid="16603393" user="Dilxe"/>
  <node id="12307217215" lat="38.7679017" lon="-9.1704504" version="1" timestamp="2024-11-02T14:08:25Z" changeset="158660349" uid="16603393" user="Dilxe"/>
  <node id="12307217216" lat="38.7679849" lon="-9.1705842" version="1" timestamp="2024-11-02T14:08:25Z" changeset="158660349" uid="16603393" user="Dilxe"/>
  <node id="12346175347" lat="38.7680548" lon="-9.1666694" version="2" timestamp="2025-09-11T13:02:26Z" changeset="171783896" uid="2820801" user="Reino Baptista">
    <tag k="emergency" v="assembly_point"/>
    <tag k="fixme" v="exact position"/>
    <tag k="name" v="53 - Colégio Planalto"/>
    <tag k="operator" v="Câmara Municipal de Lisboa - Serviço Municipal de Proteção Civil de Lisboa"/>
    <tag k="ref" v="53"/>
    <tag k="website" v="https://www.lisboa.pt/temas/seguranca-e-prevencao/protecao-civil/planeamento-de-emergencia/pontos-de-encontro"/>
  </node>
  <node id="12545099108" lat="38.7668574" lon="-9.1667059" version="1" timestamp="2025-01-31T00:38:44Z" changeset="161960084" uid="20972402" user="DanielAgos"/>
  <node id="12545099109" lat="38.7669042" lon="-9.1669903" version="1" timestamp="2025-01-31T00:38:44Z" changeset="161960084" uid="20972402" user="DanielAgos"/>
  <node id="12545099110" lat="38.7669285" lon="-9.1666867" version="1" timestamp="2025-01-31T00:38:44Z" changeset="161960084" uid="20972402" user="DanielAgos"/>
  <node id="12545099111" lat="38.7669753" lon="-9.1669711" version="1" timestamp="2025-01-31T00:38:44Z" changeset="161960084" uid="20972402" user="DanielAgos"/>
  <node id="12545099112" lat="38.7670004" lon="-9.1666673" version="1" timestamp="2025-01-31T00:38:44Z" changeset="161960084" uid="20972402" user="DanielAgos"/>
  <node id="12545099113" lat="38.7670470" lon="-9.1669518" version="1" timestamp="2025-01-31T00:38:44Z" changeset="161960084" uid="20972402" user="DanielAgos"/>
  <node id="12545099114" lat="38.7668511" lon="-9.1673039" version="1" timestamp="2025-01-31T00:38:44Z" changeset="161960084" uid="20972402" user="DanielAgos"/>
  <node id="12545099115" lat="38.7668985" lon="-9.1675853" version="1" timestamp="2025-01-31T00:38:44Z" changeset="161960084" uid="20972402" user="DanielAgos"/>
  <node id="12545099116" lat="38.7669232" lon="-9.1672839" version="1" timestamp="2025-01-31T00:38:44Z" changeset="161960084" uid="20972402" user="DanielAgos"/>
  <node id="12545099117" lat="38.7669706" lon="-9.1675653" version="1" timestamp="2025-01-31T00:38:44Z" changeset="161960084" uid="20972402" user="DanielAgos"/>
  <node id="12545099118" lat="38.7669953" lon="-9.1672639" version="1" timestamp="2025-01-31T00:38:44Z" changeset="161960084" uid="20972402" user="DanielAgos"/>
  <node id="12545099119" lat="38.7670427" lon="-9.1675453" version="1" timestamp="2025-01-31T00:38:44Z" changeset="161960084" uid="20972402" user="DanielAgos"/>
  <node id="12545099120" lat="38.7670674" lon="-9.1672440" version="1" timestamp="2025-01-31T00:38:44Z" changeset="161960084" uid="20972402" user="DanielAgos"/>
  <node id="12545099121" lat="38.7671148" lon="-9.1675253" version="1" timestamp="2025-01-31T00:38:44Z" changeset="161960084" uid="20972402" user="DanielAgos"/>
  <node id="12545099122" lat="38.7671395" lon="-9.1672240" version="1" timestamp="2025-01-31T00:38:44Z" changeset="161960084" uid="20972402" user="DanielAgos"/>
  <node id="12545099123" lat="38.7671869" lon="-9.1675054" version="1" timestamp="2025-01-31T00:38:44Z" changeset="161960084" uid="20972402" user="DanielAgos"/>
  <node id="12545099124" lat="38.7672116" lon="-9.1672040" version="1" timestamp="2025-01-31T00:38:44Z" changeset="161960084" uid="20972402" user="DanielAgos"/>
  <node id="12545099125" lat="38.7672590" lon="-9.1674854" version="1" timestamp="2025-01-31T00:38:44Z" changeset="161960084" uid="20972402" user="DanielAgos"/>
  <node id="12545099126" lat="38.7672837" lon="-9.1671840" version="1" timestamp="2025-01-31T00:38:44Z" changeset="161960084" uid="20972402" user="DanielAgos"/>
  <node id="12545099127" lat="38.7673311" lon="-9.1674654" version="1" timestamp="2025-01-31T00:38:44Z" changeset="161960084" uid="20972402" user="DanielAgos"/>
  <node id="12545099128" lat="38.7662113" lon="-9.1674828" version="1" timestamp="2025-01-31T00:38:44Z" changeset="161960084" uid="20972402" user="DanielAgos"/>
  <node id="12545099129" lat="38.7662582" lon="-9.1677652" version="1" timestamp="2025-01-31T00:38:44Z" changeset="161960084" uid="20972402" user="DanielAgos"/>
  <node id="12545099130" lat="38.7662827" lon="-9.1674634" version="1" timestamp="2025-01-31T00:38:44Z" changeset="161960084" uid="20972402" user="DanielAgos"/>
  <node id="12545099131" lat="38.7663295" lon="-9.1677457" version="1" timestamp="2025-01-31T00:38:44Z" changeset="161960084" uid="20972402" user="DanielAgos"/>
  <node id="12545099132" lat="38.7663540" lon="-9.1674439" version="1" timestamp="2025-01-31T00:38:44Z" changeset="161960084" uid="20972402" user="DanielAgos"/>
  <node id="12545099133" lat="38.7664008" lon="-9.1677262" version="1" timestamp="2025-01-31T00:38:44Z" changeset="161960084" uid="20972402" user="DanielAgos"/>
  <node id="12545099134" lat="38.7664253" lon="-9.1674244" version="1" timestamp="2025-01-31T00:38:44Z" changeset="161960084" uid="20972402" user="DanielAgos"/>
  <node id="12545099135" lat="38.7664722" lon="-9.1677068" version="1" timestamp="2025-01-31T00:38:44Z" changeset="161960084" uid="20972402" user="DanielAgos"/>
  <node id="12545099136" lat="38.7664966" lon="-9.1674050" version="1" timestamp="2025-01-31T00:38:44Z" changeset="161960084" uid="20972402" user="DanielAgos"/>
  <node id="12545099137" lat="38.7665435" lon="-9.1676873" version="1" timestamp="2025-01-31T00:38:44Z" changeset="161960084" uid="20972402" user="DanielAgos"/>
  <node id="12545099138" lat="38.7665680" lon="-9.1673855" version="1" timestamp="2025-01-31T00:38:44Z" changeset="161960084" uid="20972402" user="DanielAgos"/>
  <node id="12545099139" lat="38.7666148" lon="-9.1676678" version="1" timestamp="2025-01-31T00:38:44Z" changeset="161960084" uid="20972402" user="DanielAgos"/>
  <node id="12545099140" lat="38.7666393" lon="-9.1673660" version="1" timestamp="2025-01-31T00:38:44Z" changeset="161960084" uid="20972402" user="DanielAgos"/>
  <node id="12545099141" lat="38.7666861" lon="-9.1676483" version="1" timestamp="2025-01-31T00:38:44Z" changeset="161960084" uid="20972402" user="DanielAgos"/>
  <node id="12545099142" lat="38.7666582" lon="-9.1670573" version="1" timestamp="2025-01-31T00:38:44Z" changeset="161960084" uid="20972402" user="DanielAgos"/>
  <node id="12545099143" lat="38.7666839" lon="-9.1672065" version="1" timestamp="2025-01-31T00:38:44Z" changeset="161960084" uid="20972402" user="DanielAgos"/>
  <node id="12545099144" lat="38.7665753" lon="-9.1670808" version="1" timestamp="2025-01-31T00:38:44Z" changeset="161960084" uid="20972402" user="DanielAgos"/>
  <node id="12545099145" lat="38.7666010" lon="-9.1672301" version="1" timestamp="2025-01-31T00:38:44Z" changeset="161960084" uid="20972402" user="DanielAgos"/>
  <node id="12545099146" lat="38.7664925" lon="-9.1671043" version="1" timestamp="2025-01-31T00:38:44Z" changeset="161960084" uid="20972402" user="DanielAgos"/>
  <node id="12545099147" lat="38.7665182" lon="-9.1672536" version="1" timestamp="2025-01-31T00:38:44Z" changeset="161960084" uid="20972402" user="DanielAgos"/>
  <node id="12545099148" lat="38.7664096" lon="-9.1671278" version="1" timestamp="2025-01-31T00:38:44Z" changeset="161960084" uid="20972402" user="DanielAgos"/>
  <node id="12545099149" lat="38.7664353" lon="-9.1672772" version="1" timestamp="2025-01-31T00:38:44Z" changeset="161960084" uid="20972402" user="DanielAgos"/>
  <node id="12556467963" lat="38.7645127" lon="-9.1686608" version="1" timestamp="2025-02-04T13:43:17Z" changeset="162126136" uid="347293" user="Alexmol">
    <tag k="check_date" v="2025-01-28"/>
    <tag k="communication:emergency" v="yes"/>
    <tag k="man_made" v="mast"/>
    <tag k="material" v="metal"/>
    <tag k="operator" v="SIRESP"/>
    <tag k="tower:construction" v="lattice"/>
    <tag k="tower:type" v="communication"/>
  </node>
  <node id="12592907991" lat="38.7688792" lon="-9.1652104" version="3" timestamp="2025-02-16T12:35:16Z" changeset="162568912" uid="20972402" user="DanielAgos">
    <tag k="emergency" v="fire_hydrant"/>
    <tag k="fire_hydrant:position" v="sidewalk"/>
    <tag k="fire_hydrant:type" v="pillar"/>
  </node>
  <node id="12700754826" lat="38.7674364" lon="-9.1654341" version="1" timestamp="2025-03-25T23:48:52Z" changeset="164101005" uid="1193685" user="DiogoBaptista98"/>
  <node id="12700754827" lat="38.7679708" lon="-9.1652893" version="1" timestamp="2025-03-25T23:48:52Z" changeset="164101005" uid="1193685" user="DiogoBaptista98"/>
  <node id="12700754828" lat="38.7685710" lon="-9.1650291" version="1" timestamp="2025-03-25T23:48:52Z" changeset="164101005" uid="1193685" user="DiogoBaptista98"/>
  <node id="12700754829" lat="38.7696626" lon="-9.1646267" version="1" timestamp="2025-03-25T23:48:52Z" changeset="164101005" uid="1193685" user="DiogoBaptista98"/>
  <node id="12700754830" lat="38.7703151" lon="-9.1643666" version="1" timestamp="2025-03-25T23:48:52Z" changeset="164101005" uid="1193685" user="DiogoBaptista98"/>
  <node id="12700754831" lat="38.7704243" lon="-9.1643402" version="1" timestamp="2025-03-25T23:48:52Z" changeset="164101005" uid="1193685" user="DiogoBaptista98"/>
  <node id="12700754832" lat="38.7704940" lon="-9.1643260" version="1" timestamp="2025-03-25T23:48:52Z" changeset="164101005" uid="1193685" user="DiogoBaptista98"/>
  <node id="12700754833" lat="38.7705644" lon="-9.1643442" version="1" timestamp="2025-03-25T23:48:52Z" changeset="164101005" uid="1193685" user="DiogoBaptista98"/>
  <node id="12700754834" lat="38.7706188" lon="-9.1643859" version="1" timestamp="2025-03-25T23:48:52Z" changeset="164101005" uid="1193685" user="DiogoBaptista98"/>
  <node id="12700754835" lat="38.7706611" lon="-9.1644486" version="1" timestamp="2025-03-25T23:48:52Z" changeset="164101005" uid="1193685" user="DiogoBaptista98"/>
  <node id="12700754836" lat="38.7706879" lon="-9.1645399" version="1" timestamp="2025-03-25T23:48:52Z" changeset="164101005" uid="1193685" user="DiogoBaptista98"/>
  <node id="12700754837" lat="38.7706897" lon="-9.1646100" version="1" timestamp="2025-03-25T23:48:52Z" changeset="164101005" uid="1193685" user="DiogoBaptista98"/>
  <node id="12700754838" lat="38.7706784" lon="-9.1646721" version="1" timestamp="2025-03-25T23:48:52Z" changeset="164101005" uid="1193685" user="DiogoBaptista98"/>
  <node id="12700754839" lat="38.7706026" lon="-9.1648628" version="1" timestamp="2025-03-25T23:48:52Z" changeset="164101005" uid="1193685" user="DiogoBaptista98"/>
  <node id="12700754840" lat="38.7704960" lon="-9.1651592" version="1" timestamp="2025-03-25T23:48:52Z" changeset="164101005" uid="1193685" user="DiogoBaptista98"/>
  <node id="12700754841" lat="38.7702827" lon="-9.1659048" version="1" timestamp="2025-03-25T23:48:52Z" changeset="164101005" uid="1193685" user="DiogoBaptista98"/>
  <node id="12700754842" lat="38.7701875" lon="-9.1662776" version="1" timestamp="2025-03-25T23:48:52Z" changeset="164101005" uid="1193685" user="DiogoBaptista98"/>
  <node id="12700754843" lat="38.7700704" lon="-9.1666451" version="1" timestamp="2025-03-25T23:48:52Z" changeset="164101005" uid="1193685" user="DiogoBaptista98"/>
  <node id="12700754844" lat="38.7699752" lon="-9.1669361" version="1" timestamp="2025-03-25T23:48:52Z" changeset="164101005" uid="1193685" user="DiogoBaptista98"/>
  <node id="12700754845" lat="38.7694566" lon="-9.1681445" version="1" timestamp="2025-03-25T23:48:52Z" changeset="164101005" uid="1193685" user="DiogoBaptista98"/>
  <node id="12700754846" lat="38.7690718" lon="-9.1689961" version="1" timestamp="2025-03-25T23:48:52Z" changeset="164101005" uid="1193685" user="DiogoBaptista98"/>
  <node id="12700754847" lat="38.7688031" lon="-9.1696090" version="1" timestamp="2025-03-25T23:48:52Z" changeset="164101005" uid="1193685" user="DiogoBaptista98"/>
  <node id="12700754848" lat="38.7685699" lon="-9.1700636" version="1" timestamp="2025-03-25T23:48:52Z" changeset="164101005" uid="1193685" user="DiogoBaptista98"/>
  <node id="12700754849" lat="38.7683106" lon="-9.1704994" version="1" timestamp="2025-03-25T23:48:52Z" changeset="164101005" uid="1193685" user="DiogoBaptista98"/>
  <node id="12700754850" lat="38.7681318" lon="-9.1707408" version="1" timestamp="2025-03-25T23:48:52Z" changeset="164101005" uid="1193685" user="DiogoBaptista98"/>
  <node id="12700754851" lat="38.7678892" lon="-9.1710359" version="1" timestamp="2025-03-25T23:48:52Z" changeset="164101005" uid="1193685" user="DiogoBaptista98"/>
  <node id="12700754852" lat="38.7676383" lon="-9.1713242" version="1" timestamp="2025-03-25T23:48:52Z" changeset="164101005" uid="1193685" user="DiogoBaptista98"/>
  <node id="12700754853" lat="38.7673748" lon="-9.1715750" version="1" timestamp="2025-03-25T23:48:52Z" changeset="164101005" uid="1193685" user="DiogoBaptista98"/>
  <node id="12700754854" lat="38.7668456" lon="-9.1719840" version="1" timestamp="2025-03-25T23:48:52Z" changeset="164101005" uid="1193685" user="DiogoBaptista98"/>
  <node id="12700754855" lat="38.7665832" lon="-9.1721356" version="1" timestamp="2025-03-25T23:48:52Z" changeset="164101005" uid="1193685" user="DiogoBaptista98"/>
  <node id="12700754856" lat="38.7663322" lon="-9.1722724" version="1" timestamp="2025-03-25T23:48:52Z" changeset="164101005" uid="1193685" user="DiogoBaptista98"/>
  <node id="12700754857" lat="38.7658554" lon="-9.1724749" version="1" timestamp="2025-03-25T23:48:52Z" changeset="164101005" uid="1193685" user="DiogoBaptista98"/>
  <node id="12700754858" lat="38.7654350" lon="-9.1726023" version="1" timestamp="2025-03-25T23:48:52Z" changeset="164101005" uid="1193685" user="DiogoBaptista98"/>
  <node id="12700754859" lat="38.7650691" lon="-9.1726734" version="1" timestamp="2025-03-25T23:48:52Z" changeset="164101005" uid="1193685" user="DiogoBaptista98"/>
  <node id="12700754860" lat="38.7649446" lon="-9.1726801" version="1" timestamp="2025-03-25T23:48:52Z" changeset="164101005" uid="1193685" user="DiogoBaptista98"/>
  <node id="12700754861" lat="38.7647721" lon="-9.1726653" version="1" timestamp="2025-03-25T23:48:52Z" changeset="164101005" uid="1193685" user="DiogoBaptista98"/>
  <node id="12700754862" lat="38.7645629" lon="-9.1726170" version="1" timestamp="2025-03-25T23:48:52Z" changeset="164101005" uid="1193685" user="DiogoBaptista98"/>
  <node id="12700754863" lat="38.7641028" lon="-9.1724749" version="1" timestamp="2025-03-25T23:48:52Z" changeset="164101005" uid="1193685" user="DiogoBaptista98"/>
  <node id="12700754864" lat="38.7638623" lon="-9.1723582" version="1" timestamp="2025-03-25T23:48:52Z" changeset="164101005" uid="1193685" user="DiogoBaptista98"/>
  <node id="12700754865" lat="38.7636908" lon="-9.1722845" version="1" timestamp="2025-03-25T23:48:52Z" changeset="164101005" uid="1193685" user="DiogoBaptista98"/>
  <node id="12700754866" lat="38.7635727" lon="-9.1722737" version="1" timestamp="2025-03-25T23:48:52Z" changeset="164101005" uid="1193685" user="DiogoBaptista98"/>
  <node id="12700754867" lat="38.7666208" lon="-9.1654864" version="1" timestamp="2025-03-25T23:48:52Z" changeset="164101005" uid="1193685" user="DiogoBaptista98"/>
  <node id="12700754868" lat="38.7663312" lon="-9.1655038" version="1" timestamp="2025-03-25T23:48:52Z" changeset="164101005" uid="1193685" user="DiogoBaptista98"/>
  <node id="12700754869" lat="38.7659610" lon="-9.1654743" version="1" timestamp="2025-03-25T23:48:52Z" changeset="164101005" uid="1193685" user="DiogoBaptista98"/>
  <node id="12700754870" lat="38.7655668" lon="-9.1654354" version="1" timestamp="2025-03-25T23:48:52Z" changeset="164101005" uid="1193685" user="DiogoBaptista98"/>
  <node id="12700754871" lat="38.7652364" lon="-9.1653939" version="1" timestamp="2025-03-25T23:48:52Z" changeset="164101005" uid="1193685" user="DiogoBaptista98"/>
  <node id="12700754872" lat="38.7647187" lon="-9.1652799" version="1" timestamp="2025-03-25T23:48:52Z" changeset="164101005" uid="1193685" user="DiogoBaptista98"/>
  <node id="12700754873" lat="38.7644301" lon="-9.1651846" version="1" timestamp="2025-03-25T23:48:52Z" changeset="164101005" uid="1193685" user="DiogoBaptista98"/>
  <node id="12700754874" lat="38.7641478" lon="-9.1650693" version="1" timestamp="2025-03-25T23:48:52Z" changeset="164101005" uid="1193685" user="DiogoBaptista98"/>
  <node id="12700754875" lat="38.7638205" lon="-9.1649205" version="1" timestamp="2025-03-25T23:48:52Z" changeset="164101005" uid="1193685" user="DiogoBaptista98"/>
  <node id="12700754876" lat="38.7634033" lon="-9.1647099" version="1" timestamp="2025-03-25T23:48:52Z" changeset="164101005" uid="1193685" user="DiogoBaptista98"/>
  <node id="12700754877" lat="38.7630341" lon="-9.1644940" version="1" timestamp="2025-03-25T23:48:52Z" changeset="164101005" uid="1193685" user="DiogoBaptista98"/>
  <node id="12700754878" lat="38.7625479" lon="-9.1641507" version="1" timestamp="2025-03-25T23:48:52Z" changeset="164101005" uid="1193685" user="DiogoBaptista98"/>
  <node id="12700754879" lat="38.7618148" lon="-9.1635405" version="1" timestamp="2025-03-25T23:48:52Z" changeset="164101005" uid="1193685" user="DiogoBaptista98"/>
  <node id="12700754880" lat="38.7610964" lon="-9.1630228" version="1" timestamp="2025-03-25T23:48:52Z" changeset="164101005" uid="1193685" user="DiogoBaptista98"/>
  <node id="12700754881" lat="38.7608893" lon="-9.1628739" version="1" timestamp="2025-03-25T23:48:52Z" changeset="164101005" uid="1193685" user="DiogoBaptista98"/>
  <node id="12700754882" lat="38.7599136" lon="-9.1619673" version="1" timestamp="2025-03-25T23:48:52Z" changeset="164101005" uid="1193685" user="DiogoBaptista98"/>
  <node id="12700754883" lat="38.7595194" lon="-9.1615596" version="1" timestamp="2025-03-25T23:48:52Z" changeset="164101005" uid="1193685" user="DiogoBaptista98"/>
  <node id="12700754884" lat="38.7594002" lon="-9.1614550" version="1" timestamp="2025-03-25T23:48:52Z" changeset="164101005" uid="1193685" user="DiogoBaptista98"/>
  <node id="12700754885" lat="38.7593008" lon="-9.1613907" version="1" timestamp="2025-03-25T23:48:52Z" changeset="164101005" uid="1193685" user="DiogoBaptista98"/>
  <node id="12700754886" lat="38.7591826" lon="-9.1613464" version="1" timestamp="2025-03-25T23:48:52Z" changeset="164101005" uid="1193685" user="DiogoBaptista98"/>
  <node id="12700754887" lat="38.7590070" lon="-9.1613317" version="1" timestamp="2025-03-25T23:48:52Z" changeset="164101005" uid="1193685" user="DiogoBaptista98"/>
  <node id="12700754888" lat="38.7588386" lon="-9.1613518" version="1" timestamp="2025-03-25T23:48:52Z" changeset="164101005" uid="1193685" user="DiogoBaptista98"/>
  <node id="12700754889" lat="38.7586953" lon="-9.1613826" version="1" timestamp="2025-03-25T23:48:52Z" changeset="164101005" uid="1193685" user="DiogoBaptista98"/>
  <node id="12700754890" lat="38.7585479" lon="-9.1614242" version="1" timestamp="2025-03-25T23:48:52Z" changeset="164101005" uid="1193685" user="DiogoBaptista98"/>
  <node id="12700754891" lat="38.7584642" lon="-9.1614684" version="1" timestamp="2025-03-25T23:48:52Z" changeset="164101005" uid="1193685" user="DiogoBaptista98"/>
  <node id="12700754892" lat="38.7583868" lon="-9.1615234" version="1" timestamp="2025-03-25T23:48:52Z" changeset="164101005" uid="1193685" user="DiogoBaptista98"/>
  <node id="12700754893" lat="38.7583094" lon="-9.1616240" version="1" timestamp="2025-03-25T23:48:52Z" changeset="164101005" uid="1193685" user="DiogoBaptista98"/>
  <node id="12700754894" lat="38.7582425" lon="-9.1617930" version="1" timestamp="2025-03-25T23:48:52Z" changeset="164101005" uid="1193685" user="DiogoBaptista98"/>
  <node id="12700754895" lat="38.7578053" lon="-9.1636853" version="1" timestamp="2025-03-25T23:48:52Z" changeset="164101005" uid="1193685" user="DiogoBaptista98"/>
  <node id="12700754896" lat="38.7576997" lon="-9.1641681" version="1" timestamp="2025-03-25T23:48:52Z" changeset="164101005" uid="1193685" user="DiogoBaptista98"/>
  <node id="12700754897" lat="38.7576202" lon="-9.1645959" version="1" timestamp="2025-03-25T23:48:52Z" changeset="164101005" uid="1193685" user="DiogoBaptista98"/>
  <node id="12700754898" lat="38.7574529" lon="-9.1663125" version="1" timestamp="2025-03-25T23:48:52Z" changeset="164101005" uid="1193685" user="DiogoBaptista98"/>
  <node id="12700754899" lat="38.7574445" lon="-9.1677783" version="1" timestamp="2025-03-25T23:48:52Z" changeset="164101005" uid="1193685" user="DiogoBaptista98"/>
  <node id="12700754900" lat="38.7574529" lon="-9.1682249" version="1" timestamp="2025-03-25T23:48:52Z" changeset="164101005" uid="1193685" user="DiogoBaptista98"/>
  <node id="12700754901" lat="38.7575931" lon="-9.1697390" version="1" timestamp="2025-03-25T23:48:52Z" changeset="164101005" uid="1193685" user="DiogoBaptista98"/>
  <node id="12700754902" lat="38.7576129" lon="-9.1699617" version="1" timestamp="2025-03-25T23:48:52Z" changeset="164101005" uid="1193685" user="DiogoBaptista98"/>
  <node id="12700754903" lat="38.7576349" lon="-9.1701373" version="1" timestamp="2025-03-25T23:48:52Z" changeset="164101005" uid="1193685" user="DiogoBaptista98"/>
  <node id="12700754904" lat="38.7576663" lon="-9.1703010" version="1" timestamp="2025-03-25T23:48:52Z" changeset="164101005" uid="1193685" user="DiogoBaptista98"/>
  <node id="12700754905" lat="38.7577468" lon="-9.1705625" version="1" timestamp="2025-03-25T23:48:52Z" changeset="164101005" uid="1193685" user="DiogoBaptista98"/>
  <node id="12700754906" lat="38.7578597" lon="-9.1707958" version="1" timestamp="2025-03-25T23:48:52Z" changeset="164101005" uid="1193685" user="DiogoBaptista98"/>
  <node id="12700754907" lat="38.7579936" lon="-9.1709957" version="1" timestamp="2025-03-25T23:48:52Z" changeset="164101005" uid="1193685" user="DiogoBaptista98"/>
  <node id="12700754908" lat="38.7581097" lon="-9.1710936" version="1" timestamp="2025-03-25T23:48:52Z" changeset="164101005" uid="1193685" user="DiogoBaptista98"/>
  <node id="12700754909" lat="38.7582613" lon="-9.1711982" version="1" timestamp="2025-03-25T23:48:52Z" changeset="164101005" uid="1193685" user="DiogoBaptista98"/>
  <node id="12700754910" lat="38.7583816" lon="-9.1713430" version="1" timestamp="2025-03-25T23:48:52Z" changeset="164101005" uid="1193685" user="DiogoBaptista98"/>
  <node id="12700754911" lat="38.7585301" lon="-9.1715777" version="1" timestamp="2025-03-25T23:48:52Z" changeset="164101005" uid="1193685" user="DiogoBaptista98"/>
  <node id="12700754912" lat="38.7586671" lon="-9.1717896" version="1" timestamp="2025-03-25T23:48:52Z" changeset="164101005" uid="1193685" user="DiogoBaptista98"/>
  <node id="12700754913" lat="38.7587790" lon="-9.1718955" version="1" timestamp="2025-03-25T23:48:52Z" changeset="164101005" uid="1193685" user="DiogoBaptista98"/>
  <node id="12700754914" lat="38.7588637" lon="-9.1719398" version="1" timestamp="2025-03-25T23:48:52Z" changeset="164101005" uid="1193685" user="DiogoBaptista98"/>
  <node id="12700754915" lat="38.7670307" lon="-9.1654716" version="1" timestamp="2025-03-25T23:48:52Z" changeset="164101005" uid="1193685" user="DiogoBaptista98"/>
  <node id="12700754916" lat="38.7670349" lon="-9.1659558" version="1" timestamp="2025-03-25T23:48:52Z" changeset="164101005" uid="1193685" user="DiogoBaptista98"/>
  <node id="12700754917" lat="38.7670286" lon="-9.1660617" version="1" timestamp="2025-03-25T23:48:52Z" changeset="164101005" uid="1193685" user="DiogoBaptista98"/>
  <node id="12700754918" lat="38.7670098" lon="-9.1661797" version="1" timestamp="2025-03-25T23:48:52Z" changeset="164101005" uid="1193685" user="DiogoBaptista98"/>
  <node id="12700754919" lat="38.7669868" lon="-9.1662602" version="1" timestamp="2025-03-25T23:48:52Z" changeset="164101005" uid="1193685" user="DiogoBaptista98"/>
  <node id="12700754920" lat="38.7669429" lon="-9.1663434" version="1" timestamp="2025-03-25T23:48:52Z" changeset="164101005" uid="1193685" user="DiogoBaptista98"/>
  <node id="12700754921" lat="38.7668321" lon="-9.1664694" version="1" timestamp="2025-03-25T23:48:52Z" changeset="164101005" uid="1193685" user="DiogoBaptista98"/>
  <node id="12700754922" lat="38.7666093" lon="-9.1666827" version="1" timestamp="2025-03-25T23:48:52Z" changeset="164101005" uid="1193685" user="DiogoBaptista98"/>
  <node id="12700754923" lat="38.7660896" lon="-9.1671668" version="1" timestamp="2025-03-25T23:48:52Z" changeset="164101005" uid="1193685" user="DiogoBaptista98"/>
  <node id="12700754924" lat="38.7659819" lon="-9.1672473" version="1" timestamp="2025-03-25T23:48:52Z" changeset="164101005" uid="1193685" user="DiogoBaptista98"/>
  <node id="12700754925" lat="38.7659255" lon="-9.1672768" version="1" timestamp="2025-03-25T23:48:52Z" changeset="164101005" uid="1193685" user="DiogoBaptista98"/>
  <node id="12700754926" lat="38.7658596" lon="-9.1672969" version="1" timestamp="2025-03-25T23:48:52Z" changeset="164101005" uid="1193685" user="DiogoBaptista98"/>
  <node id="12700754927" lat="38.7657728" lon="-9.1673009" version="1" timestamp="2025-03-25T23:48:52Z" changeset="164101005" uid="1193685" user="DiogoBaptista98"/>
  <node id="12700754928" lat="38.7656891" lon="-9.1672808" version="1" timestamp="2025-03-25T23:48:52Z" changeset="164101005" uid="1193685" user="DiogoBaptista98"/>
  <node id="12700754929" lat="38.7655856" lon="-9.1672298" version="1" timestamp="2025-03-25T23:48:52Z" changeset="164101005" uid="1193685" user="DiogoBaptista98"/>
  <node id="12700754930" lat="38.7649132" lon="-9.1667014" version="1" timestamp="2025-03-25T23:48:52Z" changeset="164101005" uid="1193685" user="DiogoBaptista98"/>
  <node id="12700754931" lat="38.7648285" lon="-9.1666558" version="1" timestamp="2025-03-25T23:48:52Z" changeset="164101005" uid="1193685" user="DiogoBaptista98"/>
  <node id="12700754932" lat="38.7647355" lon="-9.1666330" version="1" timestamp="2025-03-25T23:48:52Z" changeset="164101005" uid="1193685" user="DiogoBaptista98"/>
  <node id="12700754933" lat="38.7646518" lon="-9.1666330" version="1" timestamp="2025-03-25T23:48:52Z" changeset="164101005" uid="1193685" user="DiogoBaptista98"/>
  <node id="12700754934" lat="38.7645462" lon="-9.1666652" version="1" timestamp="2025-03-25T23:48:52Z" changeset="164101005" uid="1193685" user="DiogoBaptista98"/>
  <node id="12700754935" lat="38.7641384" lon="-9.1668946" version="1" timestamp="2025-03-25T23:48:52Z" changeset="164101005" uid="1193685" user="DiogoBaptista98"/>
  <node id="12700754936" lat="38.7640171" lon="-9.1669388" version="1" timestamp="2025-03-25T23:48:52Z" changeset="164101005" uid="1193685" user="DiogoBaptista98"/>
  <node id="12700754937" lat="38.7638571" lon="-9.1669536" version="1" timestamp="2025-03-25T23:48:52Z" changeset="164101005" uid="1193685" user="DiogoBaptista98"/>
  <node id="12700754938" lat="38.7633468" lon="-9.1669321" version="1" timestamp="2025-03-25T23:48:52Z" changeset="164101005" uid="1193685" user="DiogoBaptista98"/>
  <node id="12700754939" lat="38.7632391" lon="-9.1705088" version="1" timestamp="2025-03-25T23:48:52Z" changeset="164101005" uid="1193685" user="DiogoBaptista98"/>
  <node id="12700754940" lat="38.7632370" lon="-9.1706483" version="1" timestamp="2025-03-25T23:48:52Z" changeset="164101005" uid="1193685" user="DiogoBaptista98"/>
  <node id="12700754941" lat="38.7632537" lon="-9.1708535" version="1" timestamp="2025-03-25T23:48:52Z" changeset="164101005" uid="1193685" user="DiogoBaptista98"/>
  <node id="12700754942" lat="38.7633112" lon="-9.1712075" version="1" timestamp="2025-03-25T23:48:52Z" changeset="164101005" uid="1193685" user="DiogoBaptista98"/>
  <node id="12700754943" lat="38.7635026" lon="-9.1722871" version="1" timestamp="2025-03-25T23:48:52Z" changeset="164101005" uid="1193685" user="DiogoBaptista98"/>
  <node id="12700754944" lat="38.7632234" lon="-9.1723783" version="1" timestamp="2025-03-25T23:48:52Z" changeset="164101005" uid="1193685" user="DiogoBaptista98"/>
  <node id="12700754945" lat="38.7631000" lon="-9.1724226" version="1" timestamp="2025-03-25T23:48:52Z" changeset="164101005" uid="1193685" user="DiogoBaptista98"/>
  <node id="12700754946" lat="38.7628971" lon="-9.1724937" version="1" timestamp="2025-03-25T23:48:52Z" changeset="164101005" uid="1193685" user="DiogoBaptista98"/>
  <node id="12700754947" lat="38.7627633" lon="-9.1725165" version="1" timestamp="2025-03-25T23:48:52Z" changeset="164101005" uid="1193685" user="DiogoBaptista98"/>
  <node id="12700754948" lat="38.7625740" lon="-9.1725218" version="1" timestamp="2025-03-25T23:48:52Z" changeset="164101005" uid="1193685" user="DiogoBaptista98"/>
  <node id="12700754949" lat="38.7618828" lon="-9.1724910" version="1" timestamp="2025-03-25T23:48:52Z" changeset="164101005" uid="1193685" user="DiogoBaptista98"/>
  <node id="12700754950" lat="38.7611372" lon="-9.1724320" version="1" timestamp="2025-03-25T23:48:52Z" changeset="164101005" uid="1193685" user="DiogoBaptista98"/>
  <node id="12700754951" lat="38.7604679" lon="-9.1723086" version="1" timestamp="2025-03-25T23:48:52Z" changeset="164101005" uid="1193685" user="DiogoBaptista98"/>
  <node id="12700754952" lat="38.7598530" lon="-9.1722080" version="1" timestamp="2025-03-25T23:48:52Z" changeset="164101005" uid="1193685" user="DiogoBaptista98"/>
  <node id="12700754953" lat="38.7594284" lon="-9.1721289" version="1" timestamp="2025-03-25T23:48:52Z" changeset="164101005" uid="1193685" user="DiogoBaptista98"/>
  <node id="12921178310" lat="38.7741502" lon="-9.1635269" version="1" timestamp="2025-06-17T12:09:49Z" changeset="167735602" uid="15324596" user="dmfr"/>
  <node id="13245805162" lat="38.7671516" lon="-9.1651638" version="1" timestamp="2025-10-20T13:32:03Z" changeset="173537227" uid="16603393" user="Dilxe"/>
  <node id="13245805163" lat="38.7671639" lon="-9.1653062" version="1" timestamp="2025-10-20T13:32:03Z" changeset="173537227" uid="16603393" user="Dilxe"/>
  <node id="13245805164" lat="38.7671697" lon="-9.1653774" version="1" timestamp="2025-10-20T13:32:03Z" changeset="173537227" uid="16603393" user="Dilxe"/>
  <node id="13296536712" lat="38.7657656" lon="-9.1717199" version="1" timestamp="2025-11-11T12:00:01Z" changeset="174507419" uid="23493441" user="ciberpano">
    <tag k="addr:city" v="Lisboa"/>
    <tag k="addr:housenumber" v="23B"/>
    <tag k="addr:postcode" v="1600-651"/>
    <tag k="addr:street" v="Rua Professor Prado Coelho"/>
    <tag k="amenity" v="bar"/>
    <tag k="brewery" v="sagres"/>
    <tag k="name" v="Quasebar - Cafetaria  e bar"/>
    <tag k="opening_hours" v="Mo-Sa 06:00-22:00"/>
  </node>
  <node id="13512416476" lat="38.7690376" lon="-9.1669157" version="1" timestamp="2026-01-30T15:32:58Z" changeset="177895332" uid="347293" user="Alexmol"/>
  <node id="13512416477" lat="38.7691179" lon="-9.1669716" version="1" timestamp="2026-01-30T15:32:58Z" changeset="177895332" uid="347293" user="Alexmol"/>
  <node id="13512416478" lat="38.7690999" lon="-9.1669520" version="2" timestamp="2026-01-30T17:08:38Z" changeset="177898830" uid="347293" user="Alexmol">
    <tag k="access" v="yes"/>
    <tag k="authentication:membership_card" v="yes"/>
    <tag k="authentication:none" v="no"/>
    <tag k="brand" v="edp Charge"/>
    <tag k="brand:wikidata" v="Q1341222"/>
    <tag k="capacity" v="2"/>
    <tag k="charge_point:output" v="120 kW"/>
    <tag k="fee" v="yes"/>
    <tag k="man_made" v="charge_point"/>
    <tag k="maxstay" v="unlimited"/>
    <tag k="motorcar" v="yes"/>
    <tag k="network" v="Mobi.E"/>
    <tag k="opening_hours" v="24/7"/>
    <tag k="operator" v="EDP"/>
    <tag k="operator:wikidata" v="Q1341222"/>
    <tag k="parking:fee" v="no"/>
    <tag k="payment:app" v="yes"/>
    <tag k="payment:cards" v="no"/>
    <tag k="payment:cash" v="no"/>
    <tag k="payment:membership_card" v="yes"/>
    <tag k="phone" v="+351 800 222 222"/>
    <tag k="ref" v="LSB-01143"/>
    <tag k="ref:EU:EVSE" v="PT*EDP*ELSB*01143*1;PT*EDP*ELSB*01143*2"/>
    <tag k="socket:type2_combo" v="2"/>
    <tag k="socket:type2_combo:current" v="300"/>
    <tag k="socket:type2_combo:output" v="120 kW"/>
    <tag k="socket:type2_combo:voltage" v="1000"/>
    <tag k="website" v="https://www.mobie.pt/"/>
  </node>
  <node id="13512416479" lat="38.7691439" lon="-9.1669101" version="1" timestamp="2026-01-30T15:32:58Z" changeset="177895332" uid="347293" user="Alexmol"/>
  <node id="13512416480" lat="38.7691236" lon="-9.1668960" version="1" timestamp="2026-01-30T15:32:58Z" changeset="177895332" uid="347293" user="Alexmol"/>
  <node id="13512416481" lat="38.7691219" lon="-9.1669620" version="1" timestamp="2026-01-30T15:32:58Z" changeset="177895332" uid="347293" user="Alexmol"/>
  <node id="13512416482" lat="38.7690816" lon="-9.1669339" version="1" timestamp="2026-01-30T15:32:58Z" changeset="177895332" uid="347293" user="Alexmol"/>
  <node id="13512416483" lat="38.7691017" lon="-9.1669479" version="1" timestamp="2026-01-30T15:32:58Z" changeset="177895332" uid="347293" user="Alexmol"/>
  <node id="13512416484" lat="38.7690617" lon="-9.1669200" version="1" timestamp="2026-01-30T15:32:58Z" changeset="177895332" uid="347293" user="Alexmol"/>
  <node id="13512416485" lat="38.7691035" lon="-9.1668819" version="1" timestamp="2026-01-30T15:32:58Z" changeset="177895332" uid="347293" user="Alexmol"/>
  <node id="13512416486" lat="38.7690836" lon="-9.1668681" version="1" timestamp="2026-01-30T15:32:58Z" changeset="177895332" uid="347293" user="Alexmol"/>
  <node id="13512416487" lat="38.7690636" lon="-9.1668542" version="1" timestamp="2026-01-30T15:32:58Z" changeset="177895332" uid="347293" user="Alexmol"/>
  <node id="13512416488" lat="38.7690417" lon="-9.1669061" version="1" timestamp="2026-01-30T15:32:58Z" changeset="177895332" uid="347293" user="Alexmol"/>
  <node id="13512416489" lat="38.7690605" lon="-9.1669246" version="2" timestamp="2026-01-30T17:08:38Z" changeset="177898830" uid="347293" user="Alexmol">
    <tag k="access" v="yes"/>
    <tag k="authentication:membership_card" v="yes"/>
    <tag k="authentication:none" v="no"/>
    <tag k="brand" v="edp Charge"/>
    <tag k="brand:wikidata" v="Q1341222"/>
    <tag k="capacity" v="2"/>
    <tag k="charge_point:output" v="82 kW"/>
    <tag k="fee" v="yes"/>
    <tag k="man_made" v="charge_point"/>
    <tag k="maxstay" v="unlimited"/>
    <tag k="motorcar" v="yes"/>
    <tag k="network" v="Mobi.E"/>
    <tag k="opening_hours" v="24/7"/>
    <tag k="operator" v="EDP"/>
    <tag k="operator:wikidata" v="Q1341222"/>
    <tag k="parking:fee" v="no"/>
    <tag k="payment:app" v="yes"/>
    <tag k="payment:cards" v="no"/>
    <tag k="payment:cash" v="no"/>
    <tag k="payment:membership_card" v="yes"/>
    <tag k="phone" v="+351 800 222 222"/>
    <tag k="ref" v="LSB-01142"/>
    <tag k="ref:EU:EVSE" v="PT*EDP*ELSB*01142*1;PT*EDP*ELSB*01142*2;PT*EDP*ELSB*01142*3"/>
    <tag k="socket:type2" v="1"/>
    <tag k="socket:type2:current" v="32"/>
    <tag k="socket:type2:output" v="22 kW"/>
    <tag k="socket:type2:voltage" v="400"/>
    <tag k="socket:type2_combo" v="2"/>
    <tag k="socket:type2_combo:current" v="200"/>
    <tag k="socket:type2_combo:output" v="60 kW"/>
    <tag k="socket:type2_combo:voltage" v="1000"/>
    <tag k="website" v="https://www.mobie.pt/"/>
  </node>
  <node id="13695631582" lat="38.7680862" lon="-9.1704082" version="1" timestamp="2026-03-31T15:58:26Z" changeset="180680994" uid="2644617" user="Jimiiee"/>
  <node id="13695631583" lat="38.7683429" lon="-9.1700430" version="1" timestamp="2026-03-31T15:58:26Z" changeset="180680994" uid="2644617" user="Jimiiee"/>
  <node id="13695631584" lat="38.7683909" lon="-9.1700692" version="1" timestamp="2026-03-31T15:58:26Z" changeset="180680994" uid="2644617" user="Jimiiee"/>
  <node id="13695631585" lat="38.7689218" lon="-9.1689539" version="1" timestamp="2026-03-31T15:58:26Z" changeset="180680994" uid="2644617" user="Jimiiee"/>
  <node id="13695631586" lat="38.7689975" lon="-9.1688599" version="1" timestamp="2026-03-31T15:58:26Z" changeset="180680994" uid="2644617" user="Jimiiee"/>
  <node id="13695631587" lat="38.7691576" lon="-9.1689774" version="1" timestamp="2026-03-31T15:58:26Z" changeset="180680994" uid="2644617" user="Jimiiee"/>
  <node id="13695631588" lat="38.7688714" lon="-9.1695316" version="1" timestamp="2026-03-31T15:58:26Z" changeset="180680994" uid="2644617" user="Jimiiee"/>
  <node id="13695631589" lat="38.7686624" lon="-9.1699152" version="1" timestamp="2026-03-31T15:58:26Z" changeset="180680994" uid="2644617" user="Jimiiee"/>
  <node id="13695631590" lat="38.7682840" lon="-9.1704035" version="1" timestamp="2026-03-31T15:58:26Z" changeset="180680994" uid="2644617" user="Jimiiee"/>
  <node id="13695631591" lat="38.7681726" lon="-9.1705035" version="1" timestamp="2026-03-31T15:58:26Z" changeset="180680994" uid="2644617" user="Jimiiee"/>
  <node id="13695651705" lat="38.7693862" lon="-9.1691428" version="1" timestamp="2026-03-31T15:58:26Z" changeset="180680994" uid="2644617" user="Jimiiee"/>
  <node id="13695651706" lat="38.7694495" lon="-9.1691887" version="1" timestamp="2026-03-31T15:58:26Z" changeset="180680994" uid="2644617" user="Jimiiee"/>
  <node id="13695651731" lat="38.7694684" lon="-9.1689888" version="1" timestamp="2026-03-31T15:58:26Z" changeset="180680994" uid="2644617" user="Jimiiee"/>
  <node id="13697849135" lat="38.7690042" lon="-9.1648694" version="1" timestamp="2026-04-01T09:32:14Z" changeset="180710834" uid="2644617" user="Jimiiee"/>
  <node id="13697849137" lat="38.7694592" lon="-9.1678038" version="2" timestamp="2026-04-08T08:44:25Z" changeset="181036708" uid="2644617" user="Jimiiee"/>
  <node id="13697849142" lat="38.7653260" lon="-9.1724671" version="1" timestamp="2026-04-01T09:32:14Z" changeset="180710834" uid="2644617" user="Jimiiee"/>
  <node id="13697849143" lat="38.7637068" lon="-9.1722330" version="1" timestamp="2026-04-01T09:32:14Z" changeset="180710834" uid="2644617" user="Jimiiee"/>
  <node id="13697849144" lat="38.7631206" lon="-9.1723562" version="1" timestamp="2026-04-01T09:32:14Z" changeset="180710834" uid="2644617" user="Jimiiee"/>
  <node id="13697849145" lat="38.7614918" lon="-9.1724055" version="1" timestamp="2026-04-01T09:32:14Z" changeset="180710834" uid="2644617" user="Jimiiee"/>
  <node id="13697849146" lat="38.7603434" lon="-9.1722330" version="1" timestamp="2026-04-01T09:32:14Z" changeset="180710834" uid="2644617" user="Jimiiee"/>
  <node id="13697849147" lat="38.7591053" lon="-9.1719978" version="1" timestamp="2026-04-01T09:32:14Z" changeset="180710834" uid="2644617" user="Jimiiee"/>
  <node id="13697849148" lat="38.7584212" lon="-9.1714055" version="1" timestamp="2026-04-01T09:32:14Z" changeset="180710834" uid="2644617" user="Jimiiee"/>
  <node id="13697849149" lat="38.7579159" lon="-9.1707800" version="1" timestamp="2026-04-01T09:32:14Z" changeset="180710834" uid="2644617" user="Jimiiee"/>
  <node id="13697849150" lat="38.7575847" lon="-9.1687910" version="1" timestamp="2026-04-01T09:32:14Z" changeset="180710834" uid="2644617" user="Jimiiee"/>
  <node id="13697849151" lat="38.7574908" lon="-9.1678354" version="1" timestamp="2026-04-01T09:32:14Z" changeset="180710834" uid="2644617" user="Jimiiee"/>
  <node id="13697849152" lat="38.7575074" lon="-9.1650536" version="1" timestamp="2026-04-01T09:32:14Z" changeset="180710834" uid="2644617" user="Jimiiee"/>
  <node id="13697849153" lat="38.7577171" lon="-9.1636945" version="1" timestamp="2026-04-01T09:32:14Z" changeset="180710834" uid="2644617" user="Jimiiee"/>
  <node id="13697849154" lat="38.7581753" lon="-9.1619320" version="1" timestamp="2026-04-01T09:32:14Z" changeset="180710834" uid="2644617" user="Jimiiee"/>
  <node id="13697849155" lat="38.7589260" lon="-9.1612737" version="1" timestamp="2026-04-01T09:32:14Z" changeset="180710834" uid="2644617" user="Jimiiee"/>
  <node id="13697849156" lat="38.7593234" lon="-9.1613020" version="1" timestamp="2026-04-01T09:32:14Z" changeset="180710834" uid="2644617" user="Jimiiee"/>
  <node id="13697849157" lat="38.7603124" lon="-9.1624365" version="1" timestamp="2026-04-01T09:32:14Z" changeset="180710834" uid="2644617" user="Jimiiee"/>
  <node id="13697849158" lat="38.7621613" lon="-9.1639599" version="1" timestamp="2026-04-01T09:32:14Z" changeset="180710834" uid="2644617" user="Jimiiee"/>
  <node id="13697849159" lat="38.7630648" lon="-9.1646788" version="1" timestamp="2026-04-01T09:32:14Z" changeset="180710834" uid="2644617" user="Jimiiee"/>
  <node id="13697849160" lat="38.7637759" lon="-9.1649685" version="1" timestamp="2026-04-01T09:32:14Z" changeset="180710834" uid="2644617" user="Jimiiee"/>
  <node id="13697849161" lat="38.7653904" lon="-9.1657087" version="1" timestamp="2026-04-01T09:32:14Z" changeset="180710834" uid="2644617" user="Jimiiee"/>
  <node id="13697849162" lat="38.7663357" lon="-9.1656551" version="1" timestamp="2026-04-01T09:32:14Z" changeset="180710834" uid="2644617" user="Jimiiee"/>
  <node id="13697849163" lat="38.7680969" lon="-9.1652787" version="2" timestamp="2026-04-08T08:44:25Z" changeset="181036708" uid="2644617" user="Jimiiee"/>
  <node id="13715660858" lat="38.7699146" lon="-9.1666706" version="1" timestamp="2026-04-08T08:44:25Z" changeset="181036708" uid="2644617" user="Jimiiee"/>
  <node id="13715660859" lat="38.7697934" lon="-9.1665852" version="1" timestamp="2026-04-08T08:44:25Z" changeset="181036708" uid="2644617" user="Jimiiee"/>
  <node id="13715660860" lat="38.7699363" lon="-9.1664871" version="1" timestamp="2026-04-08T08:44:25Z" changeset="181036708" uid="2644617" user="Jimiiee"/>
  <node id="13715660861" lat="38.7699190" lon="-9.1664346" version="1" timestamp="2026-04-08T08:44:25Z" changeset="181036708" uid="2644617" user="Jimiiee"/>
  <node id="13715660862" lat="38.7700774" lon="-9.1662443" version="1" timestamp="2026-04-08T08:44:25Z" changeset="181036708" uid="2644617" user="Jimiiee"/>
  <node id="13715660863" lat="38.7701429" lon="-9.1661147" version="1" timestamp="2026-04-08T08:44:25Z" changeset="181036708" uid="2644617" user="Jimiiee"/>
  <node id="13715660864" lat="38.7702112" lon="-9.1659221" version="1" timestamp="2026-04-08T08:44:25Z" changeset="181036708" uid="2644617" user="Jimiiee"/>
  <node id="13715660865" lat="38.7704481" lon="-9.1651881" version="1" timestamp="2026-04-08T08:44:25Z" changeset="181036708" uid="2644617" user="Jimiiee"/>
  <node id="13715660866" lat="38.7706217" lon="-9.1646180" version="1" timestamp="2026-04-08T08:44:25Z" changeset="181036708" uid="2644617" user="Jimiiee"/>
  <node id="13715660867" lat="38.7706026" lon="-9.1645631" version="1" timestamp="2026-04-08T08:44:25Z" changeset="181036708" uid="2644617" user="Jimiiee"/>
  <node id="13715660868" lat="38.7705616" lon="-9.1645012" version="1" timestamp="2026-04-08T08:44:25Z" changeset="181036708" uid="2644617" user="Jimiiee"/>
  <node id="13715660869" lat="38.7704979" lon="-9.1644603" version="1" timestamp="2026-04-08T08:44:25Z" changeset="181036708" uid="2644617" user="Jimiiee"/>
  <node id="13715660870" lat="38.7704506" lon="-9.1644265" version="1" timestamp="2026-04-08T08:44:25Z" changeset="181036708" uid="2644617" user="Jimiiee"/>
  <node id="13715660871" lat="38.7697788" lon="-9.1645292" version="1" timestamp="2026-04-08T08:44:25Z" changeset="181036708" uid="2644617" user="Jimiiee"/>
  <node id="13715660872" lat="38.7704460" lon="-9.1642992" version="1" timestamp="2026-04-08T08:44:25Z" changeset="181036708" uid="2644617" user="Jimiiee"/>
  <node id="13715660873" lat="38.7705453" lon="-9.1642899" version="1" timestamp="2026-04-08T08:44:25Z" changeset="181036708" uid="2644617" user="Jimiiee"/>
  <node id="13715660874" lat="38.7706272" lon="-9.1643378" version="1" timestamp="2026-04-08T08:44:25Z" changeset="181036708" uid="2644617" user="Jimiiee"/>
  <node id="13715660875" lat="38.7706727" lon="-9.1643950" version="1" timestamp="2026-04-08T08:44:25Z" changeset="181036708" uid="2644617" user="Jimiiee"/>
  <node id="13715660876" lat="38.7707109" lon="-9.1644872" version="1" timestamp="2026-04-08T08:44:25Z" changeset="181036708" uid="2644617" user="Jimiiee"/>
  <node id="13715660877" lat="38.7707182" lon="-9.1645561" version="1" timestamp="2026-04-08T08:44:25Z" changeset="181036708" uid="2644617" user="Jimiiee"/>
  <node id="13715660878" lat="38.7707246" lon="-9.1646273" version="1" timestamp="2026-04-08T08:44:25Z" changeset="181036708" uid="2644617" user="Jimiiee"/>
  <node id="13715660879" lat="38.7707209" lon="-9.1646985" version="1" timestamp="2026-04-08T08:44:25Z" changeset="181036708" uid="2644617" user="Jimiiee"/>
  <node id="13715660880" lat="38.7704551" lon="-9.1654095" version="1" timestamp="2026-04-08T08:44:25Z" changeset="181036708" uid="2644617" user="Jimiiee"/>
  <node id="13715660881" lat="38.7702831" lon="-9.1660703" version="1" timestamp="2026-04-08T08:44:25Z" changeset="181036708" uid="2644617" user="Jimiiee"/>
  <node id="13715660882" lat="38.7701548" lon="-9.1666389" version="1" timestamp="2026-04-08T08:44:25Z" changeset="181036708" uid="2644617" user="Jimiiee"/>
  <node id="13715660883" lat="38.7700291" lon="-9.1669506" version="1" timestamp="2026-04-08T08:44:25Z" changeset="181036708" uid="2644617" user="Jimiiee"/>
  <node id="13715660884" lat="38.7696614" lon="-9.1677492" version="1" timestamp="2026-04-08T08:44:25Z" changeset="181036708" uid="2644617" user="Jimiiee"/>
  <node id="13715660885" lat="38.7691950" lon="-9.1687899" version="1" timestamp="2026-04-08T08:44:25Z" changeset="181036708" uid="2644617" user="Jimiiee"/>
  <node id="13715660886" lat="38.7688965" lon="-9.1650885" version="1" timestamp="2026-04-08T08:44:25Z" changeset="181036708" uid="2644617" user="Jimiiee"/>
  <node id="13715660887" lat="38.7687596" lon="-9.1654194" version="1" timestamp="2026-04-08T08:44:25Z" changeset="181036708" uid="2644617" user="Jimiiee"/>
  <node id="13715660888" lat="38.7685558" lon="-9.1652628" version="1" timestamp="2026-04-08T08:44:25Z" changeset="181036708" uid="2644617" user="Jimiiee"/>
  <node id="13715660889" lat="38.7686723" lon="-9.1650274" version="1" timestamp="2026-04-08T08:44:25Z" changeset="181036708" uid="2644617" user="Jimiiee"/>
  <node id="13715660890" lat="38.7688669" lon="-9.1649646" version="1" timestamp="2026-04-08T08:44:25Z" changeset="181036708" uid="2644617" user="Jimiiee"/>
  <node id="13715660891" lat="38.7693437" lon="-9.1649457" version="1" timestamp="2026-04-08T08:44:25Z" changeset="181036708" uid="2644617" user="Jimiiee"/>
  <node id="13715660892" lat="38.7705905" lon="-9.1643459" version="1" timestamp="2026-04-08T08:44:25Z" changeset="181036708" uid="2644617" user="Jimiiee"/>
  <node id="13715660893" lat="38.7705357" lon="-9.1644997" version="1" timestamp="2026-04-08T08:44:25Z" changeset="181036708" uid="2644617" user="Jimiiee"/>
  <node id="13715660894" lat="38.7705115" lon="-9.1645482" version="1" timestamp="2026-04-08T08:44:25Z" changeset="181036708" uid="2644617" user="Jimiiee"/>
  <node id="13715660895" lat="38.7686025" lon="-9.1650463" version="1" timestamp="2026-04-08T08:44:25Z" changeset="181036708" uid="2644617" user="Jimiiee"/>
  <node id="13715660896" lat="38.7686504" lon="-9.1650717" version="1" timestamp="2026-04-08T08:44:25Z" changeset="181036708" uid="2644617" user="Jimiiee"/>
  <node id="13715660897" lat="38.7688516" lon="-9.1657162" version="1" timestamp="2026-04-08T08:44:25Z" changeset="181036708" uid="2644617" user="Jimiiee"/>
  <node id="13715660898" lat="38.7688649" lon="-9.1658356" version="1" timestamp="2026-04-08T08:44:25Z" changeset="181036708" uid="2644617" user="Jimiiee"/>
  <node id="13715660899" lat="38.7689984" lon="-9.1659618" version="1" timestamp="2026-04-08T08:44:25Z" changeset="181036708" uid="2644617" user="Jimiiee"/>
  <node id="13715660900" lat="38.7688430" lon="-9.1663167" version="1" timestamp="2026-04-08T08:44:25Z" changeset="181036708" uid="2644617" user="Jimiiee"/>
  <node id="13715708601" lat="38.7686877" lon="-9.1662193" version="1" timestamp="2026-04-08T08:44:25Z" changeset="181036708" uid="2644617" user="Jimiiee"/>
  <node id="13715708602" lat="38.7671444" lon="-9.1660364" version="1" timestamp="2026-04-08T08:44:25Z" changeset="181036708" uid="2644617" user="Jimiiee"/>
  <node id="13715708603" lat="38.7672401" lon="-9.1656007" version="1" timestamp="2026-04-08T08:44:25Z" changeset="181036708" uid="2644617" user="Jimiiee"/>
  <node id="13715708604" lat="38.7672585" lon="-9.1655425" version="1" timestamp="2026-04-08T08:44:25Z" changeset="181036708" uid="2644617" user="Jimiiee"/>
  <node id="13715708605" lat="38.7670480" lon="-9.1665420" version="1" timestamp="2026-04-08T08:44:25Z" changeset="181036708" uid="2644617" user="Jimiiee"/>
  <node id="13715708606" lat="38.7669740" lon="-9.1664831" version="1" timestamp="2026-04-08T08:44:25Z" changeset="181036708" uid="2644617" user="Jimiiee"/>
  <node id="13715708607" lat="38.7670929" lon="-9.1662991" version="1" timestamp="2026-04-08T08:44:25Z" changeset="181036708" uid="2644617" user="Jimiiee"/>
  <node id="13715708608" lat="38.7671089" lon="-9.1662487" version="1" timestamp="2026-04-08T08:44:25Z" changeset="181036708" uid="2644617" user="Jimiiee"/>
  <node id="13715708609" lat="38.7688024" lon="-9.1653224" version="1" timestamp="2026-04-08T08:44:25Z" changeset="181036708" uid="2644617" user="Jimiiee"/>
  <node id="13715708610" lat="38.7689632" lon="-9.1654481" version="1" timestamp="2026-04-08T08:44:25Z" changeset="181036708" uid="2644617" user="Jimiiee"/>
  <node id="13715708611" lat="38.7687657" lon="-9.1649872" version="1" timestamp="2026-04-08T08:44:25Z" changeset="181036708" uid="2644617" user="Jimiiee"/>
  <node id="13715708612" lat="38.7698634" lon="-9.1645909" version="1" timestamp="2026-04-08T08:44:25Z" changeset="181036708" uid="2644617" user="Jimiiee"/>
  <node id="13715708613" lat="38.7699725" lon="-9.1644902" version="1" timestamp="2026-04-08T08:44:25Z" changeset="181036708" uid="2644617" user="Jimiiee">
    <tag k="natural" v="tree"/>
  </node>
  <node id="13715708614" lat="38.7700976" lon="-9.1644540" version="1" timestamp="2026-04-08T08:44:25Z" changeset="181036708" uid="2644617" user="Jimiiee">
    <tag k="natural" v="tree"/>
  </node>
  <node id="13715708615" lat="38.7703048" lon="-9.1643864" version="1" timestamp="2026-04-08T08:44:25Z" changeset="181036708" uid="2644617" user="Jimiiee">
    <tag k="natural" v="tree"/>
  </node>
  <node id="13715708616" lat="38.7697553" lon="-9.1646761" version="1" timestamp="2026-04-08T08:44:25Z" changeset="181036708" uid="2644617" user="Jimiiee">
    <tag k="crossing" v="uncontrolled"/>
    <tag k="crossing:island" v="no"/>
    <tag k="crossing:markings" v="zebra"/>
    <tag k="highway" v="crossing"/>
    <tag k="tactile_paving" v="no"/>
  </node>
  <node id="13715708617" lat="38.7699296" lon="-9.1661890" version="1" timestamp="2026-04-08T08:44:25Z" changeset="181036708" uid="2644617" user="Jimiiee"/>
  <node id="13715708618" lat="38.7701565" lon="-9.1656903" version="1" timestamp="2026-04-08T08:44:25Z" changeset="181036708" uid="2644617" user="Jimiiee"/>
  <node id="13715708619" lat="38.7701761" lon="-9.1657831" version="1" timestamp="2026-04-08T08:44:25Z" changeset="181036708" uid="2644617" user="Jimiiee"/>
  <node id="13715708620" lat="38.7701663" lon="-9.1658209" version="1" timestamp="2026-04-08T08:44:25Z" changeset="181036708" uid="2644617" user="Jimiiee"/>
  <node id="13715708621" lat="38.7699933" lon="-9.1661953" version="1" timestamp="2026-04-08T08:44:25Z" changeset="181036708" uid="2644617" user="Jimiiee"/>
  <node id="13715708622" lat="38.7699602" lon="-9.1662110" version="1" timestamp="2026-04-08T08:44:25Z" changeset="181036708" uid="2644617" user="Jimiiee"/>
  <node id="13715708623" lat="38.7698192" lon="-9.1662597" version="1" timestamp="2026-04-08T08:44:25Z" changeset="181036708" uid="2644617" user="Jimiiee"/>
  <node id="13715708624" lat="38.7698499" lon="-9.1662849" version="1" timestamp="2026-04-08T08:44:25Z" changeset="181036708" uid="2644617" user="Jimiiee"/>
  <node id="13715708625" lat="38.7698499" lon="-9.1663227" version="1" timestamp="2026-04-08T08:44:25Z" changeset="181036708" uid="2644617" user="Jimiiee"/>
  <node id="13715708626" lat="38.7698413" lon="-9.1663478" version="1" timestamp="2026-04-08T08:44:25Z" changeset="181036708" uid="2644617" user="Jimiiee"/>
  <node id="13715708627" lat="38.7696254" lon="-9.1664658" version="1" timestamp="2026-04-08T08:44:25Z" changeset="181036708" uid="2644617" user="Jimiiee"/>
  <node id="13715708628" lat="38.7694721" lon="-9.1665885" version="1" timestamp="2026-04-08T08:44:25Z" changeset="181036708" uid="2644617" user="Jimiiee"/>
  <node id="13715708629" lat="38.7694353" lon="-9.1665649" version="1" timestamp="2026-04-08T08:44:25Z" changeset="181036708" uid="2644617" user="Jimiiee"/>
  <node id="13715708630" lat="38.7695482" lon="-9.1663305" version="1" timestamp="2026-04-08T08:44:25Z" changeset="181036708" uid="2644617" user="Jimiiee"/>
  <node id="13715708631" lat="38.7696070" lon="-9.1663683" version="1" timestamp="2026-04-08T08:44:25Z" changeset="181036708" uid="2644617" user="Jimiiee"/>
  <node id="13715708632" lat="38.7696377" lon="-9.1663164" version="1" timestamp="2026-04-08T08:44:25Z" changeset="181036708" uid="2644617" user="Jimiiee"/>
  <node id="13715708633" lat="38.7696782" lon="-9.1663463" version="1" timestamp="2026-04-08T08:44:25Z" changeset="181036708" uid="2644617" user="Jimiiee"/>
  <node id="13715708634" lat="38.7697137" lon="-9.1662708" version="1" timestamp="2026-04-08T08:44:25Z" changeset="181036708" uid="2644617" user="Jimiiee"/>
  <node id="13715708635" lat="38.7697922" lon="-9.1663258" version="1" timestamp="2026-04-08T08:44:25Z" changeset="181036708" uid="2644617" user="Jimiiee"/>
  <node id="13715708636" lat="38.7687547" lon="-9.1685692" version="1" timestamp="2026-04-08T08:44:25Z" changeset="181036708" uid="2644617" user="Jimiiee">
    <tag k="crossing" v="uncontrolled"/>
    <tag k="crossing:island" v="no"/>
    <tag k="crossing:markings" v="zebra"/>
    <tag k="highway" v="crossing"/>
    <tag k="tactile_paving" v="no"/>
    <tag k="traffic_calming" v="table"/>
  </node>
  <node id="13715708637" lat="38.7687156" lon="-9.1683651" version="1" timestamp="2026-04-08T08:44:25Z" changeset="181036708" uid="2644617" user="Jimiiee">
    <tag k="crossing" v="uncontrolled"/>
    <tag k="crossing:island" v="no"/>
    <tag k="crossing:markings" v="zebra"/>
    <tag k="highway" v="crossing"/>
    <tag k="tactile_paving" v="no"/>
    <tag k="traffic_calming" v="table"/>
  </node>
  <node id="13715708638" lat="38.7685948" lon="-9.1686352" version="1" timestamp="2026-04-08T08:44:25Z" changeset="181036708" uid="2644617" user="Jimiiee">
    <tag k="crossing" v="uncontrolled"/>
    <tag k="crossing:island" v="no"/>
    <tag k="crossing:markings" v="zebra"/>
    <tag k="highway" v="crossing"/>
    <tag k="tactile_paving" v="no"/>
    <tag k="traffic_calming" v="table"/>
  </node>
  <node id="13715708639" lat="38.7695972" lon="-9.1677540" version="1" timestamp="2026-04-08T08:44:25Z" changeset="181036708" uid="2644617" user="Jimiiee"/>
  <node id="13715708640" lat="38.7699860" lon="-9.1669408" version="1" timestamp="2026-04-08T08:44:25Z" changeset="181036708" uid="2644617" user="Jimiiee"/>
  <node id="13715708641" lat="38.7701295" lon="-9.1664910" version="1" timestamp="2026-04-08T08:44:25Z" changeset="181036708" uid="2644617" user="Jimiiee"/>
  <node id="13715708642" lat="38.7700449" lon="-9.1662121" version="1" timestamp="2026-04-08T08:44:25Z" changeset="181036708" uid="2644617" user="Jimiiee">
    <tag k="crossing" v="uncontrolled"/>
    <tag k="crossing:island" v="no"/>
    <tag k="crossing:markings" v="zebra"/>
    <tag k="highway" v="crossing"/>
    <tag k="tactile_paving" v="no"/>
  </node>
  <node id="13715708643" lat="38.7701938" lon="-9.1645226" version="1" timestamp="2026-04-08T08:44:25Z" changeset="181036708" uid="2644617" user="Jimiiee">
    <tag k="crossing" v="uncontrolled"/>
    <tag k="crossing:island" v="no"/>
    <tag k="crossing:markings" v="zebra"/>
    <tag k="highway" v="crossing"/>
    <tag k="tactile_paving" v="no"/>
  </node>
  <node id="13715708644" lat="38.7685000" lon="-9.1670631" version="1" timestamp="2026-04-08T08:44:25Z" changeset="181036708" uid="2644617" user="Jimiiee"/>
  <node id="13715708645" lat="38.7685622" lon="-9.1667033" version="1" timestamp="2026-04-08T08:44:25Z" changeset="181036708" uid="2644617" user="Jimiiee"/>
  <node id="13715708646" lat="38.7686897" lon="-9.1662959" version="1" timestamp="2026-04-08T08:44:25Z" changeset="181036708" uid="2644617" user="Jimiiee"/>
  <node id="13715708647" lat="38.7687572" lon="-9.1661056" version="1" timestamp="2026-04-08T08:44:25Z" changeset="181036708" uid="2644617" user="Jimiiee"/>
  <node id="13715708648" lat="38.7687633" lon="-9.1660427" version="1" timestamp="2026-04-08T08:44:25Z" changeset="181036708" uid="2644617" user="Jimiiee"/>
  <node id="13715708649" lat="38.7687633" lon="-9.1657218" version="1" timestamp="2026-04-08T08:44:25Z" changeset="181036708" uid="2644617" user="Jimiiee"/>
  <node id="13715708650" lat="38.7687817" lon="-9.1656432" version="1" timestamp="2026-04-08T08:44:25Z" changeset="181036708" uid="2644617" user="Jimiiee"/>
  <node id="13715708651" lat="38.7688001" lon="-9.1656117" version="1" timestamp="2026-04-08T08:44:25Z" changeset="181036708" uid="2644617" user="Jimiiee"/>
  <node id="13715708652" lat="38.7689019" lon="-9.1655268" version="1" timestamp="2026-04-08T08:44:25Z" changeset="181036708" uid="2644617" user="Jimiiee"/>
  <node id="13715708653" lat="38.7687780" lon="-9.1665791" version="1" timestamp="2026-04-08T08:44:25Z" changeset="181036708" uid="2644617" user="Jimiiee"/>
  <node id="13715708654" lat="38.7686983" lon="-9.1667599" version="1" timestamp="2026-04-08T08:44:25Z" changeset="181036708" uid="2644617" user="Jimiiee"/>
  <node id="13715708655" lat="38.7686689" lon="-9.1667238" version="1" timestamp="2026-04-08T08:44:25Z" changeset="181036708" uid="2644617" user="Jimiiee"/>
  <node id="13715708656" lat="38.7685842" lon="-9.1669220" version="1" timestamp="2026-04-08T08:44:25Z" changeset="181036708" uid="2644617" user="Jimiiee"/>
  <node id="13715708657" lat="38.7690332" lon="-9.1674363" version="1" timestamp="2026-04-08T08:44:25Z" changeset="181036708" uid="2644617" user="Jimiiee">
    <tag k="crossing" v="uncontrolled"/>
    <tag k="crossing:island" v="no"/>
    <tag k="crossing:markings" v="zebra"/>
    <tag k="highway" v="crossing"/>
    <tag k="tactile_paving" v="no"/>
  </node>
  <node id="13715708658" lat="38.7691618" lon="-9.1673612" version="1" timestamp="2026-04-08T08:44:25Z" changeset="181036708" uid="2644617" user="Jimiiee">
    <tag k="crossing" v="uncontrolled"/>
    <tag k="crossing:island" v="no"/>
    <tag k="crossing:markings" v="zebra"/>
    <tag k="highway" v="crossing"/>
    <tag k="tactile_paving" v="no"/>
  </node>
  <node id="13715708659" lat="38.7690803" lon="-9.1685950" version="1" timestamp="2026-04-08T08:44:25Z" changeset="181036708" uid="2644617" user="Jimiiee"/>
  <node id="13715708660" lat="38.7672746" lon="-9.1701671" version="1" timestamp="2026-04-08T08:44:25Z" changeset="181036708" uid="2644617" user="Jimiiee"/>
  <node id="13715708661" lat="38.7670408" lon="-9.1702032" version="1" timestamp="2026-04-08T08:44:25Z" changeset="181036708" uid="2644617" user="Jimiiee"/>
  <node id="13715708662" lat="38.7667041" lon="-9.1699051" version="1" timestamp="2026-04-08T08:44:25Z" changeset="181036708" uid="2644617" user="Jimiiee"/>
  <node id="13715708663" lat="38.7666713" lon="-9.1697675" version="1" timestamp="2026-04-08T08:44:25Z" changeset="181036708" uid="2644617" user="Jimiiee"/>
  <node id="13715708664" lat="38.7680819" lon="-9.1695221" version="1" timestamp="2026-04-08T08:44:25Z" changeset="181036708" uid="2644617" user="Jimiiee"/>
  <node id="13715708665" lat="38.7678452" lon="-9.1700352" version="1" timestamp="2026-04-08T08:44:25Z" changeset="181036708" uid="2644617" user="Jimiiee"/>
  <node id="13715708666" lat="38.7678255" lon="-9.1698328" version="1" timestamp="2026-04-08T08:44:25Z" changeset="181036708" uid="2644617" user="Jimiiee"/>
  <node id="13715708667" lat="38.7677452" lon="-9.1698798" version="1" timestamp="2026-04-08T08:44:25Z" changeset="181036708" uid="2644617" user="Jimiiee"/>
  <node id="13715708668" lat="38.7676930" lon="-9.1695709" version="1" timestamp="2026-04-08T08:44:25Z" changeset="181036708" uid="2644617" user="Jimiiee"/>
  <node id="13715708669" lat="38.7674085" lon="-9.1696648" version="1" timestamp="2026-04-08T08:44:25Z" changeset="181036708" uid="2644617" user="Jimiiee"/>
  <node id="13715708670" lat="38.7675015" lon="-9.1702340" version="1" timestamp="2026-04-08T08:44:25Z" changeset="181036708" uid="2644617" user="Jimiiee"/>
  <node id="13715708671" lat="38.7678086" lon="-9.1701472" version="1" timestamp="2026-04-08T08:44:25Z" changeset="181036708" uid="2644617" user="Jimiiee"/>
  <node id="13715708672" lat="38.7678283" lon="-9.1702032" version="1" timestamp="2026-04-08T08:44:25Z" changeset="181036708" uid="2644617" user="Jimiiee"/>
  <node id="13715708673" lat="38.7677733" lon="-9.1702466" version="1" timestamp="2026-04-08T08:44:25Z" changeset="181036708" uid="2644617" user="Jimiiee"/>
  <node id="13715708674" lat="38.7674775" lon="-9.1703153" version="1" timestamp="2026-04-08T08:44:25Z" changeset="181036708" uid="2644617" user="Jimiiee"/>
  <node id="13715708675" lat="38.7674451" lon="-9.1702755" version="1" timestamp="2026-04-08T08:44:25Z" changeset="181036708" uid="2644617" user="Jimiiee"/>
  <node id="13715708676" lat="38.7673028" lon="-9.1694155" version="1" timestamp="2026-04-08T08:44:25Z" changeset="181036708" uid="2644617" user="Jimiiee"/>
  <node id="13715708677" lat="38.7673225" lon="-9.1693179" version="1" timestamp="2026-04-08T08:44:25Z" changeset="181036708" uid="2644617" user="Jimiiee"/>
  <node id="13715708678" lat="38.7674028" lon="-9.1690631" version="1" timestamp="2026-04-08T08:44:25Z" changeset="181036708" uid="2644617" user="Jimiiee"/>
  <node id="13715708679" lat="38.7674338" lon="-9.1690487" version="1" timestamp="2026-04-08T08:44:25Z" changeset="181036708" uid="2644617" user="Jimiiee"/>
  <node id="13715708680" lat="38.7675634" lon="-9.1691047" version="1" timestamp="2026-04-08T08:44:25Z" changeset="181036708" uid="2644617" user="Jimiiee"/>
  <node id="13715708681" lat="38.7675427" lon="-9.1691622" version="1" timestamp="2026-04-08T08:44:25Z" changeset="181036708" uid="2644617" user="Jimiiee"/>
  <node id="13715708682" lat="38.7682475" lon="-9.1701070" version="1" timestamp="2026-04-08T08:44:25Z" changeset="181036708" uid="2644617" user="Jimiiee"/>
  <node id="13715708683" lat="38.7682980" lon="-9.1700985" version="1" timestamp="2026-04-08T08:44:25Z" changeset="181036708" uid="2644617" user="Jimiiee"/>
  <node id="13715708684" lat="38.7673808" lon="-9.1687426" version="1" timestamp="2026-04-08T08:44:25Z" changeset="181036708" uid="2644617" user="Jimiiee"/>
  <node id="13715708685" lat="38.7672842" lon="-9.1689688" version="1" timestamp="2026-04-08T08:44:25Z" changeset="181036708" uid="2644617" user="Jimiiee"/>
  <node id="13715708686" lat="38.7671868" lon="-9.1689004" version="1" timestamp="2026-04-08T08:44:25Z" changeset="181036708" uid="2644617" user="Jimiiee"/>
  <node id="13718446508" lat="38.7706833" lon="-9.1642776" version="1" timestamp="2026-04-09T12:17:25Z" changeset="181094495" uid="2644617" user="Jimiiee"/>
  <node id="13718446509" lat="38.7707978" lon="-9.1641466" version="1" timestamp="2026-04-09T12:17:25Z" changeset="181094495" uid="2644617" user="Jimiiee"/>
  <node id="13718446510" lat="38.7708017" lon="-9.1641605" version="1" timestamp="2026-04-09T12:17:25Z" changeset="181094495" uid="2644617" user="Jimiiee"/>
  <node id="13718446511" lat="38.7706079" lon="-9.1642221" version="1" timestamp="2026-04-09T12:17:25Z" changeset="181094495" uid="2644617" user="Jimiiee"/>
  <node id="13718446512" lat="38.7705962" lon="-9.1642112" version="1" timestamp="2026-04-09T12:17:25Z" changeset="181094495" uid="2644617" user="Jimiiee"/>
  <node id="13718446513" lat="38.7699766" lon="-9.1661769" version="1" timestamp="2026-04-09T12:17:25Z" changeset="181094495" uid="2644617" user="Jimiiee">
    <tag k="natural" v="tree"/>
  </node>
  <node id="13718446514" lat="38.7700015" lon="-9.1661250" version="1" timestamp="2026-04-09T12:17:25Z" changeset="181094495" uid="2644617" user="Jimiiee">
    <tag k="natural" v="tree"/>
  </node>
  <node id="13718446515" lat="38.7700229" lon="-9.1660839" version="1" timestamp="2026-04-09T12:17:25Z" changeset="181094495" uid="2644617" user="Jimiiee">
    <tag k="natural" v="tree"/>
  </node>
  <node id="13718446516" lat="38.7700443" lon="-9.1660347" version="1" timestamp="2026-04-09T12:17:25Z" changeset="181094495" uid="2644617" user="Jimiiee">
    <tag k="natural" v="tree"/>
  </node>
  <node id="13718446517" lat="38.7700924" lon="-9.1659314" version="1" timestamp="2026-04-09T12:17:25Z" changeset="181094495" uid="2644617" user="Jimiiee">
    <tag k="natural" v="tree"/>
  </node>
  <node id="13718446518" lat="38.7701244" lon="-9.1658560" version="1" timestamp="2026-04-09T12:17:25Z" changeset="181094495" uid="2644617" user="Jimiiee">
    <tag k="natural" v="tree"/>
  </node>
  <node id="13718446519" lat="38.7701471" lon="-9.1657943" version="1" timestamp="2026-04-09T12:17:25Z" changeset="181094495" uid="2644617" user="Jimiiee">
    <tag k="natural" v="tree"/>
  </node>
  <node id="13718446520" lat="38.7701325" lon="-9.1656698" version="1" timestamp="2026-04-09T12:17:25Z" changeset="181094495" uid="2644617" user="Jimiiee">
    <tag k="natural" v="tree"/>
  </node>
  <node id="13718446521" lat="38.7701512" lon="-9.1657206" version="1" timestamp="2026-04-09T12:17:25Z" changeset="181094495" uid="2644617" user="Jimiiee">
    <tag k="natural" v="tree"/>
  </node>
  <node id="13718446522" lat="38.7700309" lon="-9.1656681" version="1" timestamp="2026-04-09T12:17:25Z" changeset="181094495" uid="2644617" user="Jimiiee">
    <tag k="natural" v="tree"/>
  </node>
  <node id="13718446523" lat="38.7698929" lon="-9.1661672" version="1" timestamp="2026-04-09T12:17:25Z" changeset="181094495" uid="2644617" user="Jimiiee">
    <tag k="natural" v="tree"/>
  </node>
  <node id="13718446524" lat="38.7698506" lon="-9.1661393" version="1" timestamp="2026-04-09T12:17:25Z" changeset="181094495" uid="2644617" user="Jimiiee">
    <tag k="natural" v="tree"/>
  </node>
  <node id="13718446525" lat="38.7698083" lon="-9.1661121" version="1" timestamp="2026-04-09T12:17:25Z" changeset="181094495" uid="2644617" user="Jimiiee">
    <tag k="natural" v="tree"/>
  </node>
  <node id="13718446526" lat="38.7694816" lon="-9.1660458" version="1" timestamp="2026-04-09T12:17:25Z" changeset="181094495" uid="2644617" user="Jimiiee">
    <tag k="natural" v="tree"/>
  </node>
  <node id="13718446527" lat="38.7694751" lon="-9.1668032" version="1" timestamp="2026-04-09T12:17:25Z" changeset="181094495" uid="2644617" user="Jimiiee">
    <tag k="natural" v="tree"/>
  </node>
  <node id="13718446528" lat="38.7693358" lon="-9.1671167" version="1" timestamp="2026-04-09T12:17:25Z" changeset="181094495" uid="2644617" user="Jimiiee">
    <tag k="natural" v="tree"/>
  </node>
  <node id="13718446529" lat="38.7692718" lon="-9.1672343" version="1" timestamp="2026-04-09T12:17:25Z" changeset="181094495" uid="2644617" user="Jimiiee">
    <tag k="natural" v="tree"/>
  </node>
  <node id="13718446530" lat="38.7691472" lon="-9.1675199" version="1" timestamp="2026-04-09T12:17:25Z" changeset="181094495" uid="2644617" user="Jimiiee">
    <tag k="natural" v="tree"/>
  </node>
  <node id="13718446531" lat="38.7691125" lon="-9.1675953" version="1" timestamp="2026-04-09T12:17:25Z" changeset="181094495" uid="2644617" user="Jimiiee">
    <tag k="natural" v="tree"/>
  </node>
  <node id="13718446532" lat="38.7690902" lon="-9.1676443" version="1" timestamp="2026-04-09T12:17:25Z" changeset="181094495" uid="2644617" user="Jimiiee">
    <tag k="natural" v="tree"/>
  </node>
  <node id="13718446533" lat="38.7690673" lon="-9.1677061" version="1" timestamp="2026-04-09T12:17:25Z" changeset="181094495" uid="2644617" user="Jimiiee">
    <tag k="natural" v="tree"/>
  </node>
  <node id="13718446534" lat="38.7690097" lon="-9.1675757" version="1" timestamp="2026-04-09T12:17:25Z" changeset="181094495" uid="2644617" user="Jimiiee">
    <tag k="natural" v="tree"/>
  </node>
  <node id="13718446535" lat="38.7689709" lon="-9.1676541" version="1" timestamp="2026-04-09T12:17:25Z" changeset="181094495" uid="2644617" user="Jimiiee">
    <tag k="natural" v="tree"/>
  </node>
  <node id="13718446536" lat="38.7689257" lon="-9.1674838" version="1" timestamp="2026-04-09T12:17:25Z" changeset="181094495" uid="2644617" user="Jimiiee">
    <tag k="natural" v="tree"/>
  </node>
  <node id="13718446537" lat="38.7696195" lon="-9.1675464" version="1" timestamp="2026-04-09T12:17:25Z" changeset="181094495" uid="2644617" user="Jimiiee">
    <tag k="natural" v="tree"/>
  </node>
  <node id="13722147026" lat="38.7691210" lon="-9.1664296" version="2" timestamp="2026-04-25T09:51:25Z" changeset="181798600" uid="20972402" user="DanielAgos">
    <tag k="amenity" v="recycling"/>
    <tag k="fixme" v="survey the station, remove FIXME only when the station is operational and update check_date"/>
    <tag k="name" v="ALDI Telheiras"/>
    <tag k="note" v="Guidelines at https://wiki.openstreetmap.org/wiki/Volta_PT"/>
    <tag k="operator:wikidata" v="Q138952882"/>
    <tag k="recycling_type" v="reverse_vending_machine"/>
    <tag k="source:ref" v="9386"/>
    <tag k="website" v="https://volta.com.pt"/>
  </node>
  <node id="13760400331" lat="38.7647804" lon="-9.1665512" version="1" timestamp="2026-04-25T09:45:21Z" changeset="181798434" uid="20972402" user="DanielAgos"/>
  <node id="13866023588" lat="38.7667358" lon="-9.1716080" version="2" timestamp="2026-05-23T21:05:25Z" changeset="183084511" uid="347293" user="Alexmol">
    <tag k="access" v="yes"/>
    <tag k="amenity" v="charging_station"/>
    <tag k="authentication:membership_card" v="yes"/>
    <tag k="authentication:none" v="no"/>
    <tag k="brand" v="wowplug"/>
    <tag k="capacity" v="2"/>
    <tag k="email" v="suporte@wowplug.com"/>
    <tag k="fee" v="yes"/>
    <tag k="maxstay" v="unlimited"/>
    <tag k="motorcar" v="yes"/>
    <tag k="name" v="LSB-01219"/>
    <tag k="network" v="Mobi.E"/>
    <tag k="opening_hours" v="24/7"/>
    <tag k="operator" v="True Kare"/>
    <tag k="parking:fee" v="no"/>
    <tag k="payment:app" v="yes"/>
    <tag k="payment:cards" v="no"/>
    <tag k="payment:cash" v="no"/>
    <tag k="payment:membership_card" v="yes"/>
    <tag k="ref" v="LSB-01219"/>
    <tag k="ref:EU:EVSE" v="PT*TRK*E*LSB*01219*01;PT*TRK*E*LSB*01219*02"/>
    <tag k="socket:type2" v="2"/>
    <tag k="socket:type2:current" v="32"/>
    <tag k="socket:type2:output" v="22 kW"/>
    <tag k="socket:type2:voltage" v="400"/>
    <tag k="website" v="https://www.mobie.pt/"/>
  </node>
  <way id="23551185" version="31" timestamp="2026-04-25T09:45:21Z" changeset="181798434" uid="20972402" user="DanielAgos">
    <nd ref="484248471"/>
    <nd ref="5201170267"/>
    <nd ref="254811768"/>
    <nd ref="5201170266"/>
    <nd ref="9258702612"/>
    <nd ref="254811769"/>
    <nd ref="9259034764"/>
    <nd ref="9258702613"/>
    <nd ref="259099813"/>
    <nd ref="9258702587"/>
    <nd ref="254811773"/>
    <nd ref="254807937"/>
    <nd ref="9258702578"/>
    <nd ref="254811775"/>
    <nd ref="7901510507"/>
    <nd ref="254811776"/>
    <tag k="description" v="Toponímia: Filósofo e Escritor 1888 - 1962. Início: Avenida Padre Cruz. Fim: Rua Prof. Francisco Gentil."/>
    <tag k="highway" v="tertiary"/>
    <tag k="lanes" v="4"/>
    <tag k="name" v="Rua Professor Vieira de Almeida"/>
    <tag k="name:etymology:wikidata" v="Q10390531"/>
    <tag k="source" v="bing"/>
    <tag k="source:description" v="dadosabertos.cm-lisboa.pt"/>
    <tag k="source:pkey" v="2666"/>
    <tag k="start_date" v="1978-03-06"/>
    <tag k="surface" v="asphalt"/>
    <tag k="website" v="https://revelar.lisboa.pt/explorar/toponimia/detalhe?tx_toponimia_pi1%5Baction%5D=show&amp;tx_toponimia_pi1%5Bcontroller%5D=Toponimia&amp;tx_toponimia_pi1%5Btopid%5D=2666"/>
  </way>
  <way id="23780084" version="20" timestamp="2025-10-31T19:26:51Z" changeset="174035624" uid="21545886" user="Urafkard">
    <nd ref="254941121"/>
    <nd ref="6776020768"/>
    <nd ref="254941119"/>
    <nd ref="413210776"/>
    <nd ref="254941118"/>
    <nd ref="7056279793"/>
    <nd ref="254941117"/>
    <nd ref="259283879"/>
    <nd ref="4270844766"/>
    <nd ref="7861735891"/>
    <nd ref="2753372136"/>
    <nd ref="2753330541"/>
    <tag k="description" v="Toponímia: Historiador de Arte - 1905 - 1966. Início: Rua Prof. Francisco Gentil. Fim: Rua Prof. Pulido Valente."/>
    <tag k="highway" v="residential"/>
    <tag k="name" v="Rua Professor Mário Chicó"/>
    <tag k="sidewalk" v="both"/>
    <tag k="source:description" v="dadosabertos.cm-lisboa.pt"/>
    <tag k="source:pkey" v="308"/>
    <tag k="start_date" v="1978-03-06"/>
    <tag k="surface" v="asphalt"/>
    <tag k="website" v="https://revelar.lisboa.pt/explorar/toponimia/detalhe?tx_toponimia_pi1%5Baction%5D=show&amp;tx_toponimia_pi1%5Bcontroller%5D=Toponimia&amp;tx_toponimia_pi1%5Btopid%5D=308"/>
  </way>
  <way id="23780093" version="14" timestamp="2026-04-11T00:19:47Z" changeset="181170744" uid="11912760" user="aselvadeasfalto">
    <nd ref="254940985"/>
    <nd ref="6776035912"/>
    <nd ref="6776035911"/>
    <nd ref="7861735905"/>
    <nd ref="254940987"/>
    <nd ref="254940988"/>
    <nd ref="254940989"/>
    <nd ref="254940991"/>
    <nd ref="2753372141"/>
    <nd ref="8944876082"/>
    <nd ref="6775924171"/>
    <nd ref="6775924167"/>
    <tag k="description" v="Toponímia: Filólogo 1920 - 1984. Início: Rua Prof. João Barreira. Fim: Rua Armindo Rodrigues."/>
    <tag k="highway" v="residential"/>
    <tag k="lanes" v="2"/>
    <tag k="name" v="Rua Professor Prado Coelho"/>
    <tag k="name:etymology:wikidata" v="Q5340732"/>
    <tag k="source:description" v="dadosabertos.cm-lisboa.pt"/>
    <tag k="source:pkey" v="76"/>
    <tag k="start_date" v="1984-10-29"/>
    <tag k="surface" v="asphalt"/>
    <tag k="website" v="https://revelar.lisboa.pt/explorar/toponimia/detalhe?tx_toponimia_pi1%5Baction%5D=show&amp;tx_toponimia_pi1%5Bcontroller%5D=Toponimia&amp;tx_toponimia_pi1%5Btopid%5D=76"/>
  </way>
  <way id="23780094" version="14" timestamp="2024-01-30T23:03:44Z" changeset="146882542" uid="11152051" user="RazorWind">
    <nd ref="254940977"/>
    <nd ref="5129865922"/>
    <nd ref="5129865927"/>
    <nd ref="11571472088"/>
    <nd ref="11571472087"/>
    <nd ref="5129865921"/>
    <nd ref="254940980"/>
    <nd ref="10816811964"/>
    <nd ref="10816811984"/>
    <nd ref="3807675861"/>
    <nd ref="3807675859"/>
    <nd ref="3807675857"/>
    <nd ref="10816811978"/>
    <nd ref="7246206834"/>
    <nd ref="254940981"/>
    <tag k="description" v="Toponímia: Historiador 1860 - 1952. Início: Rua Prof. Bento de Jesus Caraça. Fim: Rua Prof. Prado Coelho."/>
    <tag k="highway" v="residential"/>
    <tag k="name" v="Rua Professor Queiroz Veloso"/>
    <tag k="oneway" v="yes"/>
    <tag k="source:description" v="dadosabertos.cm-lisboa.pt"/>
    <tag k="source:pkey" v="1595"/>
    <tag k="start_date" v="1978-03-06"/>
    <tag k="website" v="https://revelar.lisboa.pt/explorar/toponimia/detalhe?tx_toponimia_pi1%5Baction%5D=show&amp;tx_toponimia_pi1%5Bcontroller%5D=Toponimia&amp;tx_toponimia_pi1%5Btopid%5D=1595"/>
  </way>
  <way id="23780095" version="9" timestamp="2023-06-27T18:44:15Z" changeset="137848258" uid="705092" user="hvalentim">
    <nd ref="257665381"/>
    <nd ref="254940976"/>
    <nd ref="5201170254"/>
    <nd ref="254940977"/>
    <tag k="description" v="Toponímia: Historiador 1860 - 1952. Início: Rua Prof. Bento de Jesus Caraça. Fim: Rua Prof. Prado Coelho."/>
    <tag k="highway" v="residential"/>
    <tag k="name" v="Rua Professor Queiroz Veloso"/>
    <tag k="source:description" v="dadosabertos.cm-lisboa.pt"/>
    <tag k="source:pkey" v="1595"/>
    <tag k="start_date" v="1978-03-06"/>
    <tag k="website" v="https://revelar.lisboa.pt/explorar/toponimia/detalhe?tx_toponimia_pi1%5Baction%5D=show&amp;tx_toponimia_pi1%5Bcontroller%5D=Toponimia&amp;tx_toponimia_pi1%5Btopid%5D=1595"/>
  </way>
  <way id="23780096" version="20" timestamp="2023-06-27T18:44:15Z" changeset="137848258" uid="705092" user="hvalentim">
    <nd ref="259289718"/>
    <nd ref="4271011343"/>
    <nd ref="7042299191"/>
    <tag k="description" v="Toponímia: Matemático 1901 - 1948. Início: Rua Abel Salazar. Fim: Rua Prof. Prado Coelho."/>
    <tag k="highway" v="residential"/>
    <tag k="name" v="Rua Professor Bento de Jesus Caraça"/>
    <tag k="oneway" v="yes"/>
    <tag k="source" v="bing"/>
    <tag k="source:description" v="dadosabertos.cm-lisboa.pt"/>
    <tag k="source:pkey" v="61"/>
    <tag k="start_date" v="1978-03-06"/>
    <tag k="surface" v="asphalt"/>
    <tag k="website" v="https://revelar.lisboa.pt/explorar/toponimia/detalhe?tx_toponimia_pi1%5Baction%5D=show&amp;tx_toponimia_pi1%5Bcontroller%5D=Toponimia&amp;tx_toponimia_pi1%5Btopid%5D=61"/>
  </way>
  <way id="23905785" version="9" timestamp="2023-06-27T18:44:15Z" changeset="137848258" uid="705092" user="hvalentim">
    <nd ref="259098917"/>
    <nd ref="9258702584"/>
    <nd ref="259098918"/>
    <nd ref="254807937"/>
    <tag k="description" v="Toponímia: Historiador da Literatura Portuguesa 1887 - 1975. Início: Rua Prof. Fernando da Fonseca. Fim: Rua Prof. Vieira de Almeida."/>
    <tag k="highway" v="residential"/>
    <tag k="name" v="Rua Professor Hernâni Cidade"/>
    <tag k="oneway" v="yes"/>
    <tag k="source:description" v="dadosabertos.cm-lisboa.pt"/>
    <tag k="source:pkey" v="1489"/>
    <tag k="start_date" v="1978-03-06"/>
    <tag k="surface" v="asphalt"/>
    <tag k="website" v="https://revelar.lisboa.pt/explorar/toponimia/detalhe?tx_toponimia_pi1%5Baction%5D=show&amp;tx_toponimia_pi1%5Bcontroller%5D=Toponimia&amp;tx_toponimia_pi1%5Btopid%5D=1489"/>
  </way>
  <way id="23905873" version="18" timestamp="2025-08-14T16:06:39Z" changeset="170444734" uid="11912760" user="aselvadeasfalto">
    <nd ref="254811785"/>
    <nd ref="4270870555"/>
    <nd ref="410695230"/>
    <tag k="description" v="Toponímia: Filósofo e Escritor 1888 - 1962. Início: Avenida Padre Cruz. Fim: Rua Prof. Francisco Gentil."/>
    <tag k="destination:backward" v="Telheiras"/>
    <tag k="highway" v="tertiary"/>
    <tag k="lanes" v="5"/>
    <tag k="lanes:backward" v="2"/>
    <tag k="lanes:forward" v="3"/>
    <tag k="name" v="Rua Professor Vieira de Almeida"/>
    <tag k="name:etymology:wikidata" v="Q10390531"/>
    <tag k="smoothness" v="good"/>
    <tag k="source:description" v="dadosabertos.cm-lisboa.pt"/>
    <tag k="source:pkey" v="2666"/>
    <tag k="start_date" v="1978-03-06"/>
    <tag k="surface" v="asphalt"/>
    <tag k="website" v="https://revelar.lisboa.pt/explorar/toponimia/detalhe?tx_toponimia_pi1%5Baction%5D=show&amp;tx_toponimia_pi1%5Bcontroller%5D=Toponimia&amp;tx_toponimia_pi1%5Btopid%5D=2666"/>
  </way>
  <way id="23905881" version="12" timestamp="2017-09-30T04:01:18Z" changeset="52499117" uid="350918" user="JPF_pt">
    <nd ref="259103234"/>
    <nd ref="3807675865"/>
    <nd ref="254811785"/>
    <tag k="destination" v="Telheiras"/>
    <tag k="highway" v="trunk_link"/>
    <tag k="lanes" v="1"/>
    <tag k="oneway" v="yes"/>
  </way>
  <way id="23905912" version="11" timestamp="2017-09-30T04:01:18Z" changeset="52499117" uid="350918" user="JPF_pt">
    <nd ref="254811785"/>
    <nd ref="259102688"/>
    <nd ref="259102690"/>
    <tag k="destination" v="Centro;Segunda Circular"/>
    <tag k="highway" v="trunk_link"/>
    <tag k="lanes" v="1"/>
    <tag k="oneway" v="yes"/>
  </way>
  <way id="23920515" version="10" timestamp="2024-01-30T23:03:44Z" changeset="146882542" uid="11152051" user="RazorWind">
    <nd ref="259286180"/>
    <nd ref="5201170264"/>
    <nd ref="259286166"/>
    <nd ref="5201170263"/>
    <nd ref="259286167"/>
    <nd ref="5201170262"/>
    <nd ref="259286168"/>
    <nd ref="11571472034"/>
    <nd ref="259286169"/>
    <nd ref="5201170255"/>
    <nd ref="5201170256"/>
    <nd ref="259286171"/>
    <tag k="description" v="Toponímia: Historiador 1941 - 1998. Início: Rua Prof. Damião Peres. Fim: Sem saída."/>
    <tag k="highway" v="residential"/>
    <tag k="name" v="Rua Professor César Oliveira"/>
    <tag k="source:description" v="dadosabertos.cm-lisboa.pt"/>
    <tag k="source:pkey" v="2719"/>
    <tag k="start_date" v="1999-04-08"/>
    <tag k="surface" v="asphalt"/>
    <tag k="website" v="https://revelar.lisboa.pt/explorar/toponimia/detalhe?tx_toponimia_pi1%5Baction%5D=show&amp;tx_toponimia_pi1%5Bcontroller%5D=Toponimia&amp;tx_toponimia_pi1%5Btopid%5D=2719"/>
  </way>
  <way id="23920516" version="16" timestamp="2024-01-30T23:03:44Z" changeset="146882542" uid="11152051" user="RazorWind">
    <nd ref="254940981"/>
    <nd ref="7246206831"/>
    <nd ref="259286172"/>
    <nd ref="5129865923"/>
    <nd ref="259286173"/>
    <nd ref="259286174"/>
    <nd ref="10816811981"/>
    <nd ref="3807665156"/>
    <nd ref="3807675858"/>
    <nd ref="3807675860"/>
    <nd ref="259286175"/>
    <nd ref="259286176"/>
    <nd ref="10816811983"/>
    <nd ref="10816811985"/>
    <nd ref="259286177"/>
    <nd ref="11571472223"/>
    <nd ref="11571472224"/>
    <nd ref="11571472225"/>
    <nd ref="11571472226"/>
    <nd ref="5129865924"/>
    <nd ref="11571472234"/>
    <nd ref="259286178"/>
    <nd ref="11571472235"/>
    <nd ref="11571472236"/>
    <nd ref="5129865925"/>
    <nd ref="11571472237"/>
    <nd ref="11571472238"/>
    <nd ref="259286179"/>
    <nd ref="11571472239"/>
    <nd ref="5201170265"/>
    <nd ref="259286180"/>
    <tag k="description" v="Toponímia: Historiador 1889 - 1976. Início: Rua Prof. Queiroz Veloso. Fim: Rua Prof. Queiroz Veloso."/>
    <tag k="highway" v="residential"/>
    <tag k="name" v="Rua Professor Damião Peres"/>
    <tag k="oneway" v="yes"/>
    <tag k="source:description" v="dadosabertos.cm-lisboa.pt"/>
    <tag k="source:pkey" v="1487"/>
    <tag k="start_date" v="1978-03-06"/>
    <tag k="surface" v="asphalt"/>
    <tag k="website" v="https://revelar.lisboa.pt/explorar/toponimia/detalhe?tx_toponimia_pi1%5Baction%5D=show&amp;tx_toponimia_pi1%5Bcontroller%5D=Toponimia&amp;tx_toponimia_pi1%5Btopid%5D=1487"/>
  </way>
  <way id="23920518" version="11" timestamp="2023-06-27T18:44:15Z" changeset="137848258" uid="705092" user="hvalentim">
    <nd ref="254940981"/>
    <nd ref="259286732"/>
    <tag k="description" v="Toponímia: Historiador 1860 - 1952. Início: Rua Prof. Bento de Jesus Caraça. Fim: Rua Prof. Prado Coelho."/>
    <tag k="highway" v="residential"/>
    <tag k="lit" v="yes"/>
    <tag k="name" v="Rua Professor Queiroz Veloso"/>
    <tag k="source:description" v="dadosabertos.cm-lisboa.pt"/>
    <tag k="source:pkey" v="1595"/>
    <tag k="start_date" v="1978-03-06"/>
    <tag k="surface" v="asphalt"/>
    <tag k="website" v="https://revelar.lisboa.pt/explorar/toponimia/detalhe?tx_toponimia_pi1%5Baction%5D=show&amp;tx_toponimia_pi1%5Bcontroller%5D=Toponimia&amp;tx_toponimia_pi1%5Btopid%5D=1595"/>
  </way>
  <way id="23920521" version="9" timestamp="2024-01-30T23:03:44Z" changeset="146882542" uid="11152051" user="RazorWind">
    <nd ref="259286180"/>
    <nd ref="11571472243"/>
    <nd ref="11571472242"/>
    <nd ref="11571472241"/>
    <nd ref="11571472240"/>
    <nd ref="254940977"/>
    <tag k="description" v="Toponímia: Historiador 1889 - 1976. Início: Rua Prof. Queiroz Veloso. Fim: Rua Prof. Queiroz Veloso."/>
    <tag k="highway" v="residential"/>
    <tag k="name" v="Rua Professor Damião Peres"/>
    <tag k="source:description" v="dadosabertos.cm-lisboa.pt"/>
    <tag k="source:pkey" v="1487"/>
    <tag k="start_date" v="1978-03-06"/>
    <tag k="website" v="https://revelar.lisboa.pt/explorar/toponimia/detalhe?tx_toponimia_pi1%5Baction%5D=show&amp;tx_toponimia_pi1%5Bcontroller%5D=Toponimia&amp;tx_toponimia_pi1%5Btopid%5D=1487"/>
  </way>
  <way id="23920524" version="14" timestamp="2024-11-27T14:26:03Z" changeset="159662668" uid="102819" user="adaptive">
    <nd ref="259286730"/>
    <nd ref="259286731"/>
    <nd ref="2753372143"/>
    <tag k="description" v="Toponímia: Jurisconsulto 1889-1977. Início: Confluência das Ruas: Avenida das Nações Unidas; Rua Prof. João Barreira; Rua Prof. Pulido Valente. Fim: Rua Prof. Queiroz Veloso."/>
    <tag k="highway" v="residential"/>
    <tag k="lanes" v="1"/>
    <tag k="lit" v="yes"/>
    <tag k="name" v="Rua Professor Paulo Merêa"/>
    <tag k="oneway" v="yes"/>
    <tag k="source:description" v="dadosabertos.cm-lisboa.pt"/>
    <tag k="source:pkey" v="3525"/>
    <tag k="start_date" v="2005-09-08"/>
    <tag k="surface" v="asphalt"/>
    <tag k="website" v="https://revelar.lisboa.pt/explorar/toponimia/detalhe?tx_toponimia_pi1%5Baction%5D=show&amp;tx_toponimia_pi1%5Bcontroller%5D=Toponimia&amp;tx_toponimia_pi1%5Btopid%5D=3525"/>
  </way>
  <way id="23920530" version="21" timestamp="2026-04-11T00:19:47Z" changeset="181170744" uid="11912760" user="aselvadeasfalto">
    <nd ref="254940985"/>
    <nd ref="6776046495"/>
    <nd ref="6776046498"/>
    <nd ref="6776046494"/>
    <nd ref="11255385786"/>
    <nd ref="259287485"/>
    <nd ref="6388353680"/>
    <nd ref="259287670"/>
    <nd ref="259287486"/>
    <nd ref="6776050955"/>
    <nd ref="6776050956"/>
    <nd ref="6776050957"/>
    <nd ref="259285670"/>
    <nd ref="6776050959"/>
    <nd ref="8198018926"/>
    <nd ref="8198018924"/>
    <nd ref="8198018925"/>
    <nd ref="259287969"/>
    <nd ref="259288147"/>
    <tag k="description" v="Toponímia: Filólogo 1920 - 1984. Início: Rua Prof. João Barreira. Fim: Rua Armindo Rodrigues."/>
    <tag k="highway" v="residential"/>
    <tag k="name" v="Rua Professor Prado Coelho"/>
    <tag k="name:etymology:wikidata" v="Q5340732"/>
    <tag k="source:description" v="dadosabertos.cm-lisboa.pt"/>
    <tag k="source:pkey" v="76"/>
    <tag k="start_date" v="1984-10-29"/>
    <tag k="surface" v="asphalt"/>
    <tag k="website" v="https://revelar.lisboa.pt/explorar/toponimia/detalhe?tx_toponimia_pi1%5Baction%5D=show&amp;tx_toponimia_pi1%5Bcontroller%5D=Toponimia&amp;tx_toponimia_pi1%5Btopid%5D=76"/>
  </way>
  <way id="23920532" version="10" timestamp="2023-06-27T18:44:15Z" changeset="137848258" uid="705092" user="hvalentim">
    <nd ref="254940985"/>
    <nd ref="259287661"/>
    <nd ref="259287662"/>
    <nd ref="259287663"/>
    <nd ref="259287664"/>
    <nd ref="7863148281"/>
    <nd ref="259287665"/>
    <nd ref="7863157385"/>
    <nd ref="259287666"/>
    <nd ref="259287667"/>
    <nd ref="259287668"/>
    <nd ref="7863157386"/>
    <nd ref="259287670"/>
    <tag k="description" v="Toponímia: Jurista 1929 - 1983. Início: Rua Prof. Prado Coelho. Fim: Terras."/>
    <tag k="highway" v="residential"/>
    <tag k="name" v="Rua Professor João de Castro Mendes"/>
    <tag k="source:description" v="dadosabertos.cm-lisboa.pt"/>
    <tag k="source:pkey" v="2843"/>
    <tag k="start_date" v="1990-07-30"/>
    <tag k="website" v="https://revelar.lisboa.pt/explorar/toponimia/detalhe?tx_toponimia_pi1%5Baction%5D=show&amp;tx_toponimia_pi1%5Bcontroller%5D=Toponimia&amp;tx_toponimia_pi1%5Btopid%5D=2843"/>
  </way>
  <way id="23920542" version="10" timestamp="2023-06-27T18:44:15Z" changeset="137848258" uid="705092" user="hvalentim">
    <nd ref="259288147"/>
    <nd ref="259288149"/>
    <nd ref="259288969"/>
    <tag k="description" v="Toponímia: Médico e Poeta 1904 - 1993. Início: Rua Frederico George. Fim: Rua Frederico George."/>
    <tag k="highway" v="residential"/>
    <tag k="name" v="Rua Armindo Rodrigues"/>
    <tag k="source:description" v="dadosabertos.cm-lisboa.pt"/>
    <tag k="source:pkey" v="362"/>
    <tag k="start_date" v="1996-10-22"/>
    <tag k="website" v="https://revelar.lisboa.pt/explorar/toponimia/detalhe?tx_toponimia_pi1%5Baction%5D=show&amp;tx_toponimia_pi1%5Bcontroller%5D=Toponimia&amp;tx_toponimia_pi1%5Btopid%5D=362"/>
  </way>
  <way id="23920548" version="21" timestamp="2026-04-11T00:17:50Z" changeset="181170744" uid="11912760" user="aselvadeasfalto">
    <nd ref="259287970"/>
    <nd ref="259288455"/>
    <nd ref="10187000274"/>
    <nd ref="8198018118"/>
    <nd ref="6776042640"/>
    <nd ref="259288971"/>
    <tag k="description" v="Toponímia: Arquitecto e Pintor 1915 - 1994. Início: Confluência da Prof. Prado Coelho e a Rua Armindo Rodrigues. Fim: Rua Daniel Santa Rita."/>
    <tag k="highway" v="residential"/>
    <tag k="name" v="Rua Frederico George"/>
    <tag k="name:etymology:wikidata" v="Q10285779"/>
    <tag k="oneway" v="no"/>
    <tag k="source:description" v="dadosabertos.cm-lisboa.pt"/>
    <tag k="source:pkey" v="2757"/>
    <tag k="start_date" v="1996-10-22"/>
    <tag k="website" v="https://revelar.lisboa.pt/explorar/toponimia/detalhe?tx_toponimia_pi1%5Baction%5D=show&amp;tx_toponimia_pi1%5Bcontroller%5D=Toponimia&amp;tx_toponimia_pi1%5Btopid%5D=2757"/>
  </way>
  <way id="23920550" version="12" timestamp="2026-04-08T08:44:25Z" changeset="181036708" uid="2644617" user="Jimiiee">
    <nd ref="259288874"/>
    <nd ref="259288561"/>
    <nd ref="259288562"/>
    <nd ref="8198018088"/>
    <nd ref="8198018087"/>
    <nd ref="259288564"/>
    <nd ref="8198018085"/>
    <nd ref="13715660894"/>
    <nd ref="8198018086"/>
    <nd ref="8198018090"/>
    <nd ref="8198018089"/>
    <nd ref="1932447006"/>
    <nd ref="13715708643"/>
    <nd ref="259288565"/>
    <nd ref="13715708616"/>
    <nd ref="1932447003"/>
    <nd ref="1301579532"/>
    <tag k="description" v="Toponímia: Arquitecto 1929 - 2001. Início: Rua Frederico George. Fim: Rua Frederico George."/>
    <tag k="highway" v="residential"/>
    <tag k="name" v="Rua Daniel Santa Rita"/>
    <tag k="source:description" v="dadosabertos.cm-lisboa.pt"/>
    <tag k="source:pkey" v="3034"/>
    <tag k="start_date" v="2005-03-10"/>
    <tag k="surface" v="asphalt"/>
    <tag k="website" v="https://revelar.lisboa.pt/explorar/toponimia/detalhe?tx_toponimia_pi1%5Baction%5D=show&amp;tx_toponimia_pi1%5Bcontroller%5D=Toponimia&amp;tx_toponimia_pi1%5Btopid%5D=3034"/>
  </way>
  <way id="23920551" version="6" timestamp="2017-09-19T01:13:08Z" changeset="52159830" uid="350918" user="JPF_pt">
    <nd ref="259288565"/>
    <nd ref="320135261"/>
    <nd ref="4271011559"/>
    <tag k="highway" v="trunk_link"/>
    <tag k="lanes" v="1"/>
    <tag k="maxspeed" v="30"/>
    <tag k="oneway" v="yes"/>
    <tag k="surface" v="asphalt"/>
  </way>
  <way id="23920553" version="7" timestamp="2023-07-01T11:15:52Z" changeset="137987717" uid="19736714" user="tomasrm22">
    <nd ref="259288969"/>
    <nd ref="259288970"/>
    <nd ref="8198018922"/>
    <nd ref="259288971"/>
    <tag k="description" v="Toponímia: Escritor - 1917 - 1996. Início: Rua Armindo Rodrigues. Fim: Rua Federico George."/>
    <tag k="highway" v="residential"/>
    <tag k="name" v="Rua Alexandre Cabral"/>
    <tag k="source:description" v="dadosabertos.cm-lisboa.pt"/>
    <tag k="source:pkey" v="2457"/>
    <tag k="start_date" v="1998-02-11"/>
    <tag k="surface" v="asphalt"/>
    <tag k="website" v="https://revelar.lisboa.pt/explorar/toponimia/detalhe?tx_toponimia_pi1%5Baction%5D=show&amp;tx_toponimia_pi1%5Bcontroller%5D=Toponimia&amp;tx_toponimia_pi1%5Btopid%5D=2457"/>
  </way>
  <way id="24782291" version="12" timestamp="2019-10-02T20:20:27Z" changeset="75201628" uid="3305165" user="luisforte">
    <nd ref="82779922"/>
    <nd ref="2753379317"/>
    <nd ref="269276459"/>
    <tag k="bicycle" v="no"/>
    <tag k="destination" v="Lisboa;Odivelas;Lumiar"/>
    <tag k="foot" v="no"/>
    <tag k="highway" v="trunk_link"/>
    <tag k="horse" v="no"/>
    <tag k="lanes" v="1"/>
    <tag k="maxspeed" v="50"/>
    <tag k="oneway" v="yes"/>
    <tag k="surface" v="asphalt"/>
  </way>
  <way id="24782302" version="15" timestamp="2023-06-27T18:44:15Z" changeset="137848258" uid="705092" user="hvalentim">
    <nd ref="259286730"/>
    <nd ref="9491112198"/>
    <nd ref="7246206838"/>
    <tag k="description" v="Toponímia: Historiador de Arte - 1866 - 1961. Início: Rua Fernando Namora. Fim: Rua Professor Pulido Valente e Avenida das Nações Unidas."/>
    <tag k="highway" v="residential"/>
    <tag k="lanes" v="2"/>
    <tag k="name" v="Rua Professor João Barreira"/>
    <tag k="oneway" v="yes"/>
    <tag k="source:description" v="dadosabertos.cm-lisboa.pt"/>
    <tag k="source:pkey" v="3023"/>
    <tag k="start_date" v="1978-03-06"/>
    <tag k="surface" v="asphalt"/>
    <tag k="website" v="https://revelar.lisboa.pt/explorar/toponimia/detalhe?tx_toponimia_pi1%5Baction%5D=show&amp;tx_toponimia_pi1%5Bcontroller%5D=Toponimia&amp;tx_toponimia_pi1%5Btopid%5D=3023"/>
  </way>
  <way id="29104265" version="4" timestamp="2024-12-09T09:39:14Z" changeset="160084481" uid="20972402" user="DanielAgos">
    <nd ref="259288463"/>
    <nd ref="1301579538"/>
    <nd ref="1301579526"/>
    <nd ref="259288464"/>
    <nd ref="1301579482"/>
    <nd ref="320135262"/>
    <nd ref="1301579528"/>
    <nd ref="259288465"/>
    <nd ref="1301579723"/>
    <nd ref="320135263"/>
    <nd ref="1301579530"/>
    <nd ref="1301579535"/>
    <nd ref="259288466"/>
    <nd ref="1301579532"/>
    <tag k="highway" v="residential"/>
    <tag k="junction" v="roundabout"/>
    <tag k="surface" v="asphalt"/>
  </way>
  <way id="34027895" version="8" timestamp="2021-12-24T00:25:43Z" changeset="115316571" uid="12612838" user="rui228">
    <nd ref="4065669971"/>
    <nd ref="6776035923"/>
    <nd ref="389959619"/>
    <nd ref="389959622"/>
    <nd ref="4065669982"/>
    <nd ref="389959626"/>
    <nd ref="389959629"/>
    <tag k="bicycle" v="no"/>
    <tag k="destination" v="Loures;Odivelas;Lumiar"/>
    <tag k="destination:ref" v="Eixo N-S;A 8"/>
    <tag k="foot" v="no"/>
    <tag k="highway" v="trunk_link"/>
    <tag k="horse" v="no"/>
    <tag k="lanes" v="1"/>
    <tag k="oneway" v="yes"/>
  </way>
  <way id="34922160" version="8" timestamp="2022-11-25T20:03:20Z" changeset="129381352" uid="2107121" user="AntMadeira">
    <nd ref="269276460"/>
    <nd ref="409747647"/>
    <nd ref="409747648"/>
    <nd ref="4271011614"/>
    <nd ref="409747649"/>
    <nd ref="245930182"/>
    <tag k="bicycle" v="no"/>
    <tag k="destination" v="Lisboa;Campo Grande"/>
    <tag k="destination:symbol" v="centre"/>
    <tag k="foot" v="no"/>
    <tag k="highway" v="trunk_link"/>
    <tag k="horse" v="no"/>
    <tag k="lanes" v="1"/>
    <tag k="oneway" v="yes"/>
    <tag k="surface" v="asphalt"/>
    <tag k="turn:lanes" v="right"/>
  </way>
  <way id="35012815" version="15" timestamp="2025-10-10T21:00:12Z" changeset="173113149" uid="12612838" user="rui228">
    <nd ref="410690732"/>
    <nd ref="410690733"/>
    <tag k="bridge" v="yes"/>
    <tag k="description" v="Toponímia: Pintor e Professor de Medicina - 1889 - 1946. Início: Rua Prof. Bento de Jesus Caraça. Fim: Rua Fernando Lopes Graça."/>
    <tag k="highway" v="residential"/>
    <tag k="lanes" v="2"/>
    <tag k="layer" v="1"/>
    <tag k="lit" v="yes"/>
    <tag k="maxspeed:type" v="PT:urban"/>
    <tag k="maxweight:signed" v="no"/>
    <tag k="name" v="Rua Abel Salazar"/>
    <tag k="oneway" v="no"/>
    <tag k="sidewalk" v="both"/>
    <tag k="sidewalk:both:surface" v="concrete"/>
    <tag k="smoothness" v="excellent"/>
    <tag k="source:description" v="dadosabertos.cm-lisboa.pt"/>
    <tag k="source:pkey" v="684"/>
    <tag k="start_date" v="1997-08-05"/>
    <tag k="surface" v="asphalt"/>
    <tag k="website" v="https://revelar.lisboa.pt/explorar/toponimia/detalhe?tx_toponimia_pi1%5Baction%5D=show&amp;tx_toponimia_pi1%5Bcontroller%5D=Toponimia&amp;tx_toponimia_pi1%5Btopid%5D=684"/>
  </way>
  <way id="35012816" version="20" timestamp="2026-04-08T08:44:25Z" changeset="181036708" uid="2644617" user="Jimiiee">
    <nd ref="410690733"/>
    <nd ref="13715708636"/>
    <nd ref="430433145"/>
    <tag k="description" v="Toponímia: Pintor e Professor de Medicina - 1889 - 1946. Início: Rua Prof. Bento de Jesus Caraça. Fim: Rua Fernando Lopes Graça."/>
    <tag k="highway" v="residential"/>
    <tag k="lanes" v="2"/>
    <tag k="lit" v="yes"/>
    <tag k="maxspeed:type" v="PT:urban"/>
    <tag k="name" v="Rua Abel Salazar"/>
    <tag k="sidewalk" v="both"/>
    <tag k="sidewalk:both:surface" v="sett"/>
    <tag k="smoothness" v="good"/>
    <tag k="source:description" v="dadosabertos.cm-lisboa.pt"/>
    <tag k="source:pkey" v="684"/>
    <tag k="start_date" v="1997-08-05"/>
    <tag k="surface" v="asphalt"/>
    <tag k="website" v="https://revelar.lisboa.pt/explorar/toponimia/detalhe?tx_toponimia_pi1%5Baction%5D=show&amp;tx_toponimia_pi1%5Bcontroller%5D=Toponimia&amp;tx_toponimia_pi1%5Btopid%5D=684"/>
  </way>
  <way id="37011280" version="14" timestamp="2025-08-14T16:40:22Z" changeset="170446121" uid="11912760" user="aselvadeasfalto">
    <nd ref="259286730"/>
    <nd ref="9491112203"/>
    <nd ref="9491112202"/>
    <nd ref="4065669965"/>
    <tag k="description" v="Toponímia: Instituições. Início: Rua Prof. Pulido Valente. Fim: Praça São Francisco de Assis."/>
    <tag k="highway" v="secondary"/>
    <tag k="lanes" v="2"/>
    <tag k="name" v="Avenida das Nações Unidas"/>
    <tag k="name:etymology:wikidata" v="Q1065"/>
    <tag k="oneway" v="yes"/>
    <tag k="source:description" v="dadosabertos.cm-lisboa.pt"/>
    <tag k="source:pkey" v="606"/>
    <tag k="start_date" v="1989-11-24"/>
    <tag k="surface" v="asphalt"/>
    <tag k="website" v="https://revelar.lisboa.pt/explorar/toponimia/detalhe?tx_toponimia_pi1%5Baction%5D=show&amp;tx_toponimia_pi1%5Bcontroller%5D=Toponimia&amp;tx_toponimia_pi1%5Btopid%5D=606"/>
  </way>
  <way id="37278936" version="8" timestamp="2024-11-04T19:49:13Z" changeset="158754896" uid="3445540" user="powerslave00">
    <nd ref="82779868"/>
    <nd ref="4065669980"/>
    <nd ref="82779869"/>
    <tag k="bicycle" v="no"/>
    <tag k="foot" v="no"/>
    <tag k="highway" v="trunk"/>
    <tag k="horse" v="no"/>
    <tag k="lanes" v="3"/>
    <tag k="maxspeed" v="80"/>
    <tag k="name" v="Eixo Norte-Sul"/>
    <tag k="oneway" v="yes"/>
    <tag k="ref" v="IP 7"/>
    <tag k="surface" v="asphalt"/>
  </way>
  <way id="37278937" version="7" timestamp="2024-11-04T19:49:13Z" changeset="158754896" uid="3445540" user="powerslave00">
    <nd ref="434353077"/>
    <nd ref="82779868"/>
    <tag k="bicycle" v="no"/>
    <tag k="bridge" v="yes"/>
    <tag k="foot" v="no"/>
    <tag k="highway" v="trunk"/>
    <tag k="horse" v="no"/>
    <tag k="lanes" v="3"/>
    <tag k="layer" v="1"/>
    <tag k="maxspeed" v="80"/>
    <tag k="name" v="Eixo Norte-Sul"/>
    <tag k="oneway" v="yes"/>
    <tag k="ref" v="IP 7"/>
    <tag k="surface" v="asphalt"/>
  </way>
  <way id="40193959" version="13" timestamp="2023-06-27T18:44:19Z" changeset="137848258" uid="705092" user="hvalentim">
    <nd ref="2753330535"/>
    <nd ref="9258702610"/>
    <nd ref="484248522"/>
    <nd ref="9258702607"/>
    <nd ref="484248530"/>
    <nd ref="9258702608"/>
    <nd ref="257665376"/>
    <tag k="description" v="Toponímia: Médico 1884 - 1963. Início: Rua Prof. Vieira de Almeida. Fim: Avenida das Nações Unidas."/>
    <tag k="highway" v="secondary_link"/>
    <tag k="lanes" v="1"/>
    <tag k="oneway" v="yes"/>
    <tag k="source" v="bing"/>
    <tag k="source:description" v="dadosabertos.cm-lisboa.pt"/>
    <tag k="source:pkey" v="2069"/>
    <tag k="start_date" v="1978-03-06"/>
    <tag k="surface" v="asphalt"/>
    <tag k="website" v="https://revelar.lisboa.pt/explorar/toponimia/detalhe?tx_toponimia_pi1%5Baction%5D=show&amp;tx_toponimia_pi1%5Bcontroller%5D=Toponimia&amp;tx_toponimia_pi1%5Btopid%5D=2069"/>
  </way>
  <way id="40193960" version="12" timestamp="2023-06-27T18:44:19Z" changeset="137848258" uid="705092" user="hvalentim">
    <nd ref="484248471"/>
    <nd ref="9258702609"/>
    <nd ref="484248556"/>
    <nd ref="484248561"/>
    <nd ref="9258702611"/>
    <nd ref="2753330535"/>
    <tag k="description" v="Toponímia: Médico 1884 - 1963. Início: Rua Prof. Vieira de Almeida. Fim: Avenida das Nações Unidas."/>
    <tag k="highway" v="secondary_link"/>
    <tag k="lanes" v="1"/>
    <tag k="oneway" v="yes"/>
    <tag k="source" v="bing"/>
    <tag k="source:description" v="dadosabertos.cm-lisboa.pt"/>
    <tag k="source:pkey" v="2069"/>
    <tag k="start_date" v="1978-03-06"/>
    <tag k="surface" v="asphalt"/>
    <tag k="website" v="https://revelar.lisboa.pt/explorar/toponimia/detalhe?tx_toponimia_pi1%5Baction%5D=show&amp;tx_toponimia_pi1%5Bcontroller%5D=Toponimia&amp;tx_toponimia_pi1%5Btopid%5D=2069"/>
  </way>
  <way id="115065023" version="8" timestamp="2025-06-24T18:23:27Z" changeset="168062138" uid="380552" user="topolusitania">
    <nd ref="2753376862"/>
    <nd ref="1301617704"/>
    <nd ref="1301617715"/>
    <nd ref="1301617700"/>
    <nd ref="1301617666"/>
    <nd ref="1301617637"/>
    <nd ref="1301617644"/>
    <tag k="highway" v="service"/>
    <tag k="oneway" v="yes"/>
    <tag k="surface" v="asphalt"/>
  </way>
  <way id="115065024" version="6" timestamp="2025-06-24T18:23:27Z" changeset="168062138" uid="380552" user="topolusitania">
    <nd ref="1301617715"/>
    <nd ref="1301617647"/>
    <nd ref="1301617661"/>
    <nd ref="1301617662"/>
    <nd ref="1301617654"/>
    <nd ref="1301617676"/>
    <nd ref="1301617675"/>
    <nd ref="1301617665"/>
    <nd ref="1301617644"/>
    <tag k="highway" v="service"/>
    <tag k="oneway" v="yes"/>
  </way>
  <way id="115065025" version="6" timestamp="2025-06-24T18:23:27Z" changeset="168062138" uid="380552" user="topolusitania">
    <nd ref="1301617661"/>
    <nd ref="1301617716"/>
    <nd ref="1301617695"/>
    <nd ref="2753376859"/>
    <nd ref="1301617647"/>
    <tag k="highway" v="service"/>
    <tag k="layer" v="-1"/>
    <tag k="oneway" v="yes"/>
    <tag k="tunnel" v="yes"/>
  </way>
  <way id="115065026" version="9" timestamp="2025-06-24T18:23:27Z" changeset="168062138" uid="380552" user="topolusitania">
    <nd ref="1301617644"/>
    <nd ref="1301617698"/>
    <nd ref="1301617679"/>
    <tag k="bicycle" v="no"/>
    <tag k="foot" v="no"/>
    <tag k="highway" v="service"/>
    <tag k="horse" v="no"/>
    <tag k="oneway" v="yes"/>
    <tag k="surface" v="asphalt"/>
  </way>
  <way id="162096949" version="7" timestamp="2023-06-27T18:44:25Z" changeset="137848258" uid="705092" user="hvalentim">
    <nd ref="259288458"/>
    <nd ref="1740309877"/>
    <nd ref="4271011583"/>
    <nd ref="4271011574"/>
    <nd ref="4271011556"/>
    <nd ref="1740309876"/>
    <tag k="description" v="Toponímia: Arquitecto 1922-1982. Início: Rua Frederico George. Fim: Sem Saída."/>
    <tag k="highway" v="residential"/>
    <tag k="name" v="Rua Francisco da Conceição Silva"/>
    <tag k="oneway" v="no"/>
    <tag k="source:description" v="dadosabertos.cm-lisboa.pt"/>
    <tag k="source:pkey" v="3523"/>
    <tag k="start_date" v="2005-09-08"/>
    <tag k="website" v="https://revelar.lisboa.pt/explorar/toponimia/detalhe?tx_toponimia_pi1%5Baction%5D=show&amp;tx_toponimia_pi1%5Bcontroller%5D=Toponimia&amp;tx_toponimia_pi1%5Btopid%5D=3523"/>
  </way>
  <way id="182604515" version="12" timestamp="2024-03-21T12:37:47Z" changeset="148960170" uid="19736714" user="tomasrm22">
    <nd ref="1929620901"/>
    <nd ref="4271011497"/>
    <nd ref="1929620934"/>
    <nd ref="1929620936"/>
    <tag k="description" v="Toponímia: Político - 1862 - 1934. Início: Rua Abel Salazar. Fim: sem saída."/>
    <tag k="highway" v="residential"/>
    <tag k="lanes" v="2"/>
    <tag k="name" v="Rua Brito Camacho"/>
    <tag k="sidewalk" v="both"/>
    <tag k="sidewalk:both:surface" v="sett"/>
    <tag k="smoothness" v="good"/>
    <tag k="source" v="bing"/>
    <tag k="source:description" v="dadosabertos.cm-lisboa.pt"/>
    <tag k="source:pkey" v="2028"/>
    <tag k="start_date" v="1997-12-09"/>
    <tag k="surface" v="asphalt"/>
    <tag k="website" v="https://revelar.lisboa.pt/explorar/toponimia/detalhe?tx_toponimia_pi1%5Baction%5D=show&amp;tx_toponimia_pi1%5Bcontroller%5D=Toponimia&amp;tx_toponimia_pi1%5Btopid%5D=2028"/>
  </way>
  <way id="182604517" version="10" timestamp="2025-01-31T00:38:44Z" changeset="161960084" uid="20972402" user="DanielAgos">
    <nd ref="12249029646"/>
    <nd ref="5138842930"/>
    <nd ref="3807675862"/>
    <tag k="description" v="Toponímia: Político - 1862 - 1934. Início: Rua Abel Salazar. Fim: sem saída."/>
    <tag k="highway" v="residential"/>
    <tag k="name" v="Rua Brito Camacho"/>
    <tag k="source" v="bing"/>
    <tag k="source:description" v="dadosabertos.cm-lisboa.pt"/>
    <tag k="source:pkey" v="2028"/>
    <tag k="start_date" v="1997-12-09"/>
    <tag k="website" v="https://revelar.lisboa.pt/explorar/toponimia/detalhe?tx_toponimia_pi1%5Baction%5D=show&amp;tx_toponimia_pi1%5Bcontroller%5D=Toponimia&amp;tx_toponimia_pi1%5Btopid%5D=2028"/>
  </way>
  <way id="182604519" version="12" timestamp="2024-03-21T12:36:10Z" changeset="148961148" uid="19736714" user="tomasrm22">
    <nd ref="1929620955"/>
    <nd ref="1929620962"/>
    <nd ref="1932481768"/>
    <nd ref="1932481767"/>
    <nd ref="1932481766"/>
    <tag k="handrail" v="yes"/>
    <tag k="highway" v="steps"/>
    <tag k="incline" v="down"/>
    <tag k="lit" v="no"/>
    <tag k="ramp" v="no"/>
    <tag k="source" v="bing"/>
    <tag k="step_count" v="60"/>
    <tag k="surface" v="sett"/>
    <tag k="tactile_paving" v="no"/>
  </way>
  <way id="182891204" version="14" timestamp="2024-10-13T20:34:10Z" changeset="157851267" uid="16603393" user="Dilxe">
    <nd ref="12249029646"/>
    <nd ref="12249029653"/>
    <nd ref="12249029645"/>
    <nd ref="12249029654"/>
    <nd ref="12249029652"/>
    <nd ref="12249029655"/>
    <nd ref="1932481765"/>
    <nd ref="1929620955"/>
    <nd ref="12249029647"/>
    <nd ref="12249029649"/>
    <nd ref="1929620957"/>
    <nd ref="12249029650"/>
    <nd ref="12249029648"/>
    <nd ref="12249029651"/>
    <nd ref="1929620936"/>
    <tag k="description" v="Toponímia: Político - 1862 - 1934. Início: Rua Abel Salazar. Fim: sem saída."/>
    <tag k="highway" v="residential"/>
    <tag k="lane_markings" v="no"/>
    <tag k="lit" v="yes"/>
    <tag k="name" v="Rua Brito Camacho"/>
    <tag k="oneway" v="yes"/>
    <tag k="sidewalk" v="right"/>
    <tag k="sidewalk:right:surface" v="sett"/>
    <tag k="smoothness" v="excellent"/>
    <tag k="source" v="bing"/>
    <tag k="source:description" v="dadosabertos.cm-lisboa.pt"/>
    <tag k="source:pkey" v="2028"/>
    <tag k="start_date" v="1997-12-09"/>
    <tag k="surface" v="asphalt"/>
    <tag k="website" v="https://revelar.lisboa.pt/explorar/toponimia/detalhe?tx_toponimia_pi1%5Baction%5D=show&amp;tx_toponimia_pi1%5Bcontroller%5D=Toponimia&amp;tx_toponimia_pi1%5Btopid%5D=2028"/>
  </way>
  <way id="182944324" version="12" timestamp="2025-08-14T16:40:22Z" changeset="170446121" uid="11912760" user="aselvadeasfalto">
    <nd ref="430431367"/>
    <nd ref="4065669971"/>
    <nd ref="4065669972"/>
    <nd ref="658938712"/>
    <nd ref="6433475004"/>
    <tag k="description" v="Toponímia: Instituições. Início: Rua Prof. Pulido Valente. Fim: Praça São Francisco de Assis."/>
    <tag k="highway" v="secondary"/>
    <tag k="lanes" v="2"/>
    <tag k="name" v="Avenida das Nações Unidas"/>
    <tag k="name:etymology:wikidata" v="Q1065"/>
    <tag k="oneway" v="yes"/>
    <tag k="source:description" v="dadosabertos.cm-lisboa.pt"/>
    <tag k="source:pkey" v="606"/>
    <tag k="start_date" v="1989-11-24"/>
    <tag k="surface" v="asphalt"/>
    <tag k="website" v="https://revelar.lisboa.pt/explorar/toponimia/detalhe?tx_toponimia_pi1%5Baction%5D=show&amp;tx_toponimia_pi1%5Bcontroller%5D=Toponimia&amp;tx_toponimia_pi1%5Btopid%5D=606"/>
  </way>
  <way id="182944371" version="9" timestamp="2026-04-10T14:56:43Z" changeset="181152258" uid="11912760" user="aselvadeasfalto">
    <nd ref="254811767"/>
    <nd ref="1933000181"/>
    <nd ref="2753330535"/>
    <tag k="description" v="Toponímia: Médico 1884 - 1963. Início: Rua Prof. Vieira de Almeida. Fim: Avenida das Nações Unidas."/>
    <tag k="highway" v="secondary"/>
    <tag k="lanes" v="1"/>
    <tag k="name" v="Rua Professor Pulido Valente"/>
    <tag k="name:etymology:wikidata" v="Q10285097"/>
    <tag k="oneway" v="yes"/>
    <tag k="source" v="bing"/>
    <tag k="source:description" v="dadosabertos.cm-lisboa.pt"/>
    <tag k="source:pkey" v="2069"/>
    <tag k="start_date" v="1978-03-06"/>
    <tag k="surface" v="asphalt"/>
    <tag k="website" v="https://revelar.lisboa.pt/explorar/toponimia/detalhe?tx_toponimia_pi1%5Baction%5D=show&amp;tx_toponimia_pi1%5Bcontroller%5D=Toponimia&amp;tx_toponimia_pi1%5Btopid%5D=2069"/>
  </way>
  <way id="182944372" version="15" timestamp="2026-04-10T14:56:43Z" changeset="181152258" uid="11912760" user="aselvadeasfalto">
    <nd ref="259286730"/>
    <nd ref="7246206835"/>
    <nd ref="5201172984"/>
    <tag k="description" v="Toponímia: Médico 1884 - 1963. Início: Rua Prof. Vieira de Almeida. Fim: Avenida das Nações Unidas."/>
    <tag k="highway" v="secondary"/>
    <tag k="lanes" v="4"/>
    <tag k="name" v="Rua Professor Pulido Valente"/>
    <tag k="name:etymology:wikidata" v="Q10285097"/>
    <tag k="source" v="bing"/>
    <tag k="source:description" v="dadosabertos.cm-lisboa.pt"/>
    <tag k="source:pkey" v="2069"/>
    <tag k="start_date" v="1978-03-06"/>
    <tag k="surface" v="asphalt"/>
    <tag k="website" v="https://revelar.lisboa.pt/explorar/toponimia/detalhe?tx_toponimia_pi1%5Baction%5D=show&amp;tx_toponimia_pi1%5Bcontroller%5D=Toponimia&amp;tx_toponimia_pi1%5Btopid%5D=2069"/>
  </way>
  <way id="270288025" version="11" timestamp="2026-04-10T14:56:43Z" changeset="181152258" uid="11912760" user="aselvadeasfalto">
    <nd ref="2753330535"/>
    <nd ref="254811761"/>
    <nd ref="254811767"/>
    <tag k="description" v="Toponímia: Médico 1884 - 1963. Início: Rua Prof. Vieira de Almeida. Fim: Avenida das Nações Unidas."/>
    <tag k="highway" v="secondary"/>
    <tag k="lanes" v="2"/>
    <tag k="name" v="Rua Professor Pulido Valente"/>
    <tag k="name:etymology:wikidata" v="Q10285097"/>
    <tag k="oneway" v="yes"/>
    <tag k="source" v="bing"/>
    <tag k="source:description" v="dadosabertos.cm-lisboa.pt"/>
    <tag k="source:pkey" v="2069"/>
    <tag k="start_date" v="1978-03-06"/>
    <tag k="surface" v="asphalt"/>
    <tag k="website" v="https://revelar.lisboa.pt/explorar/toponimia/detalhe?tx_toponimia_pi1%5Baction%5D=show&amp;tx_toponimia_pi1%5Bcontroller%5D=Toponimia&amp;tx_toponimia_pi1%5Btopid%5D=2069"/>
  </way>
  <way id="270288029" version="11" timestamp="2023-06-27T18:44:28Z" changeset="137848258" uid="705092" user="hvalentim">
    <nd ref="2753372143"/>
    <nd ref="5201172982"/>
    <nd ref="5201172980"/>
    <nd ref="2753372145"/>
    <nd ref="5201172983"/>
    <nd ref="9491112202"/>
    <tag k="description" v="Toponímia: Jurisconsulto 1889-1977. Início: Confluência das Ruas: Avenida das Nações Unidas; Rua Prof. João Barreira; Rua Prof. Pulido Valente. Fim: Rua Prof. Queiroz Veloso."/>
    <tag k="highway" v="residential"/>
    <tag k="lit" v="yes"/>
    <tag k="name" v="Rua Professor Paulo Merêa"/>
    <tag k="oneway" v="yes"/>
    <tag k="source:description" v="dadosabertos.cm-lisboa.pt"/>
    <tag k="source:pkey" v="3525"/>
    <tag k="start_date" v="2005-09-08"/>
    <tag k="surface" v="asphalt"/>
    <tag k="website" v="https://revelar.lisboa.pt/explorar/toponimia/detalhe?tx_toponimia_pi1%5Baction%5D=show&amp;tx_toponimia_pi1%5Bcontroller%5D=Toponimia&amp;tx_toponimia_pi1%5Btopid%5D=3525"/>
  </way>
  <way id="270288030" version="11" timestamp="2023-06-27T18:44:28Z" changeset="137848258" uid="705092" user="hvalentim">
    <nd ref="2753372143"/>
    <nd ref="7861735898"/>
    <nd ref="7246206829"/>
    <nd ref="259286732"/>
    <tag k="description" v="Toponímia: Jurisconsulto 1889-1977. Início: Confluência das Ruas: Avenida das Nações Unidas; Rua Prof. João Barreira; Rua Prof. Pulido Valente. Fim: Rua Prof. Queiroz Veloso."/>
    <tag k="highway" v="residential"/>
    <tag k="lit" v="yes"/>
    <tag k="name" v="Rua Professor Paulo Merêa"/>
    <tag k="source:description" v="dadosabertos.cm-lisboa.pt"/>
    <tag k="source:pkey" v="3525"/>
    <tag k="start_date" v="2005-09-08"/>
    <tag k="surface" v="asphalt"/>
    <tag k="website" v="https://revelar.lisboa.pt/explorar/toponimia/detalhe?tx_toponimia_pi1%5Baction%5D=show&amp;tx_toponimia_pi1%5Bcontroller%5D=Toponimia&amp;tx_toponimia_pi1%5Btopid%5D=3525"/>
  </way>
  <way id="270291343" version="4" timestamp="2026-04-08T08:44:25Z" changeset="181036708" uid="2644617" user="Jimiiee">
    <nd ref="2753377941"/>
    <nd ref="5121144711"/>
    <nd ref="2753377943"/>
    <nd ref="1301617662"/>
    <tag k="handrail" v="yes"/>
    <tag k="highway" v="steps"/>
    <tag k="lit" v="yes"/>
    <tag k="surface" v="paved"/>
    <tag k="wheelchair" v="no"/>
  </way>
  <way id="270291661" version="8" timestamp="2024-02-01T12:22:44Z" changeset="146943712" uid="176099" user="Cariocecus">
    <nd ref="269276460"/>
    <nd ref="269276461"/>
    <nd ref="2753390322"/>
    <nd ref="4053751939"/>
    <tag k="bicycle" v="no"/>
    <tag k="destination" v="Odivelas;Lumiar"/>
    <tag k="foot" v="no"/>
    <tag k="highway" v="trunk_link"/>
    <tag k="horse" v="no"/>
    <tag k="lanes" v="2"/>
    <tag k="oneway" v="yes"/>
    <tag k="surface" v="asphalt"/>
  </way>
  <way id="336011137" version="5" timestamp="2025-04-20T18:37:16Z" changeset="165208128" uid="12609629" user="PedroMTG13">
    <nd ref="3430979897"/>
    <nd ref="3430979894"/>
    <nd ref="3430976792"/>
    <nd ref="3430976790"/>
    <nd ref="3430979897"/>
    <tag k="building" v="storage_tank"/>
    <tag k="content" v="water"/>
    <tag k="man_made" v="covered=reservoir"/>
  </way>
  <way id="336011138" version="5" timestamp="2025-04-20T18:37:16Z" changeset="165208128" uid="12609629" user="PedroMTG13">
    <nd ref="3430979893"/>
    <nd ref="3430979895"/>
    <nd ref="3430976791"/>
    <nd ref="3430979896"/>
    <nd ref="3430979893"/>
    <tag k="building" v="storage_tank"/>
    <tag k="content" v="water"/>
    <tag k="man_made" v="covered=reservoir"/>
  </way>
  <way id="377392554" version="1" timestamp="2015-10-29T00:05:03Z" changeset="34939424" uid="2117094" user="rictum_satz">
    <nd ref="3807665156"/>
    <nd ref="3807675857"/>
    <tag k="highway" v="footway"/>
  </way>
  <way id="377392555" version="1" timestamp="2015-10-29T00:05:03Z" changeset="34939424" uid="2117094" user="rictum_satz">
    <nd ref="3807675858"/>
    <nd ref="3807675859"/>
    <tag k="highway" v="footway"/>
  </way>
  <way id="377392557" version="2" timestamp="2022-10-09T08:19:12Z" changeset="127235332" uid="17329951" user="josejade">
    <nd ref="3807675862"/>
    <nd ref="3807675863"/>
    <tag k="highway" v="footway"/>
    <tag k="surface" v="sett"/>
  </way>
  <way id="377392558" version="2" timestamp="2024-07-14T13:10:58Z" changeset="153930076" uid="20972402" user="DanielAgos">
    <nd ref="1932481765"/>
    <nd ref="3807675864"/>
    <tag k="handrail:center" v="yes"/>
    <tag k="highway" v="steps"/>
    <tag k="incline" v="down"/>
  </way>
  <way id="377392559" version="6" timestamp="2019-02-12T15:11:01Z" changeset="67134719" uid="2820801" user="Reino Baptista">
    <nd ref="4270870560"/>
    <nd ref="4270870561"/>
    <nd ref="3807675865"/>
    <nd ref="5138842929"/>
    <nd ref="4270870563"/>
    <tag k="footway" v="crossing"/>
    <tag k="highway" v="footway"/>
    <tag k="lit" v="yes"/>
    <tag k="surface" v="paved"/>
  </way>
  <way id="390480223" version="5" timestamp="2026-04-08T08:44:25Z" changeset="181036708" uid="2644617" user="Jimiiee">
    <nd ref="3936256620"/>
    <nd ref="3936256623"/>
    <nd ref="13715708663"/>
    <nd ref="3936256625"/>
    <nd ref="4271011359"/>
    <nd ref="3936256624"/>
    <nd ref="3936256622"/>
    <nd ref="3936256620"/>
    <tag k="barrier" v="fence"/>
    <tag k="fence_type" v="chain_link"/>
    <tag k="operator" v="Empresa Portuguesa das Águas Livres SA"/>
    <tag k="short_name" v="EPAL"/>
  </way>
  <way id="395067017" version="9" timestamp="2024-03-21T12:33:41Z" changeset="148960738" uid="19736714" user="tomasrm22">
    <nd ref="4270870563"/>
    <nd ref="3807675867"/>
    <nd ref="3807675868"/>
    <tag k="handrail" v="yes"/>
    <tag k="highway" v="steps"/>
    <tag k="incline" v="up"/>
    <tag k="lit" v="yes"/>
    <tag k="ramp" v="no"/>
    <tag k="surface" v="metal"/>
    <tag k="tactile_paving" v="no"/>
  </way>
  <way id="403338005" version="6" timestamp="2024-03-06T17:33:01Z" changeset="148306995" uid="15324596" user="dmfr">
    <nd ref="1940783217"/>
    <nd ref="4056920885"/>
    <nd ref="11686406692"/>
    <tag k="circuits" v="1"/>
    <tag k="fixme" v="Este percurso é aproximado e provavelmente bastante incorreto. Obter fonte que indique traçado da linha."/>
    <tag k="frequency" v="50"/>
    <tag k="layer" v="-1"/>
    <tag k="location" v="underground"/>
    <tag k="name" v="Carriche - Sete Rios"/>
    <tag k="operator" v="REN"/>
    <tag k="operator:wikidata" v="Q1862842"/>
    <tag k="power" v="cable"/>
    <tag k="voltage" v="220000"/>
  </way>
  <way id="404294021" version="9" timestamp="2025-08-14T16:40:22Z" changeset="170446121" uid="11912760" user="aselvadeasfalto">
    <nd ref="4065669964"/>
    <nd ref="9491112204"/>
    <nd ref="9491112205"/>
    <nd ref="259286730"/>
    <tag k="description" v="Toponímia: Instituições. Início: Rua Prof. Pulido Valente. Fim: Praça São Francisco de Assis."/>
    <tag k="highway" v="secondary"/>
    <tag k="lanes" v="1"/>
    <tag k="name" v="Avenida das Nações Unidas"/>
    <tag k="name:etymology:wikidata" v="Q1065"/>
    <tag k="oneway" v="yes"/>
    <tag k="source" v="bing"/>
    <tag k="source:description" v="dadosabertos.cm-lisboa.pt"/>
    <tag k="source:pkey" v="606"/>
    <tag k="start_date" v="1989-11-24"/>
    <tag k="surface" v="asphalt"/>
    <tag k="website" v="https://revelar.lisboa.pt/explorar/toponimia/detalhe?tx_toponimia_pi1%5Baction%5D=show&amp;tx_toponimia_pi1%5Bcontroller%5D=Toponimia&amp;tx_toponimia_pi1%5Btopid%5D=606"/>
  </way>
  <way id="404294022" version="8" timestamp="2025-10-28T16:55:47Z" changeset="173893087" uid="21545886" user="Urafkard">
    <nd ref="4065669965"/>
    <nd ref="430431367"/>
    <tag k="bridge" v="yes"/>
    <tag k="description" v="Toponímia: Instituições. Início: Rua Prof. Pulido Valente. Fim: Praça São Francisco de Assis."/>
    <tag k="highway" v="secondary"/>
    <tag k="lanes" v="2"/>
    <tag k="layer" v="1"/>
    <tag k="maxweight:signed" v="no"/>
    <tag k="name" v="Avenida das Nações Unidas"/>
    <tag k="name:etymology:wikidata" v="Q1065"/>
    <tag k="oneway" v="yes"/>
    <tag k="source:description" v="dadosabertos.cm-lisboa.pt"/>
    <tag k="source:pkey" v="606"/>
    <tag k="start_date" v="1989-11-24"/>
    <tag k="surface" v="asphalt"/>
    <tag k="website" v="https://revelar.lisboa.pt/explorar/toponimia/detalhe?tx_toponimia_pi1%5Baction%5D=show&amp;tx_toponimia_pi1%5Bcontroller%5D=Toponimia&amp;tx_toponimia_pi1%5Btopid%5D=606"/>
  </way>
  <way id="404294033" version="6" timestamp="2024-11-04T19:49:13Z" changeset="158754896" uid="3445540" user="powerslave00">
    <nd ref="1301617701"/>
    <nd ref="2753376862"/>
    <nd ref="82779910"/>
    <tag k="bicycle" v="no"/>
    <tag k="change:lanes" v="yes|not_right|not_left"/>
    <tag k="foot" v="no"/>
    <tag k="highway" v="trunk"/>
    <tag k="horse" v="no"/>
    <tag k="lanes" v="3"/>
    <tag k="name" v="Eixo Norte-Sul"/>
    <tag k="oneway" v="yes"/>
    <tag k="ref" v="IP 7"/>
    <tag k="surface" v="asphalt"/>
  </way>
  <way id="415174904" version="7" timestamp="2017-11-01T10:28:47Z" changeset="53419692" uid="5423179" user="Schienennagelhammerträger">
    <nd ref="259288565"/>
    <nd ref="4162331750"/>
    <nd ref="4162331751"/>
    <nd ref="409747649"/>
    <tag k="foot" v="use_sidepath"/>
    <tag k="highway" v="cycleway"/>
    <tag k="lit" v="no"/>
    <tag k="surface" v="paved"/>
    <tag k="width" v="2"/>
  </way>
  <way id="427921683" version="1" timestamp="2016-06-29T01:50:21Z" changeset="40356349" uid="47097" user="Josef K">
    <nd ref="4270870560"/>
    <nd ref="4270870555"/>
    <nd ref="4270870554"/>
    <nd ref="259102688"/>
    <tag k="footway" v="crossing"/>
    <tag k="highway" v="footway"/>
  </way>
  <way id="427932956" version="1" timestamp="2016-06-29T04:13:31Z" changeset="40357254" uid="47097" user="Josef K">
    <nd ref="4270956973"/>
    <nd ref="4270956948"/>
    <nd ref="4270956929"/>
    <tag k="barrier" v="wall"/>
  </way>
  <way id="427932957" version="5" timestamp="2026-04-08T08:44:25Z" changeset="181036708" uid="2644617" user="Jimiiee">
    <nd ref="4270956968"/>
    <nd ref="4270956988"/>
    <nd ref="4270956989"/>
    <nd ref="4270956991"/>
    <nd ref="4270956984"/>
    <nd ref="4270956968"/>
    <tag k="leisure" v="pitch"/>
    <tag k="lit" v="yes"/>
    <tag k="sport" v="soccer"/>
    <tag k="surface" v="artificial_turf"/>
  </way>
  <way id="427932958" version="2" timestamp="2017-09-22T04:53:40Z" changeset="52263224" uid="350918" user="JPF_pt">
    <nd ref="4270956929"/>
    <nd ref="5121165273"/>
    <nd ref="5121165272"/>
    <nd ref="4270956889"/>
    <nd ref="4270956886"/>
    <nd ref="4270956882"/>
    <nd ref="4270956881"/>
    <tag k="barrier" v="fence"/>
    <tag k="fence_type" v="metal"/>
  </way>
  <way id="427932959" version="6" timestamp="2026-04-08T08:44:25Z" changeset="181036708" uid="2644617" user="Jimiiee">
    <nd ref="4270956982"/>
    <nd ref="4270956988"/>
    <nd ref="4270956989"/>
    <nd ref="4270956991"/>
    <nd ref="7042299193"/>
    <nd ref="13715708601"/>
    <nd ref="4270956992"/>
    <nd ref="7042299196"/>
    <nd ref="4270956986"/>
    <nd ref="4270956951"/>
    <nd ref="4270956898"/>
    <nd ref="4270956892"/>
    <nd ref="1929583963"/>
    <nd ref="4270956884"/>
    <nd ref="13715708605"/>
    <nd ref="4270956880"/>
    <nd ref="4270956881"/>
    <nd ref="4270956882"/>
    <nd ref="4270956886"/>
    <nd ref="4270956889"/>
    <nd ref="5121165272"/>
    <nd ref="5121165273"/>
    <nd ref="4270956929"/>
    <nd ref="4270956948"/>
    <nd ref="4270956973"/>
    <nd ref="4270956981"/>
    <nd ref="4270956982"/>
    <tag k="access" v="private"/>
    <tag k="addr:city" v="Lisboa"/>
    <tag k="addr:housenumber" v="28"/>
    <tag k="addr:postcode" v="1600-414"/>
    <tag k="addr:street" v="Rua Armindo Rodrigues"/>
    <tag k="amenity" v="school"/>
    <tag k="barrier" v="fence"/>
    <tag k="contact:email" v="secretaria@colegioplanalto.pt;colegiosfomento@colegioplanalto.pt;antonioleitao@colegioplanalto.pt"/>
    <tag k="contact:fax" v="+351 217541515"/>
    <tag k="contact:phone" v="+351 21 754 15 30"/>
    <tag k="contact:website" v="http://www.colegioplanalto.pt/"/>
    <tag k="grades" v="3-17"/>
    <tag k="name" v="Colégio Planalto"/>
    <tag k="operator" v="Colégios Fomento"/>
    <tag k="operator:type" v="private"/>
    <tag k="ref" v="504580"/>
    <tag k="ref:aeep" v="1121"/>
    <tag k="ref:qzp" v="QZP.45"/>
  </way>
  <way id="427932960" version="4" timestamp="2026-04-08T08:44:25Z" changeset="181036708" uid="2644617" user="Jimiiee">
    <nd ref="4270956951"/>
    <nd ref="4270956946"/>
    <nd ref="4270956960"/>
    <nd ref="4270956957"/>
    <nd ref="4270956953"/>
    <nd ref="4270956963"/>
    <nd ref="4270956961"/>
    <nd ref="4270956971"/>
    <nd ref="4270956974"/>
    <nd ref="4270956978"/>
    <nd ref="4270956986"/>
    <nd ref="4270956951"/>
    <tag k="building" v="college"/>
    <tag k="nohousenumber" v="yes"/>
  </way>
  <way id="427932961" version="2" timestamp="2023-07-01T10:55:33Z" changeset="137987685" uid="19736714" user="tomasrm22">
    <nd ref="4270956912"/>
    <nd ref="4270956922"/>
    <nd ref="4270956920"/>
    <nd ref="4270956926"/>
    <nd ref="4270956916"/>
    <nd ref="4270956905"/>
    <nd ref="4270956907"/>
    <nd ref="4270956893"/>
    <nd ref="4270956899"/>
    <nd ref="4270956901"/>
    <nd ref="4270956903"/>
    <nd ref="4270956902"/>
    <nd ref="4270956912"/>
    <tag k="building" v="school"/>
    <tag k="nohousenumber" v="yes"/>
  </way>
  <way id="427932962" version="2" timestamp="2023-07-01T10:55:53Z" changeset="137987685" uid="19736714" user="tomasrm22">
    <nd ref="4270956931"/>
    <nd ref="4270956950"/>
    <nd ref="4270956959"/>
    <nd ref="4270956955"/>
    <nd ref="4270956964"/>
    <nd ref="4270956967"/>
    <nd ref="4270956969"/>
    <nd ref="4270956970"/>
    <nd ref="4270956976"/>
    <nd ref="4270956965"/>
    <nd ref="4270956962"/>
    <nd ref="4270956958"/>
    <nd ref="4270956949"/>
    <nd ref="4270956944"/>
    <nd ref="4270956932"/>
    <nd ref="4270956937"/>
    <nd ref="4270956931"/>
    <tag k="building" v="school"/>
    <tag k="nohousenumber" v="yes"/>
  </way>
  <way id="427932963" version="1" timestamp="2016-06-29T04:13:31Z" changeset="40357254" uid="47097" user="Josef K">
    <nd ref="4270956941"/>
    <nd ref="4270956943"/>
    <nd ref="4270956945"/>
    <nd ref="4270956947"/>
    <nd ref="4270956923"/>
    <nd ref="4270956961"/>
    <nd ref="4270956963"/>
    <nd ref="4270956953"/>
    <nd ref="4270956928"/>
    <nd ref="4270956917"/>
    <nd ref="4270956936"/>
    <nd ref="4270956938"/>
    <nd ref="4270956940"/>
    <nd ref="4270956933"/>
    <nd ref="4270956911"/>
    <nd ref="4270956909"/>
    <nd ref="4270956904"/>
    <nd ref="4270956895"/>
    <nd ref="4270956900"/>
    <nd ref="4270956910"/>
    <nd ref="4270956915"/>
    <nd ref="4270956925"/>
    <nd ref="4270956919"/>
    <nd ref="4270956941"/>
    <tag k="building" v="roof"/>
  </way>
  <way id="427932964" version="2" timestamp="2023-07-01T10:55:48Z" changeset="137987685" uid="19736714" user="tomasrm22">
    <nd ref="4270956890"/>
    <nd ref="4270956908"/>
    <nd ref="4270956918"/>
    <nd ref="4270956894"/>
    <nd ref="4270956890"/>
    <tag k="building" v="school"/>
    <tag k="nohousenumber" v="yes"/>
  </way>
  <way id="427932965" version="2" timestamp="2024-11-02T14:08:25Z" changeset="158660349" uid="16603393" user="Dilxe">
    <nd ref="4270956940"/>
    <nd ref="4270956957"/>
    <nd ref="4270956953"/>
    <nd ref="4270956936"/>
    <nd ref="4270956938"/>
    <nd ref="4270956940"/>
    <tag k="building" v="roof"/>
    <tag k="layer" v="1"/>
  </way>
  <way id="427932966" version="3" timestamp="2024-03-21T12:34:30Z" changeset="148961063" uid="19736714" user="tomasrm22">
    <nd ref="4270956894"/>
    <nd ref="4270956896"/>
    <nd ref="4270956891"/>
    <nd ref="4270956883"/>
    <nd ref="4270956890"/>
    <nd ref="4270956894"/>
    <tag k="building" v="school"/>
    <tag k="building:levels" v="3"/>
    <tag k="nohousenumber" v="yes"/>
    <tag k="roof:levels" v="2"/>
  </way>
  <way id="427932967" version="2" timestamp="2023-07-01T11:02:48Z" changeset="137987672" uid="19736714" user="tomasrm22">
    <nd ref="4270956973"/>
    <nd ref="4270956981"/>
    <nd ref="4270956983"/>
    <nd ref="4270956979"/>
    <nd ref="4270956980"/>
    <nd ref="4270956975"/>
    <nd ref="4270956973"/>
    <tag k="building" v="guardhouse"/>
  </way>
  <way id="427932968" version="1" timestamp="2016-06-29T04:13:31Z" changeset="40357254" uid="47097" user="Josef K">
    <nd ref="4270956930"/>
    <nd ref="4270956913"/>
    <tag k="access" v="private"/>
    <tag k="highway" v="footway"/>
  </way>
  <way id="427932969" version="1" timestamp="2016-06-29T04:13:31Z" changeset="40357254" uid="47097" user="Josef K">
    <nd ref="4270956942"/>
    <nd ref="4270956945"/>
    <nd ref="4270956966"/>
    <tag k="access" v="private"/>
    <tag k="highway" v="footway"/>
  </way>
  <way id="427932970" version="1" timestamp="2016-06-29T04:13:31Z" changeset="40357254" uid="47097" user="Josef K">
    <nd ref="4270956972"/>
    <nd ref="4270956977"/>
    <nd ref="4270956987"/>
    <tag k="access" v="private"/>
    <tag k="highway" v="service"/>
    <tag k="service" v="driveway"/>
  </way>
  <way id="427932971" version="1" timestamp="2016-06-29T04:13:31Z" changeset="40357254" uid="47097" user="Josef K">
    <nd ref="4270956913"/>
    <nd ref="4270956906"/>
    <nd ref="4270956897"/>
    <tag k="access" v="private"/>
    <tag k="highway" v="footway"/>
  </way>
  <way id="427932972" version="1" timestamp="2016-06-29T04:13:32Z" changeset="40357254" uid="47097" user="Josef K">
    <nd ref="4270956914"/>
    <nd ref="4270956911"/>
    <nd ref="4270956887"/>
    <tag k="access" v="private"/>
    <tag k="highway" v="footway"/>
  </way>
  <way id="427932973" version="1" timestamp="2016-06-29T04:13:32Z" changeset="40357254" uid="47097" user="Josef K">
    <nd ref="4270956913"/>
    <nd ref="4270956914"/>
    <nd ref="4270956934"/>
    <nd ref="4270956938"/>
    <nd ref="4270956952"/>
    <tag k="access" v="private"/>
    <tag k="highway" v="footway"/>
  </way>
  <way id="427932974" version="1" timestamp="2016-06-29T04:13:32Z" changeset="40357254" uid="47097" user="Josef K">
    <nd ref="4270956935"/>
    <nd ref="4270956927"/>
    <nd ref="4270956941"/>
    <nd ref="4270956942"/>
    <nd ref="4270956921"/>
    <nd ref="4270956930"/>
    <nd ref="4270956956"/>
    <tag k="access" v="private"/>
    <tag k="highway" v="footway"/>
  </way>
  <way id="427932975" version="1" timestamp="2016-06-29T04:13:32Z" changeset="40357254" uid="47097" user="Josef K">
    <nd ref="4270956985"/>
    <nd ref="4270956972"/>
    <nd ref="4270956966"/>
    <nd ref="4270956939"/>
    <nd ref="4270956935"/>
    <nd ref="4270956924"/>
    <nd ref="4270956888"/>
    <nd ref="4270956885"/>
    <tag k="access" v="private"/>
    <tag k="highway" v="service"/>
    <tag k="service" v="driveway"/>
  </way>
  <way id="427935101" version="1" timestamp="2016-06-29T04:59:01Z" changeset="40357615" uid="47097" user="Josef K">
    <nd ref="4271011489"/>
    <nd ref="4271011496"/>
    <nd ref="4271011498"/>
    <nd ref="4271011492"/>
    <nd ref="4271011388"/>
    <nd ref="4271011375"/>
    <nd ref="4271011362"/>
    <nd ref="4271011353"/>
    <nd ref="4271011348"/>
    <nd ref="4271011357"/>
    <nd ref="4271011352"/>
    <nd ref="4271011363"/>
    <nd ref="4271011365"/>
    <nd ref="4271011374"/>
    <nd ref="4271011376"/>
    <nd ref="4271011380"/>
    <nd ref="4271011384"/>
    <nd ref="4271011489"/>
  </way>
  <way id="427935103" version="1" timestamp="2016-06-29T04:59:01Z" changeset="40357615" uid="47097" user="Josef K">
    <nd ref="4271011387"/>
    <nd ref="4271011495"/>
    <nd ref="4271011381"/>
    <nd ref="4271011372"/>
    <nd ref="4271011387"/>
  </way>
  <way id="427935105" version="13" timestamp="2025-07-19T15:49:28Z" changeset="169158961" uid="284757" user="mikedld">
    <nd ref="4271011531"/>
    <nd ref="3690792186"/>
    <nd ref="4271011535"/>
    <nd ref="4271011551"/>
    <nd ref="7042299192"/>
    <nd ref="4271011529"/>
    <nd ref="7042299195"/>
    <nd ref="4271011513"/>
    <nd ref="4271011517"/>
    <nd ref="4271011515"/>
    <nd ref="4271011531"/>
    <tag k="addr:city" v="Lisboa"/>
    <tag k="addr:housenumber" v="20"/>
    <tag k="addr:postcode" v="1600-414"/>
    <tag k="addr:street" v="Rua Frederico George"/>
    <tag k="branch" v="Telheiras"/>
    <tag k="brand" v="Aldi"/>
    <tag k="brand:wikidata" v="Q41171373"/>
    <tag k="brand:wikipedia" v="pt:Aldi"/>
    <tag k="building" v="yes"/>
    <tag k="contact:email" v="portugal@aldi.pt"/>
    <tag k="contact:facebook" v="AldiSupermercados.pt"/>
    <tag k="contact:instagram" v="aldi.portugal"/>
    <tag k="contact:linkedin" v="https://linkedin.com/company/aldi-portugal"/>
    <tag k="contact:youtube" v="https://www.youtube.com/@aldi.portugal"/>
    <tag k="name" v="Aldi"/>
    <tag k="opening_hours" v="PH,Mo-Su 08:00-21:00"/>
    <tag k="ref" v="PT001054"/>
    <tag k="shop" v="supermarket"/>
    <tag k="source:contact" v="website"/>
    <tag k="website" v="https://www.aldi.pt/tools/lojas-e-horarios-de-funcionamento.html/l/lisboa/rua-frederico-george-20/3591918"/>
  </way>
  <way id="427935106" version="7" timestamp="2025-10-06T23:23:10Z" changeset="172936554" uid="11062493" user="kcpels">
    <nd ref="259288705"/>
    <nd ref="4271011506"/>
    <tag k="description" v="Toponímia: Apóstolo da Caridade - 1859 - 1948. Início: Avenida General Norton de Matos. Fim: Rua do Alqueidão."/>
    <tag k="foot" v="no"/>
    <tag k="highway" v="trunk"/>
    <tag k="lanes" v="4"/>
    <tag k="lit" v="yes"/>
    <tag k="maxspeed" v="50"/>
    <tag k="motor_vehicle:lanes" v="yes|yes|yes|no"/>
    <tag k="name" v="Avenida Padre Cruz"/>
    <tag k="old_name" v="Avenida Paulo VI"/>
    <tag k="oneway" v="yes"/>
    <tag k="psv:lanes" v="yes|yes|yes|designated"/>
    <tag k="source:description" v="dadosabertos.cm-lisboa.pt"/>
    <tag k="source:pkey" v="721"/>
    <tag k="start_date" v="1974-03-13"/>
    <tag k="surface" v="asphalt"/>
    <tag k="website" v="https://revelar.lisboa.pt/explorar/toponimia/detalhe?tx_toponimia_pi1%5Baction%5D=show&amp;tx_toponimia_pi1%5Bcontroller%5D=Toponimia&amp;tx_toponimia_pi1%5Btopid%5D=721"/>
  </way>
  <way id="427935107" version="8" timestamp="2025-10-06T23:23:10Z" changeset="172936554" uid="11062493" user="kcpels">
    <nd ref="4271011559"/>
    <nd ref="10882013448"/>
    <nd ref="259288705"/>
    <tag k="description" v="Toponímia: Apóstolo da Caridade - 1859 - 1948. Início: Avenida General Norton de Matos. Fim: Rua do Alqueidão."/>
    <tag k="foot" v="no"/>
    <tag k="highway" v="trunk"/>
    <tag k="lanes" v="5"/>
    <tag k="lit" v="yes"/>
    <tag k="maxspeed" v="50"/>
    <tag k="motor_vehicle:lanes" v="yes|yes|yes|no|yes"/>
    <tag k="name" v="Avenida Padre Cruz"/>
    <tag k="old_name" v="Avenida Paulo VI"/>
    <tag k="oneway" v="yes"/>
    <tag k="placement" v="right_of:2"/>
    <tag k="psv:lanes" v="yes|yes|yes|designated|yes"/>
    <tag k="source:description" v="dadosabertos.cm-lisboa.pt"/>
    <tag k="source:pkey" v="721"/>
    <tag k="start_date" v="1974-03-13"/>
    <tag k="surface" v="asphalt"/>
    <tag k="website" v="https://revelar.lisboa.pt/explorar/toponimia/detalhe?tx_toponimia_pi1%5Baction%5D=show&amp;tx_toponimia_pi1%5Bcontroller%5D=Toponimia&amp;tx_toponimia_pi1%5Btopid%5D=721"/>
  </way>
  <way id="427935109" version="6" timestamp="2025-10-06T23:23:10Z" changeset="172936554" uid="11062493" user="kcpels">
    <nd ref="259103234"/>
    <nd ref="3653656818"/>
    <nd ref="410695230"/>
    <tag k="description" v="Toponímia: Apóstolo da Caridade - 1859 - 1948. Início: Avenida General Norton de Matos. Fim: Rua do Alqueidão."/>
    <tag k="foot" v="no"/>
    <tag k="highway" v="trunk"/>
    <tag k="lanes" v="4"/>
    <tag k="maxspeed" v="50"/>
    <tag k="motor_vehicle:lanes" v="yes|yes|yes|no"/>
    <tag k="name" v="Avenida Padre Cruz"/>
    <tag k="old_name" v="Avenida Paulo VI"/>
    <tag k="oneway" v="yes"/>
    <tag k="psv:lanes" v="yes|yes|yes|designated"/>
    <tag k="source:description" v="dadosabertos.cm-lisboa.pt"/>
    <tag k="source:pkey" v="721"/>
    <tag k="start_date" v="1974-03-13"/>
    <tag k="surface" v="asphalt"/>
    <tag k="website" v="https://revelar.lisboa.pt/explorar/toponimia/detalhe?tx_toponimia_pi1%5Baction%5D=show&amp;tx_toponimia_pi1%5Bcontroller%5D=Toponimia&amp;tx_toponimia_pi1%5Btopid%5D=721"/>
  </way>
  <way id="427935110" version="6" timestamp="2025-10-06T23:23:10Z" changeset="172936554" uid="11062493" user="kcpels">
    <nd ref="4271011506"/>
    <nd ref="4271011499"/>
    <nd ref="259103234"/>
    <tag k="description" v="Toponímia: Apóstolo da Caridade - 1859 - 1948. Início: Avenida General Norton de Matos. Fim: Rua do Alqueidão."/>
    <tag k="foot" v="no"/>
    <tag k="highway" v="trunk"/>
    <tag k="lanes" v="6"/>
    <tag k="maxspeed" v="50"/>
    <tag k="motor_vehicle:lanes" v="yes|yes|yes|yes|no|yes"/>
    <tag k="name" v="Avenida Padre Cruz"/>
    <tag k="old_name" v="Avenida Paulo VI"/>
    <tag k="oneway" v="yes"/>
    <tag k="placement" v="right_of:3"/>
    <tag k="psv:lanes" v="yes|yes|yes|yes|designated|yes"/>
    <tag k="source:description" v="dadosabertos.cm-lisboa.pt"/>
    <tag k="source:pkey" v="721"/>
    <tag k="start_date" v="1974-03-13"/>
    <tag k="surface" v="asphalt"/>
    <tag k="turn:lanes" v="left|through|through|through|none|right"/>
    <tag k="website" v="https://revelar.lisboa.pt/explorar/toponimia/detalhe?tx_toponimia_pi1%5Baction%5D=show&amp;tx_toponimia_pi1%5Bcontroller%5D=Toponimia&amp;tx_toponimia_pi1%5Btopid%5D=721"/>
  </way>
  <way id="427935111" version="7" timestamp="2025-10-06T23:23:10Z" changeset="172936554" uid="11062493" user="kcpels">
    <nd ref="4053751939"/>
    <nd ref="430435426"/>
    <nd ref="245930182"/>
    <nd ref="4271011559"/>
    <tag k="description" v="Toponímia: Apóstolo da Caridade - 1859 - 1948. Início: Avenida General Norton de Matos. Fim: Rua do Alqueidão."/>
    <tag k="foot" v="no"/>
    <tag k="highway" v="trunk"/>
    <tag k="lanes" v="4"/>
    <tag k="lit" v="yes"/>
    <tag k="maxspeed" v="50"/>
    <tag k="motor_vehicle:lanes" v="yes|yes|yes|no"/>
    <tag k="name" v="Avenida Padre Cruz"/>
    <tag k="old_name" v="Avenida Paulo VI"/>
    <tag k="oneway" v="yes"/>
    <tag k="psv:lanes" v="yes|yes|yes|designated"/>
    <tag k="source:description" v="dadosabertos.cm-lisboa.pt"/>
    <tag k="source:pkey" v="721"/>
    <tag k="start_date" v="1974-03-13"/>
    <tag k="surface" v="asphalt"/>
    <tag k="website" v="https://revelar.lisboa.pt/explorar/toponimia/detalhe?tx_toponimia_pi1%5Baction%5D=show&amp;tx_toponimia_pi1%5Bcontroller%5D=Toponimia&amp;tx_toponimia_pi1%5Btopid%5D=721"/>
  </way>
  <way id="427935115" version="5" timestamp="2024-04-25T13:08:55Z" changeset="150496116" uid="20972402" user="DanielAgos">
    <nd ref="3936256624"/>
    <nd ref="4271011359"/>
    <nd ref="4271011373"/>
    <nd ref="1929583962"/>
    <nd ref="4271011491"/>
    <nd ref="4271011346"/>
    <nd ref="3936256624"/>
    <tag k="addr:city" v="Lisboa"/>
    <tag k="addr:country" v="PT"/>
    <tag k="addr:housenumber" v="31"/>
    <tag k="addr:postcode" v="1600-817"/>
    <tag k="addr:street" v="Rua Abel Salazar"/>
    <tag k="amenity" v="school"/>
    <tag k="email" v="aet.cexecutivo@mail.telepac.pt;eb1ji.lumiar@escolas.min-edu.pt"/>
    <tag k="grades" v="3-9"/>
    <tag k="name" v="Escola Básica do Lumiar"/>
    <tag k="note" v="Agrupamento: Vergílio Ferreira"/>
    <tag k="operator" v="Agrupamento de Escolas Vergílio Ferreira, Lisboa"/>
    <tag k="operator:ref" v="171098"/>
    <tag k="operator:type" v="public"/>
    <tag k="ownership" v="municipal"/>
    <tag k="phone" v="+351 217 581 945"/>
    <tag k="ref" v="287880"/>
    <tag k="ref:qzp" v="QZP.45"/>
    <tag k="short_name" v="EB 1 Lumiar"/>
    <tag k="source" v="Ministério da Educação"/>
  </way>
  <way id="427935116" version="3" timestamp="2026-04-08T08:44:25Z" changeset="181036708" uid="2644617" user="Jimiiee">
    <nd ref="4271011599"/>
    <nd ref="13715660865"/>
    <nd ref="4271011612"/>
    <nd ref="13715660866"/>
    <nd ref="13715660867"/>
    <nd ref="13715660868"/>
    <nd ref="13715660869"/>
    <nd ref="13715660870"/>
    <nd ref="4271011611"/>
    <nd ref="5389859840"/>
    <nd ref="5389859839"/>
    <nd ref="4271011561"/>
    <nd ref="13715660891"/>
    <nd ref="4271011599"/>
    <tag k="landuse" v="commercial"/>
    <tag k="name" v="Natura Towers"/>
  </way>
  <way id="427935117" version="1" timestamp="2016-06-29T04:59:03Z" changeset="40357615" uid="47097" user="Josef K">
    <nd ref="4271011600"/>
    <nd ref="4271011597"/>
    <nd ref="4271011604"/>
    <nd ref="4271011607"/>
    <nd ref="4271011606"/>
    <nd ref="4271011608"/>
    <nd ref="4271011609"/>
    <nd ref="4271011318"/>
    <nd ref="4271011610"/>
    <nd ref="4271011605"/>
    <nd ref="4271011325"/>
    <nd ref="4271011602"/>
    <nd ref="4271011603"/>
    <nd ref="4271011601"/>
    <nd ref="4271011600"/>
    <tag k="building" v="office"/>
    <tag k="building:levels" v="9"/>
    <tag k="name" v="Torre MSF"/>
  </way>
  <way id="427935118" version="1" timestamp="2016-06-29T04:59:03Z" changeset="40357615" uid="47097" user="Josef K">
    <nd ref="4271011591"/>
    <nd ref="4271011594"/>
    <nd ref="4271011581"/>
    <nd ref="4271011328"/>
    <nd ref="4271011576"/>
    <nd ref="4271011580"/>
    <nd ref="4271011578"/>
    <nd ref="4271011577"/>
    <nd ref="4271011315"/>
    <nd ref="4271011573"/>
    <nd ref="4271011327"/>
    <nd ref="4271011588"/>
    <nd ref="4271011592"/>
    <nd ref="4271011589"/>
    <nd ref="4271011590"/>
    <nd ref="4271011591"/>
    <tag k="building" v="office"/>
    <tag k="building:levels" v="9"/>
    <tag k="name" v="Torre Sul"/>
  </way>
  <way id="427935119" version="1" timestamp="2016-06-29T04:59:03Z" changeset="40357615" uid="47097" user="Josef K">
    <nd ref="4271011527"/>
    <nd ref="4271011514"/>
    <nd ref="4271011511"/>
    <nd ref="4271011522"/>
    <nd ref="4271011527"/>
    <tag k="building" v="apartments"/>
  </way>
  <way id="427935120" version="2" timestamp="2026-04-08T08:44:25Z" changeset="181036708" uid="2644617" user="Jimiiee">
    <nd ref="4271011364"/>
    <nd ref="4271011360"/>
    <nd ref="4271011371"/>
    <nd ref="4271011377"/>
    <nd ref="4271011364"/>
    <tag k="leisure" v="pitch"/>
  </way>
  <way id="427935121" version="2" timestamp="2026-04-08T08:44:25Z" changeset="181036708" uid="2644617" user="Jimiiee">
    <nd ref="4271011377"/>
    <nd ref="4271011385"/>
    <nd ref="4271011368"/>
    <nd ref="4271011364"/>
    <nd ref="4271011377"/>
    <tag k="leisure" v="pitch"/>
  </way>
  <way id="427935122" version="2" timestamp="2026-04-08T08:44:25Z" changeset="181036708" uid="2644617" user="Jimiiee">
    <nd ref="4271011360"/>
    <nd ref="4271011358"/>
    <nd ref="4271011367"/>
    <nd ref="4271011371"/>
    <nd ref="4271011360"/>
    <tag k="leisure" v="pitch"/>
  </way>
  <way id="427935123" version="1" timestamp="2016-06-29T04:59:03Z" changeset="40357615" uid="47097" user="Josef K">
    <nd ref="4271011522"/>
    <nd ref="4271011537"/>
    <nd ref="4271011543"/>
    <nd ref="4271011527"/>
    <nd ref="4271011522"/>
    <tag k="building" v="apartments"/>
  </way>
  <way id="427935124" version="2" timestamp="2026-04-08T08:44:25Z" changeset="181036708" uid="2644617" user="Jimiiee">
    <nd ref="4271011500"/>
    <nd ref="4271011498"/>
    <nd ref="4271011496"/>
    <nd ref="4271011378"/>
    <nd ref="13715708684"/>
    <nd ref="4271011493"/>
    <nd ref="4271011500"/>
    <tag k="building" v="school"/>
  </way>
  <way id="427935125" version="1" timestamp="2016-06-29T04:59:03Z" changeset="40357615" uid="47097" user="Josef K">
    <nd ref="4271011579"/>
    <nd ref="4271011322"/>
    <nd ref="4271011564"/>
    <nd ref="4271011560"/>
    <nd ref="4271011329"/>
    <nd ref="4271011572"/>
    <nd ref="4271011579"/>
    <tag k="building" v="apartments"/>
  </way>
  <way id="427935126" version="1" timestamp="2016-06-29T04:59:03Z" changeset="40357615" uid="47097" user="Josef K">
    <nd ref="4271011564"/>
    <nd ref="4271011323"/>
    <nd ref="4271011554"/>
    <nd ref="4271011552"/>
    <nd ref="4271011330"/>
    <nd ref="4271011560"/>
    <nd ref="4271011564"/>
    <tag k="building" v="apartments"/>
  </way>
  <way id="427935127" version="1" timestamp="2016-06-29T04:59:03Z" changeset="40357615" uid="47097" user="Josef K">
    <nd ref="4271011554"/>
    <nd ref="4271011324"/>
    <nd ref="4271011541"/>
    <nd ref="4271011534"/>
    <nd ref="4271011533"/>
    <nd ref="4271011331"/>
    <nd ref="4271011552"/>
    <nd ref="4271011554"/>
    <tag k="building" v="apartments"/>
  </way>
  <way id="427935128" version="1" timestamp="2016-06-29T04:59:03Z" changeset="40357615" uid="47097" user="Josef K">
    <nd ref="4271011572"/>
    <nd ref="4271011320"/>
    <nd ref="4271011585"/>
    <nd ref="4271011587"/>
    <nd ref="4271011593"/>
    <nd ref="4271011321"/>
    <nd ref="4271011579"/>
    <nd ref="4271011572"/>
    <tag k="building" v="apartments"/>
  </way>
  <way id="427935129" version="1" timestamp="2016-06-29T04:59:03Z" changeset="40357615" uid="47097" user="Josef K">
    <nd ref="4271011521"/>
    <nd ref="4271011526"/>
    <nd ref="4271011317"/>
    <nd ref="4271011533"/>
    <nd ref="4271011534"/>
    <nd ref="4271011528"/>
    <nd ref="4271011326"/>
    <nd ref="4271011521"/>
    <tag k="building" v="apartments"/>
  </way>
  <way id="427935130" version="1" timestamp="2016-06-29T04:59:03Z" changeset="40357615" uid="47097" user="Josef K">
    <nd ref="4271011586"/>
    <nd ref="4271011319"/>
    <nd ref="4271011596"/>
    <nd ref="4271011587"/>
    <nd ref="4271011585"/>
    <nd ref="4271011316"/>
    <nd ref="4271011582"/>
    <nd ref="4271011586"/>
    <tag k="building" v="apartments"/>
  </way>
  <way id="427935131" version="1" timestamp="2016-06-29T04:59:03Z" changeset="40357615" uid="47097" user="Josef K">
    <nd ref="4271011567"/>
    <nd ref="4271011571"/>
    <nd ref="4271011548"/>
    <nd ref="4271011545"/>
    <nd ref="4271011567"/>
    <tag k="landuse" v="grass"/>
  </way>
  <way id="427935133" version="1" timestamp="2016-06-29T04:59:04Z" changeset="40357615" uid="47097" user="Josef K">
    <nd ref="4271011553"/>
    <nd ref="4271011556"/>
    <tag k="highway" v="service"/>
  </way>
  <way id="427935134" version="1" timestamp="2016-06-29T04:59:04Z" changeset="40357615" uid="47097" user="Josef K">
    <nd ref="259288151"/>
    <nd ref="4270956985"/>
    <tag k="highway" v="service"/>
    <tag k="service" v="driveway"/>
  </way>
  <way id="427935139" version="1" timestamp="2016-06-29T04:59:04Z" changeset="40357615" uid="47097" user="Josef K">
    <nd ref="4270956987"/>
    <nd ref="4271011508"/>
    <nd ref="259288151"/>
    <tag k="highway" v="service"/>
    <tag k="service" v="driveway"/>
  </way>
  <way id="427935141" version="2" timestamp="2020-08-31T23:14:41Z" changeset="90213645" uid="8747636" user="Pedro Guerra">
    <nd ref="259288465"/>
    <nd ref="4271011544"/>
    <nd ref="4271011520"/>
    <tag k="highway" v="service"/>
    <tag k="name" v="Impasse B1 à Encosta de Telheiras"/>
    <tag k="source" v="http://lxi.cm-lisboa.pt/lxi/"/>
  </way>
  <way id="427935142" version="3" timestamp="2024-02-01T12:22:54Z" changeset="146943712" uid="176099" user="Cariocecus">
    <nd ref="269276459"/>
    <nd ref="2753379318"/>
    <nd ref="4271011613"/>
    <nd ref="269276460"/>
    <tag k="bicycle" v="no"/>
    <tag k="destination" v="Lisboa;Odivelas;Lumiar"/>
    <tag k="foot" v="no"/>
    <tag k="highway" v="trunk_link"/>
    <tag k="horse" v="no"/>
    <tag k="lanes" v="3"/>
    <tag k="oneway" v="yes"/>
    <tag k="surface" v="asphalt"/>
    <tag k="turn:lanes" v="through|through|right"/>
  </way>
  <way id="427935143" version="2" timestamp="2022-11-15T22:44:13Z" changeset="128962263" uid="1193685" user="DiogoBaptista98">
    <nd ref="4271011574"/>
    <nd ref="4271011569"/>
    <nd ref="10187000295"/>
    <nd ref="4271011553"/>
    <nd ref="4271011524"/>
    <nd ref="1740309876"/>
    <tag k="highway" v="service"/>
    <tag k="service" v="parking_aisle"/>
  </way>
  <way id="427935144" version="3" timestamp="2026-04-08T08:44:25Z" changeset="181036708" uid="2644617" user="Jimiiee">
    <nd ref="4271011520"/>
    <nd ref="4271011518"/>
    <nd ref="4271011512"/>
    <nd ref="4271011509"/>
    <nd ref="4271011510"/>
    <nd ref="4271011520"/>
    <tag k="highway" v="service"/>
    <tag k="name" v="Impasse B1 à Encosta de Telheiras"/>
    <tag k="oneway" v="yes"/>
    <tag k="service" v="parking_aisle"/>
    <tag k="source" v="http://lxi.cm-lisboa.pt/lxi/"/>
  </way>
  <way id="525277188" version="2" timestamp="2023-04-11T10:41:50Z" changeset="134767647" uid="11062493" user="kcpels">
    <nd ref="409747649"/>
    <nd ref="4162331752"/>
    <nd ref="4162331753"/>
    <tag k="bicycle" v="designated"/>
    <tag k="foot" v="designated"/>
    <tag k="highway" v="cycleway"/>
    <tag k="lit" v="yes"/>
    <tag k="motor_vehicle" v="no"/>
    <tag k="surface" v="asphalt"/>
    <tag k="width" v="2"/>
  </way>
  <way id="526649548" version="5" timestamp="2023-10-11T16:28:48Z" changeset="142444321" uid="11062493" user="kcpels">
    <nd ref="259287668"/>
    <nd ref="5121144700"/>
    <nd ref="5121144701"/>
    <nd ref="5121144702"/>
    <tag k="description" v="Toponímia: Jurista 1929 - 1983. Início: Rua Prof. Prado Coelho. Fim: Terras."/>
    <tag k="highway" v="service"/>
    <tag k="name" v="Rua Professor João de Castro Mendes"/>
    <tag k="source" v="dadosabertos.cm-lisboa.pt"/>
    <tag k="source:pkey" v="2843"/>
    <tag k="start_date" v="1990-07-30"/>
    <tag k="website" v="https://revelar.lisboa.pt/explorar/toponimia/detalhe?tx_toponimia_pi1%5Baction%5D=show&amp;tx_toponimia_pi1%5Bcontroller%5D=Toponimia&amp;tx_toponimia_pi1%5Btopid%5D=2843"/>
  </way>
  <way id="526649549" version="9" timestamp="2026-03-31T15:58:26Z" changeset="180680994" uid="2644617" user="Jimiiee">
    <nd ref="5121144703"/>
    <nd ref="5121144704"/>
    <nd ref="5121144705"/>
    <nd ref="5121144706"/>
    <nd ref="13695631591"/>
    <nd ref="13695631582"/>
    <nd ref="5121144707"/>
    <nd ref="5121144708"/>
    <nd ref="5121144709"/>
    <nd ref="5121144710"/>
    <nd ref="5121144711"/>
    <nd ref="5121144712"/>
    <nd ref="5121144713"/>
    <nd ref="5121144714"/>
    <nd ref="5121144715"/>
    <nd ref="5121144716"/>
    <nd ref="5121144703"/>
    <tag k="addr:city" v="Telheiras"/>
    <tag k="addr:postcode" v="1600-468"/>
    <tag k="addr:street" v="Eixo N/S - Alto da Faia - Telheiras"/>
    <tag k="amenity" v="fuel"/>
    <tag k="branch" v="Área de Serviço Telheiras - Eixo Norte-Sul (Sul / Norte)"/>
    <tag k="brand" v="Galp"/>
    <tag k="brand:wikidata" v="Q1492739"/>
    <tag k="brand:wikipedia" v="en:Galp Energia"/>
    <tag k="check_date" v="2025-08-27"/>
    <tag k="ele" v="174.0"/>
    <tag k="fuel:lpg" v="yes"/>
    <tag k="landuse" v="commercial"/>
    <tag k="mapillary" v="4320402921384544"/>
    <tag k="name" v="Galp"/>
    <tag k="opening_hours" v="24/7"/>
    <tag k="operator" v="Galp"/>
    <tag k="source" v="Direção-Geral de Energia e Geologia"/>
    <tag k="source:url" v="https://precoscombustiveis.dgeg.gov.pt/"/>
    <tag k="survey:date" v="2021-06-24"/>
  </way>
  <way id="526649550" version="2" timestamp="2024-11-02T14:08:25Z" changeset="158660349" uid="16603393" user="Dilxe">
    <nd ref="5121144717"/>
    <nd ref="5121144718"/>
    <nd ref="5121144719"/>
    <nd ref="5121144722"/>
    <nd ref="5121144724"/>
    <nd ref="5121144723"/>
    <nd ref="5121144721"/>
    <nd ref="5121144720"/>
    <nd ref="5121144717"/>
    <tag k="building" v="roof"/>
    <tag k="layer" v="1"/>
  </way>
  <way id="526649551" version="2" timestamp="2024-11-02T14:08:25Z" changeset="158660349" uid="16603393" user="Dilxe">
    <nd ref="12307217209"/>
    <nd ref="12307217210"/>
    <nd ref="12307217214"/>
    <nd ref="12307217211"/>
    <nd ref="12307217213"/>
    <nd ref="5121144726"/>
    <nd ref="12307217215"/>
    <nd ref="12307217212"/>
    <nd ref="12307217204"/>
    <nd ref="5121144724"/>
    <nd ref="5121144723"/>
    <nd ref="12307217203"/>
    <nd ref="12307217205"/>
    <nd ref="12307217206"/>
    <nd ref="12307217207"/>
    <nd ref="12307217208"/>
    <nd ref="5121144725"/>
    <nd ref="12307217216"/>
    <nd ref="12307217209"/>
    <tag k="addr:street" v="Eixo Norte-Sul"/>
    <tag k="building" v="commercial"/>
    <tag k="building:levels" v="1"/>
  </way>
  <way id="526649552" version="1" timestamp="2017-09-22T04:35:56Z" changeset="52263008" uid="350918" user="JPF_pt">
    <nd ref="5121144727"/>
    <nd ref="5121144728"/>
    <nd ref="5121144729"/>
    <nd ref="5121144730"/>
    <nd ref="5121144727"/>
    <tag k="building" v="commercial"/>
  </way>
  <way id="526649553" version="2" timestamp="2024-11-02T14:08:25Z" changeset="158660349" uid="16603393" user="Dilxe">
    <nd ref="5121144731"/>
    <nd ref="5121144732"/>
    <nd ref="5121144733"/>
    <nd ref="5121144734"/>
    <nd ref="5121144735"/>
    <nd ref="5121144736"/>
    <nd ref="5121144737"/>
    <nd ref="5121144738"/>
    <nd ref="5121144731"/>
    <tag k="building" v="roof"/>
    <tag k="layer" v="1"/>
  </way>
  <way id="526653548" version="1" timestamp="2017-09-22T04:53:39Z" changeset="52263224" uid="350918" user="JPF_pt">
    <nd ref="5121165242"/>
    <nd ref="5121165243"/>
    <nd ref="5121165244"/>
    <nd ref="5121165245"/>
    <nd ref="5121165246"/>
    <nd ref="5121144715"/>
    <nd ref="5121144714"/>
    <nd ref="5121144713"/>
    <nd ref="5121144712"/>
    <nd ref="5121144711"/>
    <nd ref="5121144710"/>
    <nd ref="5121144709"/>
    <tag k="barrier" v="fence"/>
  </way>
  <way id="526653551" version="1" timestamp="2017-09-22T04:53:39Z" changeset="52263224" uid="350918" user="JPF_pt">
    <nd ref="5121165247"/>
    <nd ref="5121165248"/>
    <nd ref="5121165249"/>
    <nd ref="5121165250"/>
    <nd ref="5121165251"/>
    <nd ref="5121165252"/>
    <nd ref="5121165247"/>
    <tag k="landuse" v="grass"/>
  </way>
  <way id="526933736" version="2" timestamp="2022-11-15T22:44:13Z" changeset="128962263" uid="1193685" user="DiogoBaptista98">
    <nd ref="259288457"/>
    <nd ref="10187000294"/>
    <nd ref="5123475807"/>
    <tag k="highway" v="service"/>
    <tag k="oneway" v="no"/>
    <tag k="service" v="driveway"/>
    <tag k="surface" v="asphalt"/>
  </way>
  <way id="526933738" version="2" timestamp="2022-11-15T22:44:13Z" changeset="128962263" uid="1193685" user="DiogoBaptista98">
    <nd ref="5123475808"/>
    <nd ref="10187000298"/>
    <nd ref="5123475809"/>
    <nd ref="10187000289"/>
    <nd ref="10187000287"/>
    <nd ref="4271011551"/>
    <nd ref="4271011535"/>
    <nd ref="3690792186"/>
    <nd ref="10187000288"/>
    <nd ref="5123475811"/>
    <nd ref="5123475808"/>
    <tag k="access" v="customers"/>
    <tag k="addr:street" v="Rua Frederico George"/>
    <tag k="amenity" v="parking"/>
    <tag k="fee" v="no"/>
    <tag k="park_ride" v="no"/>
    <tag k="parking" v="surface"/>
    <tag k="supervised" v="no"/>
    <tag k="surface" v="asphalt"/>
  </way>
  <way id="526933742" version="1" timestamp="2017-09-23T04:06:47Z" changeset="52293951" uid="350918" user="JPF_pt">
    <nd ref="5123475807"/>
    <nd ref="5123475812"/>
    <nd ref="5123475813"/>
    <nd ref="5123475814"/>
    <nd ref="5123475815"/>
    <nd ref="5123475807"/>
    <tag k="access" v="customers"/>
    <tag k="highway" v="service"/>
    <tag k="oneway" v="no"/>
    <tag k="service" v="parking_aisle"/>
    <tag k="surface" v="asphalt"/>
  </way>
  <way id="527701058" version="2" timestamp="2026-04-09T12:17:25Z" changeset="181094495" uid="2644617" user="Jimiiee">
    <nd ref="5129807890"/>
    <nd ref="5129807891"/>
    <nd ref="13718446508"/>
    <nd ref="5129807892"/>
    <nd ref="5129807893"/>
    <nd ref="5129807894"/>
    <nd ref="5129807895"/>
    <nd ref="5129807896"/>
    <nd ref="5129807890"/>
    <tag k="landuse" v="grass"/>
  </way>
  <way id="527701059" version="2" timestamp="2024-02-05T12:19:55Z" changeset="147091608" uid="176099" user="Cariocecus">
    <nd ref="5129807897"/>
    <nd ref="5129807898"/>
    <nd ref="5129807899"/>
    <nd ref="5129807900"/>
    <tag k="leaf_type" v="mixed"/>
    <tag k="natural" v="tree_row"/>
  </way>
  <way id="527708933" version="4" timestamp="2024-01-30T23:03:44Z" changeset="146882542" uid="11152051" user="RazorWind">
    <nd ref="5201172924"/>
    <nd ref="5201172936"/>
    <nd ref="5129865927"/>
    <nd ref="11571472227"/>
    <nd ref="11571472228"/>
    <nd ref="11571472229"/>
    <nd ref="11571472230"/>
    <nd ref="11571472231"/>
    <nd ref="11571472232"/>
    <nd ref="11571472233"/>
    <nd ref="11571472224"/>
    <tag k="highway" v="footway"/>
    <tag k="lit" v="yes"/>
  </way>
  <way id="528918632" version="2" timestamp="2024-07-14T13:10:58Z" changeset="153930076" uid="20972402" user="DanielAgos">
    <nd ref="5138842930"/>
    <nd ref="5138842931"/>
    <tag k="handrail:right" v="yes"/>
    <tag k="highway" v="steps"/>
    <tag k="incline" v="down"/>
    <tag k="lit" v="yes"/>
    <tag k="step_count" v="22"/>
    <tag k="surface" v="paved"/>
  </way>
  <way id="537033968" version="2" timestamp="2024-01-30T23:03:44Z" changeset="146882542" uid="11152051" user="RazorWind">
    <nd ref="5201170253"/>
    <nd ref="5201170254"/>
    <nd ref="11571472034"/>
    <tag k="footway" v="sidewalk"/>
    <tag k="highway" v="footway"/>
  </way>
  <way id="537033969" version="7" timestamp="2022-02-09T00:44:11Z" changeset="117181264" uid="1193685" user="DiogoBaptista98">
    <nd ref="5201170268"/>
    <nd ref="5201170269"/>
    <nd ref="5201170270"/>
    <nd ref="5201170271"/>
    <nd ref="5201170272"/>
    <nd ref="9079773890"/>
    <nd ref="5201170273"/>
    <nd ref="5201170274"/>
    <nd ref="5201170275"/>
    <nd ref="5201170276"/>
    <nd ref="5201170277"/>
    <nd ref="5201170278"/>
    <nd ref="5201170279"/>
    <nd ref="5201170280"/>
    <nd ref="5201170281"/>
    <nd ref="5201170282"/>
    <nd ref="5201170283"/>
    <nd ref="5201170284"/>
    <nd ref="9258702603"/>
    <nd ref="5201170285"/>
    <nd ref="5201170286"/>
    <nd ref="5201170287"/>
    <nd ref="5201170288"/>
    <nd ref="5201170289"/>
    <nd ref="9491112210"/>
    <nd ref="5201170290"/>
    <nd ref="5201172987"/>
    <nd ref="5201170291"/>
    <nd ref="7246206837"/>
    <nd ref="5201170292"/>
    <nd ref="5201170293"/>
    <nd ref="5201170294"/>
    <nd ref="9491112199"/>
    <nd ref="5201170295"/>
    <nd ref="5201170296"/>
    <nd ref="5201170297"/>
    <nd ref="5201170298"/>
    <nd ref="5201170299"/>
    <tag k="footway" v="sidewalk"/>
    <tag k="highway" v="footway"/>
    <tag k="lit" v="yes"/>
    <tag k="surface" v="sett"/>
  </way>
  <way id="537033970" version="7" timestamp="2022-01-20T15:15:58Z" changeset="116389877" uid="14899633" user="Hoanui">
    <nd ref="5201170300"/>
    <nd ref="5201170301"/>
    <tag k="handrail" v="no"/>
    <tag k="highway" v="steps"/>
    <tag k="incline" v="up"/>
    <tag k="ramp" v="yes"/>
    <tag k="ramp:stroller" v="yes"/>
    <tag k="surface" v="sett"/>
  </way>
  <way id="537033971" version="6" timestamp="2024-01-30T23:03:44Z" changeset="146882542" uid="11152051" user="RazorWind">
    <nd ref="5201170307"/>
    <nd ref="7246184934"/>
    <nd ref="7246184933"/>
    <nd ref="5201172938"/>
    <nd ref="7246184932"/>
    <nd ref="5201172939"/>
    <nd ref="5201172937"/>
    <nd ref="5201172940"/>
    <nd ref="5201170308"/>
    <nd ref="5201170309"/>
    <nd ref="5201170310"/>
    <nd ref="10816811975"/>
    <nd ref="5201170311"/>
    <nd ref="5201170312"/>
    <nd ref="10816811970"/>
    <nd ref="7246184935"/>
    <nd ref="10816811961"/>
    <nd ref="5201170313"/>
    <nd ref="5201170314"/>
    <nd ref="5201170315"/>
    <nd ref="5201170316"/>
    <nd ref="5201170317"/>
    <nd ref="5201172924"/>
    <nd ref="5201170318"/>
    <nd ref="5201170319"/>
    <nd ref="5201170320"/>
    <nd ref="5201170253"/>
    <nd ref="5201172921"/>
    <nd ref="5201172922"/>
    <nd ref="257665381"/>
    <tag k="footway" v="sidewalk"/>
    <tag k="highway" v="footway"/>
    <tag k="lit" v="yes"/>
    <tag k="surface" v="sett"/>
  </way>
  <way id="537033972" version="4" timestamp="2024-01-30T23:03:44Z" changeset="146882542" uid="11152051" user="RazorWind">
    <nd ref="5201170300"/>
    <nd ref="5201172925"/>
    <nd ref="5201172926"/>
    <nd ref="5201172927"/>
    <nd ref="7246206832"/>
    <nd ref="5201172928"/>
    <nd ref="5201172929"/>
    <nd ref="10816811971"/>
    <nd ref="5201172930"/>
    <nd ref="10816811963"/>
    <nd ref="5201172931"/>
    <nd ref="5201172932"/>
    <nd ref="5201172933"/>
    <nd ref="5201172934"/>
    <nd ref="5201172935"/>
    <nd ref="5201172936"/>
    <tag k="footway" v="sidewalk"/>
    <tag k="highway" v="footway"/>
  </way>
  <way id="537033981" version="5" timestamp="2022-02-09T00:44:11Z" changeset="117181264" uid="1193685" user="DiogoBaptista98">
    <nd ref="7246206837"/>
    <nd ref="7246206835"/>
    <nd ref="5201172985"/>
    <tag k="crossing" v="zebra"/>
    <tag k="footway" v="crossing"/>
    <tag k="highway" v="footway"/>
    <tag k="lit" v="yes"/>
    <tag k="surface" v="asphalt"/>
  </way>
  <way id="549101721" version="1" timestamp="2017-12-26T08:09:58Z" changeset="54923129" uid="6677464" user="Lara moovit">
    <nd ref="3807675868"/>
    <nd ref="3807675869"/>
    <tag k="bridge" v="yes"/>
    <tag k="highway" v="footway"/>
    <tag k="layer" v="1"/>
  </way>
  <way id="593859421" version="2" timestamp="2024-01-15T16:14:44Z" changeset="146288999" uid="89955" user="Miguel_A">
    <nd ref="4054949350"/>
    <nd ref="658938712"/>
    <tag k="highway" v="secondary_link"/>
    <tag k="lanes" v="1"/>
    <tag k="oneway" v="yes"/>
    <tag k="surface" v="asphalt"/>
  </way>
  <way id="669985696" version="2" timestamp="2024-03-21T12:33:43Z" changeset="148960738" uid="19736714" user="tomasrm22">
    <nd ref="4270870563"/>
    <nd ref="6274474130"/>
    <nd ref="3807675868"/>
    <tag k="footway" v="crossing"/>
    <tag k="highway" v="footway"/>
    <tag k="lit" v="yes"/>
    <tag k="surface" v="metal"/>
  </way>
  <way id="676379412" version="11" timestamp="2026-04-11T00:17:50Z" changeset="181170744" uid="11912760" user="aselvadeasfalto">
    <nd ref="430433145"/>
    <nd ref="13715708637"/>
    <nd ref="10187000277"/>
    <nd ref="259288152"/>
    <tag k="description" v="Toponímia: Arquitecto e Pintor 1915 - 1994. Início: Confluência da Prof. Prado Coelho e a Rua Armindo Rodrigues. Fim: Rua Daniel Santa Rita."/>
    <tag k="highway" v="residential"/>
    <tag k="maxspeed:type" v="PT:urban"/>
    <tag k="name" v="Rua Frederico George"/>
    <tag k="name:etymology:wikidata" v="Q10285779"/>
    <tag k="oneway" v="no"/>
    <tag k="source:description" v="dadosabertos.cm-lisboa.pt"/>
    <tag k="source:pkey" v="2757"/>
    <tag k="start_date" v="1996-10-22"/>
    <tag k="surface" v="asphalt"/>
    <tag k="website" v="https://revelar.lisboa.pt/explorar/toponimia/detalhe?tx_toponimia_pi1%5Baction%5D=show&amp;tx_toponimia_pi1%5Bcontroller%5D=Toponimia&amp;tx_toponimia_pi1%5Btopid%5D=2757"/>
  </way>
  <way id="676379413" version="14" timestamp="2024-03-21T12:39:27Z" changeset="148960174" uid="19736714" user="tomasrm22">
    <nd ref="430433145"/>
    <nd ref="6776031556"/>
    <nd ref="4271011504"/>
    <nd ref="430433135"/>
    <tag k="description" v="Toponímia: Pintor e Professor de Medicina - 1889 - 1946. Início: Rua Prof. Bento de Jesus Caraça. Fim: Rua Fernando Lopes Graça."/>
    <tag k="highway" v="residential"/>
    <tag k="lit" v="yes"/>
    <tag k="maxspeed" v="30"/>
    <tag k="maxspeed:type" v="PT:zone30"/>
    <tag k="name" v="Rua Abel Salazar"/>
    <tag k="sidewalk" v="both"/>
    <tag k="sidewalk:both:surface" v="sett"/>
    <tag k="smoothness" v="excellent"/>
    <tag k="source:description" v="dadosabertos.cm-lisboa.pt"/>
    <tag k="source:pkey" v="684"/>
    <tag k="start_date" v="1997-08-05"/>
    <tag k="surface" v="asphalt"/>
    <tag k="website" v="https://revelar.lisboa.pt/explorar/toponimia/detalhe?tx_toponimia_pi1%5Baction%5D=show&amp;tx_toponimia_pi1%5Bcontroller%5D=Toponimia&amp;tx_toponimia_pi1%5Btopid%5D=684"/>
  </way>
  <way id="676379414" version="10" timestamp="2026-04-11T00:17:50Z" changeset="181170744" uid="11912760" user="aselvadeasfalto">
    <nd ref="259288152"/>
    <nd ref="13715708658"/>
    <nd ref="10187000281"/>
    <nd ref="259288457"/>
    <nd ref="8198018078"/>
    <nd ref="1932447004"/>
    <nd ref="8198018080"/>
    <nd ref="8198018079"/>
    <nd ref="259288458"/>
    <nd ref="259288459"/>
    <nd ref="13715708642"/>
    <nd ref="8198018082"/>
    <nd ref="8198018081"/>
    <nd ref="259288460"/>
    <nd ref="8198018084"/>
    <nd ref="8198018083"/>
    <nd ref="259288461"/>
    <nd ref="259288874"/>
    <tag k="description" v="Toponímia: Arquitecto e Pintor 1915 - 1994. Início: Confluência da Prof. Prado Coelho e a Rua Armindo Rodrigues. Fim: Rua Daniel Santa Rita."/>
    <tag k="highway" v="residential"/>
    <tag k="name" v="Rua Frederico George"/>
    <tag k="name:etymology:wikidata" v="Q10285779"/>
    <tag k="oneway" v="no"/>
    <tag k="source:description" v="dadosabertos.cm-lisboa.pt"/>
    <tag k="source:pkey" v="2757"/>
    <tag k="start_date" v="1996-10-22"/>
    <tag k="website" v="https://revelar.lisboa.pt/explorar/toponimia/detalhe?tx_toponimia_pi1%5Baction%5D=show&amp;tx_toponimia_pi1%5Bcontroller%5D=Toponimia&amp;tx_toponimia_pi1%5Btopid%5D=2757"/>
  </way>
  <way id="676379415" version="7" timestamp="2023-06-27T18:44:35Z" changeset="137848258" uid="705092" user="hvalentim">
    <nd ref="259288969"/>
    <nd ref="259288150"/>
    <nd ref="8198018920"/>
    <nd ref="4271011502"/>
    <nd ref="430433135"/>
    <tag k="description" v="Toponímia: Médico e Poeta 1904 - 1993. Início: Rua Frederico George. Fim: Rua Frederico George."/>
    <tag k="highway" v="residential"/>
    <tag k="name" v="Rua Armindo Rodrigues"/>
    <tag k="source:description" v="dadosabertos.cm-lisboa.pt"/>
    <tag k="source:pkey" v="362"/>
    <tag k="start_date" v="1996-10-22"/>
    <tag k="website" v="https://revelar.lisboa.pt/explorar/toponimia/detalhe?tx_toponimia_pi1%5Baction%5D=show&amp;tx_toponimia_pi1%5Bcontroller%5D=Toponimia&amp;tx_toponimia_pi1%5Btopid%5D=362"/>
  </way>
  <way id="676379416" version="10" timestamp="2026-04-11T00:17:50Z" changeset="181170744" uid="11912760" user="aselvadeasfalto">
    <nd ref="259288971"/>
    <nd ref="12271101918"/>
    <nd ref="13715708638"/>
    <nd ref="430433145"/>
    <tag k="description" v="Toponímia: Arquitecto e Pintor 1915 - 1994. Início: Confluência da Prof. Prado Coelho e a Rua Armindo Rodrigues. Fim: Rua Daniel Santa Rita."/>
    <tag k="highway" v="residential"/>
    <tag k="maxspeed:type" v="PT:urban"/>
    <tag k="name" v="Rua Frederico George"/>
    <tag k="name:etymology:wikidata" v="Q10285779"/>
    <tag k="oneway" v="no"/>
    <tag k="source:description" v="dadosabertos.cm-lisboa.pt"/>
    <tag k="source:pkey" v="2757"/>
    <tag k="start_date" v="1996-10-22"/>
    <tag k="website" v="https://revelar.lisboa.pt/explorar/toponimia/detalhe?tx_toponimia_pi1%5Baction%5D=show&amp;tx_toponimia_pi1%5Bcontroller%5D=Toponimia&amp;tx_toponimia_pi1%5Btopid%5D=2757"/>
  </way>
  <way id="676380309" version="7" timestamp="2024-03-21T12:39:04Z" changeset="148960484" uid="19736714" user="tomasrm22">
    <nd ref="430433135"/>
    <nd ref="4271011501"/>
    <nd ref="1929620901"/>
    <nd ref="254940972"/>
    <nd ref="3807675863"/>
    <nd ref="4271011344"/>
    <nd ref="254940973"/>
    <tag k="description" v="Toponímia: Pintor e Professor de Medicina - 1889 - 1946. Início: Rua Prof. Bento de Jesus Caraça. Fim: Rua Fernando Lopes Graça."/>
    <tag k="highway" v="residential"/>
    <tag k="maxspeed:type" v="PT:urban"/>
    <tag k="name" v="Rua Abel Salazar"/>
    <tag k="source:description" v="dadosabertos.cm-lisboa.pt"/>
    <tag k="source:pkey" v="684"/>
    <tag k="start_date" v="1997-08-05"/>
    <tag k="surface" v="asphalt"/>
    <tag k="website" v="https://revelar.lisboa.pt/explorar/toponimia/detalhe?tx_toponimia_pi1%5Baction%5D=show&amp;tx_toponimia_pi1%5Bcontroller%5D=Toponimia&amp;tx_toponimia_pi1%5Btopid%5D=684"/>
  </way>
  <way id="676380310" version="12" timestamp="2026-04-08T08:44:25Z" changeset="181036708" uid="2644617" user="Jimiiee">
    <nd ref="430433135"/>
    <nd ref="4271011503"/>
    <nd ref="8198142262"/>
    <nd ref="4271011507"/>
    <nd ref="259288151"/>
    <nd ref="13715708644"/>
    <nd ref="8198018918"/>
    <nd ref="13715708657"/>
    <nd ref="259288152"/>
    <tag k="description" v="Toponímia: Médico e Poeta 1904 - 1993. Início: Rua Frederico George. Fim: Rua Frederico George."/>
    <tag k="highway" v="residential"/>
    <tag k="maxspeed" v="30"/>
    <tag k="maxspeed:type" v="PT:zone30"/>
    <tag k="name" v="Rua Armindo Rodrigues"/>
    <tag k="sidewalk" v="both"/>
    <tag k="source:description" v="dadosabertos.cm-lisboa.pt"/>
    <tag k="source:pkey" v="362"/>
    <tag k="start_date" v="1996-10-22"/>
    <tag k="surface" v="asphalt"/>
    <tag k="website" v="https://revelar.lisboa.pt/explorar/toponimia/detalhe?tx_toponimia_pi1%5Baction%5D=show&amp;tx_toponimia_pi1%5Bcontroller%5D=Toponimia&amp;tx_toponimia_pi1%5Btopid%5D=362"/>
  </way>
  <way id="676409758" version="7" timestamp="2023-06-27T18:44:35Z" changeset="137848258" uid="705092" user="hvalentim">
    <nd ref="259286732"/>
    <nd ref="6776021380"/>
    <nd ref="254940984"/>
    <nd ref="6388357185"/>
    <nd ref="254940985"/>
    <tag k="description" v="Toponímia: Historiador 1860 - 1952. Início: Rua Prof. Bento de Jesus Caraça. Fim: Rua Prof. Prado Coelho."/>
    <tag k="highway" v="residential"/>
    <tag k="name" v="Rua Professor Queiroz Veloso"/>
    <tag k="source:description" v="dadosabertos.cm-lisboa.pt"/>
    <tag k="source:pkey" v="1595"/>
    <tag k="start_date" v="1978-03-06"/>
    <tag k="website" v="https://revelar.lisboa.pt/explorar/toponimia/detalhe?tx_toponimia_pi1%5Baction%5D=show&amp;tx_toponimia_pi1%5Bcontroller%5D=Toponimia&amp;tx_toponimia_pi1%5Btopid%5D=1595"/>
  </way>
  <way id="681914783" version="2" timestamp="2026-04-08T08:44:25Z" changeset="181036708" uid="2644617" user="Jimiiee">
    <nd ref="6386125085"/>
    <nd ref="6386125086"/>
    <nd ref="13715708681"/>
    <nd ref="6386125087"/>
    <nd ref="6386125088"/>
    <nd ref="6386125085"/>
    <tag k="leisure" v="dog_park"/>
  </way>
  <way id="681914784" version="2" timestamp="2019-12-08T19:49:04Z" changeset="78117320" uid="380552" user="topolusitania">
    <nd ref="6386125089"/>
    <nd ref="6386125090"/>
    <nd ref="6386125091"/>
    <nd ref="6386125092"/>
    <nd ref="6386125089"/>
    <tag k="building" v="yes"/>
    <tag k="leisure" v="sports_centre"/>
  </way>
  <way id="681914785" version="1" timestamp="2019-04-05T17:18:11Z" changeset="68930237" uid="9598915" user="FR_Fox">
    <nd ref="6386125093"/>
    <nd ref="6386125094"/>
    <nd ref="6386125095"/>
    <nd ref="6386125096"/>
    <nd ref="6386125093"/>
    <tag k="leisure" v="pitch"/>
    <tag k="lit" v="yes"/>
    <tag k="sport" v="tennis"/>
  </way>
  <way id="681914786" version="1" timestamp="2019-04-05T17:18:11Z" changeset="68930237" uid="9598915" user="FR_Fox">
    <nd ref="6386125097"/>
    <nd ref="6386125098"/>
    <nd ref="6386125099"/>
    <nd ref="6386125100"/>
    <nd ref="6386125097"/>
    <tag k="leisure" v="pitch"/>
    <tag k="lit" v="yes"/>
    <tag k="name" v="Clube de Ténis Alto da Faia"/>
    <tag k="sport" v="tennis"/>
  </way>
  <way id="682160320" version="2" timestamp="2020-02-26T21:11:17Z" changeset="81521536" uid="1728066" user="HeapSrc">
    <nd ref="6388213617"/>
    <nd ref="6388213618"/>
    <nd ref="6388213619"/>
    <nd ref="6388213620"/>
    <nd ref="6388213622"/>
    <nd ref="6388213621"/>
    <nd ref="6388213617"/>
    <tag k="addr:city" v="Lisboa"/>
    <tag k="addr:housenumber" v="71"/>
    <tag k="addr:postcode" v="1600-600"/>
    <tag k="addr:street" v="Rua Professor Bento de Jesus Caraça"/>
    <tag k="addr:unit" v="B"/>
    <tag k="building" v="yes"/>
    <tag k="leisure" v="fitness_centre"/>
    <tag k="name" v="Mega Craque Clube"/>
    <tag k="opening_hours" v="Mo-Fr 07:00-22:00; Sa-Su 09:00-19:00"/>
    <tag k="phone" v="+351217567440"/>
    <tag k="sport" v="swimming;running;fitness"/>
    <tag k="website" v="https://www.craque.com/"/>
  </way>
  <way id="682160322" version="2" timestamp="2024-10-20T14:06:07Z" changeset="158129950" uid="20972402" user="DanielAgos">
    <nd ref="6388213627"/>
    <nd ref="6388213628"/>
    <nd ref="5446364988"/>
    <nd ref="6388213629"/>
    <nd ref="6388213630"/>
    <nd ref="6388213627"/>
    <tag k="access" v="yes"/>
    <tag k="description" v="Rua Frederico George(antiga Rua B- Alto da Faia e Rua A - Enc Telheiras), junto ao polidesportivo do alto da faia"/>
    <tag k="leisure" v="playground"/>
    <tag k="max_age" v="12"/>
    <tag k="name" v="Parque Infantil do Alto da Faia"/>
    <tag k="operator" v="Junta de Freguesia do Lumiar"/>
    <tag k="source" v="dadosabertos.cm-lisboa.pt"/>
    <tag k="source:pkey" v="256bf390-bc9e-4ad0-a079-cda0110a468c"/>
  </way>
  <way id="682160323" version="7" timestamp="2023-10-10T09:43:05Z" changeset="142384779" uid="11062493" user="kcpels">
    <nd ref="6388213631"/>
    <nd ref="6388213632"/>
    <nd ref="6388213633"/>
    <nd ref="6388213634"/>
    <tag k="description" v="Toponímia: Professora e Critica Musical 1894 - 1990. Início: Rua Prof. Bento de Jesus Caraças. Fim: Sem saída."/>
    <tag k="highway" v="service"/>
    <tag k="name" v="Rua Francine Benoit"/>
    <tag k="oneway" v="no"/>
    <tag k="source:description" v="dadosabertos.cm-lisboa.pt"/>
    <tag k="source:pkey" v="2926"/>
    <tag k="start_date" v="1991-03-12"/>
    <tag k="surface" v="asphalt"/>
    <tag k="website" v="https://revelar.lisboa.pt/explorar/toponimia/detalhe?tx_toponimia_pi1%5Baction%5D=show&amp;tx_toponimia_pi1%5Bcontroller%5D=Toponimia&amp;tx_toponimia_pi1%5Btopid%5D=2926"/>
  </way>
  <way id="682160324" version="7" timestamp="2023-10-10T09:43:05Z" changeset="142384779" uid="11062493" user="kcpels">
    <nd ref="6388213632"/>
    <nd ref="6388213635"/>
    <tag k="description" v="Toponímia: Professora e Critica Musical 1894 - 1990. Início: Rua Prof. Bento de Jesus Caraças. Fim: Sem saída."/>
    <tag k="highway" v="service"/>
    <tag k="name" v="Rua Francine Benoit"/>
    <tag k="oneway" v="no"/>
    <tag k="source:description" v="dadosabertos.cm-lisboa.pt"/>
    <tag k="source:pkey" v="2926"/>
    <tag k="start_date" v="1991-03-12"/>
    <tag k="surface" v="asphalt"/>
    <tag k="website" v="https://revelar.lisboa.pt/explorar/toponimia/detalhe?tx_toponimia_pi1%5Baction%5D=show&amp;tx_toponimia_pi1%5Bcontroller%5D=Toponimia&amp;tx_toponimia_pi1%5Btopid%5D=2926"/>
  </way>
  <way id="682163319" version="1" timestamp="2019-04-06T21:12:53Z" changeset="68962237" uid="9598915" user="FR_Fox">
    <nd ref="6388238536"/>
    <nd ref="6388238537"/>
    <nd ref="6388238538"/>
    <nd ref="6388238539"/>
    <nd ref="6388238540"/>
    <nd ref="6388238541"/>
    <nd ref="6388238542"/>
    <nd ref="6388238543"/>
    <nd ref="6388238544"/>
    <nd ref="6388238545"/>
    <nd ref="6388238536"/>
    <tag k="building" v="residential"/>
  </way>
  <way id="682174942" version="6" timestamp="2023-10-10T09:43:05Z" changeset="142384779" uid="11062493" user="kcpels">
    <nd ref="6388353680"/>
    <nd ref="6388353681"/>
    <nd ref="6388353682"/>
    <nd ref="6388353683"/>
    <tag k="description" v="Toponímia: Político Italiano - 1919 - 1978. Início: Rua Enrico Berlinguer. Fim: Rua Prof. Bento de Jesus Caraça."/>
    <tag k="highway" v="service"/>
    <tag k="name" v="Rua Aldo Moro"/>
    <tag k="source:description" v="dadosabertos.cm-lisboa.pt"/>
    <tag k="source:pkey" v="2854"/>
    <tag k="start_date" v="1991-03-12"/>
    <tag k="website" v="https://revelar.lisboa.pt/explorar/toponimia/detalhe?tx_toponimia_pi1%5Baction%5D=show&amp;tx_toponimia_pi1%5Bcontroller%5D=Toponimia&amp;tx_toponimia_pi1%5Btopid%5D=2854"/>
  </way>
  <way id="682174943" version="6" timestamp="2023-10-10T09:43:05Z" changeset="142384779" uid="11062493" user="kcpels">
    <nd ref="6388353681"/>
    <nd ref="6388353684"/>
    <tag k="description" v="Toponímia: Político Italiano - 1919 - 1978. Início: Rua Enrico Berlinguer. Fim: Rua Prof. Bento de Jesus Caraça."/>
    <tag k="highway" v="service"/>
    <tag k="name" v="Rua Aldo Moro"/>
    <tag k="source:description" v="dadosabertos.cm-lisboa.pt"/>
    <tag k="source:pkey" v="2854"/>
    <tag k="start_date" v="1991-03-12"/>
    <tag k="website" v="https://revelar.lisboa.pt/explorar/toponimia/detalhe?tx_toponimia_pi1%5Baction%5D=show&amp;tx_toponimia_pi1%5Bcontroller%5D=Toponimia&amp;tx_toponimia_pi1%5Btopid%5D=2854"/>
  </way>
  <way id="682174944" version="6" timestamp="2023-10-10T09:43:05Z" changeset="142384779" uid="11062493" user="kcpels">
    <nd ref="6388357185"/>
    <nd ref="6388357186"/>
    <nd ref="6388357187"/>
    <tag k="description" v="Toponímia: Político Italiano 1922 - 1984. Início: Rua Prof. Queiroz Veloso. Fim: Rua Aldo Moro."/>
    <tag k="highway" v="service"/>
    <tag k="name" v="Rua Enrico Berlinguer"/>
    <tag k="source:description" v="dadosabertos.cm-lisboa.pt"/>
    <tag k="source:pkey" v="851"/>
    <tag k="start_date" v="1991-03-12"/>
    <tag k="website" v="https://revelar.lisboa.pt/explorar/toponimia/detalhe?tx_toponimia_pi1%5Baction%5D=show&amp;tx_toponimia_pi1%5Bcontroller%5D=Toponimia&amp;tx_toponimia_pi1%5Btopid%5D=851"/>
  </way>
  <way id="682174945" version="5" timestamp="2023-06-27T18:44:38Z" changeset="137848258" uid="705092" user="hvalentim">
    <nd ref="6388357186"/>
    <nd ref="6388357188"/>
    <tag k="description" v="Toponímia: Político Italiano 1922 - 1984. Início: Rua Prof. Queiroz Veloso. Fim: Rua Aldo Moro."/>
    <tag k="highway" v="service"/>
    <tag k="name" v="Rua Enrico Berlinguer"/>
    <tag k="service" v="driveway"/>
    <tag k="source:description" v="dadosabertos.cm-lisboa.pt"/>
    <tag k="source:pkey" v="851"/>
    <tag k="start_date" v="1991-03-12"/>
    <tag k="website" v="https://revelar.lisboa.pt/explorar/toponimia/detalhe?tx_toponimia_pi1%5Baction%5D=show&amp;tx_toponimia_pi1%5Bcontroller%5D=Toponimia&amp;tx_toponimia_pi1%5Btopid%5D=851"/>
  </way>
  <way id="684026554" version="5" timestamp="2026-04-11T00:17:50Z" changeset="181170744" uid="11912760" user="aselvadeasfalto">
    <nd ref="1301579532"/>
    <nd ref="320135264"/>
    <nd ref="1301579467"/>
    <nd ref="259288467"/>
    <nd ref="1301579557"/>
    <nd ref="259288463"/>
    <tag k="description" v="Toponímia: Arquitecto e Pintor 1915 - 1994. Início: Confluência da Prof. Prado Coelho e a Rua Armindo Rodrigues. Fim: Rua Daniel Santa Rita."/>
    <tag k="highway" v="residential"/>
    <tag k="junction" v="roundabout"/>
    <tag k="name" v="Rua Frederico George"/>
    <tag k="name:etymology:wikidata" v="Q10285779"/>
    <tag k="source:description" v="dadosabertos.cm-lisboa.pt"/>
    <tag k="source:pkey" v="2757"/>
    <tag k="start_date" v="1996-10-22"/>
    <tag k="website" v="https://revelar.lisboa.pt/explorar/toponimia/detalhe?tx_toponimia_pi1%5Baction%5D=show&amp;tx_toponimia_pi1%5Bcontroller%5D=Toponimia&amp;tx_toponimia_pi1%5Btopid%5D=2757"/>
  </way>
  <way id="684026555" version="7" timestamp="2026-04-11T00:17:50Z" changeset="181170744" uid="11912760" user="aselvadeasfalto">
    <nd ref="259288874"/>
    <nd ref="259288462"/>
    <nd ref="10187000271"/>
    <nd ref="1932447000"/>
    <nd ref="259288463"/>
    <tag k="description" v="Toponímia: Arquitecto e Pintor 1915 - 1994. Início: Confluência da Prof. Prado Coelho e a Rua Armindo Rodrigues. Fim: Rua Daniel Santa Rita."/>
    <tag k="highway" v="residential"/>
    <tag k="name" v="Rua Frederico George"/>
    <tag k="name:etymology:wikidata" v="Q10285779"/>
    <tag k="oneway" v="no"/>
    <tag k="source:description" v="dadosabertos.cm-lisboa.pt"/>
    <tag k="source:pkey" v="2757"/>
    <tag k="start_date" v="1996-10-22"/>
    <tag k="website" v="https://revelar.lisboa.pt/explorar/toponimia/detalhe?tx_toponimia_pi1%5Baction%5D=show&amp;tx_toponimia_pi1%5Bcontroller%5D=Toponimia&amp;tx_toponimia_pi1%5Btopid%5D=2757"/>
  </way>
  <way id="686377702" version="2" timestamp="2024-01-15T16:14:58Z" changeset="146289081" uid="89955" user="Miguel_A">
    <nd ref="6433474985"/>
    <nd ref="6433474996"/>
    <nd ref="434353077"/>
    <nd ref="6433474995"/>
    <nd ref="6433474994"/>
    <nd ref="434353078"/>
    <nd ref="6433474993"/>
    <nd ref="6433474986"/>
    <nd ref="2753330548"/>
    <nd ref="6433474998"/>
    <nd ref="6433474999"/>
    <nd ref="6433474987"/>
    <nd ref="6433474989"/>
    <nd ref="27093069"/>
    <nd ref="6433474990"/>
    <nd ref="6433474991"/>
    <nd ref="82779868"/>
    <nd ref="6433474992"/>
    <nd ref="6433474988"/>
    <nd ref="6433475004"/>
    <nd ref="6433475003"/>
    <nd ref="6433474985"/>
    <tag k="bridge" v="viaduct"/>
    <tag k="bridge:structure" v="beam"/>
    <tag k="layer" v="1"/>
    <tag k="man_made" v="bridge"/>
    <tag k="name" v="Viaduto de Telheiras"/>
  </way>
  <way id="686377703" version="7" timestamp="2026-04-10T14:56:43Z" changeset="181152258" uid="11912760" user="aselvadeasfalto">
    <nd ref="6433475004"/>
    <nd ref="389957621"/>
    <nd ref="6433474999"/>
    <tag k="description" v="Toponímia: Instituições. Início: Rua Prof. Pulido Valente. Fim: Praça São Francisco de Assis."/>
    <tag k="highway" v="secondary"/>
    <tag k="lanes" v="2"/>
    <tag k="layer" v="-1"/>
    <tag k="name" v="Avenida das Nações Unidas"/>
    <tag k="name:etymology:wikidata" v="Q1065"/>
    <tag k="oneway" v="yes"/>
    <tag k="source:description" v="dadosabertos.cm-lisboa.pt"/>
    <tag k="source:pkey" v="606"/>
    <tag k="start_date" v="1989-11-24"/>
    <tag k="surface" v="asphalt"/>
    <tag k="tunnel" v="yes"/>
    <tag k="website" v="https://revelar.lisboa.pt/explorar/toponimia/detalhe?tx_toponimia_pi1%5Baction%5D=show&amp;tx_toponimia_pi1%5Bcontroller%5D=Toponimia&amp;tx_toponimia_pi1%5Btopid%5D=606"/>
  </way>
  <way id="722384368" version="1" timestamp="2019-09-06T03:10:07Z" changeset="74155340" uid="1193685" user="DiogoBaptista98">
    <nd ref="6775924172"/>
    <nd ref="6776035889"/>
    <nd ref="6776035890"/>
    <nd ref="6776035913"/>
    <nd ref="6776035891"/>
    <nd ref="6776035892"/>
    <nd ref="6776035893"/>
    <nd ref="6776035894"/>
    <nd ref="6776035895"/>
    <nd ref="6776035896"/>
    <nd ref="6776035897"/>
    <nd ref="6776035898"/>
    <nd ref="6776035899"/>
    <nd ref="6776035900"/>
    <nd ref="6776035901"/>
    <nd ref="6776035902"/>
    <nd ref="6776035903"/>
    <nd ref="6776035904"/>
    <nd ref="6776035905"/>
    <nd ref="6776035906"/>
    <nd ref="6776035907"/>
    <nd ref="6776035908"/>
    <nd ref="6776035909"/>
    <tag k="footway" v="sidewalk"/>
    <tag k="highway" v="footway"/>
  </way>
  <way id="722384369" version="2" timestamp="2024-01-30T23:03:44Z" changeset="146882542" uid="11152051" user="RazorWind">
    <nd ref="6776035910"/>
    <nd ref="6776035912"/>
    <nd ref="6776035909"/>
    <tag k="crossing" v="marked"/>
    <tag k="crossing:markings" v="yes"/>
    <tag k="footway" v="crossing"/>
    <tag k="highway" v="footway"/>
  </way>
  <way id="722384370" version="1" timestamp="2019-09-06T03:10:07Z" changeset="74155340" uid="1193685" user="DiogoBaptista98">
    <nd ref="6776035913"/>
    <nd ref="6776035914"/>
    <nd ref="6776035915"/>
    <nd ref="6776035916"/>
    <nd ref="6776035917"/>
    <tag k="footway" v="sidewalk"/>
    <tag k="highway" v="footway"/>
  </way>
  <way id="722384371" version="1" timestamp="2019-09-06T03:10:07Z" changeset="74155340" uid="1193685" user="DiogoBaptista98">
    <nd ref="6776035918"/>
    <nd ref="658938711"/>
    <nd ref="4065669966"/>
    <nd ref="2753333943"/>
    <nd ref="6776035919"/>
    <nd ref="6776035920"/>
    <nd ref="4065669972"/>
    <nd ref="6776035921"/>
    <nd ref="6776035922"/>
    <nd ref="6776035923"/>
    <nd ref="6776035917"/>
    <tag k="crossing" v="marked"/>
    <tag k="footway" v="crossing"/>
    <tag k="highway" v="footway"/>
  </way>
  <way id="722386218" version="5" timestamp="2026-04-08T08:44:25Z" changeset="181036708" uid="2644617" user="Jimiiee">
    <nd ref="6776063312"/>
    <nd ref="410690733"/>
    <nd ref="6776063313"/>
    <nd ref="13695631587"/>
    <nd ref="13695651705"/>
    <nd ref="13695651706"/>
    <nd ref="6776063314"/>
    <nd ref="410690732"/>
    <nd ref="6776063315"/>
    <nd ref="13695651731"/>
    <nd ref="13715660885"/>
    <nd ref="6776063312"/>
    <tag k="bridge:structure" v="beam"/>
    <tag k="layer" v="1"/>
    <tag k="man_made" v="bridge"/>
  </way>
  <way id="722386221" version="5" timestamp="2024-11-04T19:49:13Z" changeset="158754896" uid="3445540" user="powerslave00">
    <nd ref="82779910"/>
    <nd ref="2753376861"/>
    <nd ref="82779912"/>
    <nd ref="2753376860"/>
    <nd ref="82779914"/>
    <nd ref="1301617679"/>
    <nd ref="4065669987"/>
    <nd ref="82779922"/>
    <tag k="bicycle" v="no"/>
    <tag k="foot" v="no"/>
    <tag k="highway" v="trunk"/>
    <tag k="horse" v="no"/>
    <tag k="lanes" v="3"/>
    <tag k="name" v="Eixo Norte-Sul"/>
    <tag k="oneway" v="yes"/>
    <tag k="ref" v="IP 7"/>
    <tag k="surface" v="asphalt"/>
    <tag k="toll" v="no"/>
  </way>
  <way id="753742229" version="10" timestamp="2024-01-30T23:03:44Z" changeset="146882542" uid="11152051" user="RazorWind">
    <nd ref="259285670"/>
    <nd ref="259285669"/>
    <nd ref="7246184937"/>
    <nd ref="259285668"/>
    <nd ref="6388213631"/>
    <nd ref="7246184936"/>
    <nd ref="259285666"/>
    <nd ref="259285665"/>
    <nd ref="5201170306"/>
    <nd ref="259285664"/>
    <nd ref="5201170305"/>
    <nd ref="259285663"/>
    <nd ref="259285662"/>
    <nd ref="259285661"/>
    <nd ref="5201170302"/>
    <nd ref="5201170304"/>
    <nd ref="5201170303"/>
    <nd ref="259285660"/>
    <nd ref="7246184939"/>
    <nd ref="7246184941"/>
    <nd ref="259285659"/>
    <nd ref="7246184940"/>
    <nd ref="5129865926"/>
    <nd ref="257665383"/>
    <nd ref="257665382"/>
    <nd ref="8890831088"/>
    <tag k="description" v="Toponímia: Matemático 1901 - 1948. Início: Rua Abel Salazar. Fim: Rua Prof. Prado Coelho."/>
    <tag k="highway" v="residential"/>
    <tag k="lit" v="yes"/>
    <tag k="name" v="Rua Professor Bento de Jesus Caraça"/>
    <tag k="oneway" v="yes"/>
    <tag k="source" v="bing"/>
    <tag k="source:description" v="dadosabertos.cm-lisboa.pt"/>
    <tag k="source:pkey" v="61"/>
    <tag k="start_date" v="1978-03-06"/>
    <tag k="surface" v="asphalt"/>
    <tag k="website" v="https://revelar.lisboa.pt/explorar/toponimia/detalhe?tx_toponimia_pi1%5Baction%5D=show&amp;tx_toponimia_pi1%5Bcontroller%5D=Toponimia&amp;tx_toponimia_pi1%5Btopid%5D=61"/>
  </way>
  <way id="753742230" version="5" timestamp="2026-04-08T08:44:25Z" changeset="181036708" uid="2644617" user="Jimiiee">
    <nd ref="7042299193"/>
    <nd ref="7042299190"/>
    <nd ref="7042299196"/>
    <nd ref="4270956992"/>
    <nd ref="13715708601"/>
    <nd ref="7042299193"/>
    <tag k="leisure" v="pitch"/>
    <tag k="lit" v="yes"/>
    <tag k="sport" v="soccer"/>
    <tag k="surface" v="artificial_turf"/>
  </way>
  <way id="776614803" version="1" timestamp="2020-02-26T21:14:00Z" changeset="81521587" uid="1728066" user="HeapSrc">
    <nd ref="7246174240"/>
    <nd ref="7246174241"/>
    <nd ref="7246174242"/>
    <nd ref="7246174243"/>
    <nd ref="7246174244"/>
    <nd ref="7246174245"/>
    <nd ref="7246174246"/>
    <nd ref="7246174247"/>
    <nd ref="7246174240"/>
    <tag k="access" v="customers"/>
    <tag k="amenity" v="parking"/>
    <tag k="operator" v="Mega Craque Club"/>
    <tag k="operator:type" v="private"/>
    <tag k="parking" v="surface"/>
    <tag k="surface" v="asphalt"/>
  </way>
  <way id="776616396" version="1" timestamp="2020-02-26T21:25:45Z" changeset="81521797" uid="1728066" user="HeapSrc">
    <nd ref="7246151080"/>
    <nd ref="7246151081"/>
    <nd ref="7246151082"/>
    <nd ref="7246151083"/>
    <nd ref="7246151080"/>
    <tag k="access" v="customers"/>
    <tag k="leisure" v="swimming_pool"/>
    <tag k="length" v="25"/>
    <tag k="lit" v="yes"/>
    <tag k="location" v="indoor"/>
    <tag k="swimming_pool" v="covered"/>
  </way>
  <way id="776617538" version="3" timestamp="2022-01-20T15:13:10Z" changeset="116389913" uid="14899633" user="Hoanui">
    <nd ref="7246206828"/>
    <nd ref="7246206829"/>
    <nd ref="5201170297"/>
    <tag k="crossing" v="marked"/>
    <tag k="footway" v="crossing"/>
    <tag k="highway" v="footway"/>
    <tag k="lit" v="yes"/>
    <tag k="surface" v="asphalt"/>
  </way>
  <way id="776617539" version="4" timestamp="2022-01-20T15:14:12Z" changeset="116389913" uid="14899633" user="Hoanui">
    <nd ref="9433941363"/>
    <nd ref="7246206831"/>
    <nd ref="7246206830"/>
    <tag k="crossing" v="marked"/>
    <tag k="footway" v="crossing"/>
    <tag k="highway" v="footway"/>
    <tag k="lit" v="yes"/>
    <tag k="surface" v="asphalt"/>
  </way>
  <way id="776617540" version="4" timestamp="2024-01-30T23:03:44Z" changeset="146882542" uid="11152051" user="RazorWind">
    <nd ref="7246206832"/>
    <nd ref="7246206834"/>
    <nd ref="7246206833"/>
    <tag k="crossing" v="marked"/>
    <tag k="crossing:markings" v="yes"/>
    <tag k="footway" v="crossing"/>
    <tag k="highway" v="footway"/>
    <tag k="lit" v="no"/>
    <tag k="surface" v="asphalt"/>
  </way>
  <way id="776617541" version="3" timestamp="2022-01-20T15:11:25Z" changeset="116389913" uid="14899633" user="Hoanui">
    <nd ref="7246206830"/>
    <nd ref="7246206833"/>
    <tag k="highway" v="footway"/>
    <tag k="lit" v="no"/>
    <tag k="surface" v="sett"/>
  </way>
  <way id="842729142" version="4" timestamp="2026-04-11T00:17:50Z" changeset="181170744" uid="11912760" user="aselvadeasfalto">
    <nd ref="259288147"/>
    <nd ref="2753377941"/>
    <nd ref="259287970"/>
    <tag k="description" v="Toponímia: Arquitecto e Pintor 1915 - 1994. Início: Confluência da Prof. Prado Coelho e a Rua Armindo Rodrigues. Fim: Rua Daniel Santa Rita."/>
    <tag k="highway" v="residential"/>
    <tag k="name" v="Rua Frederico George"/>
    <tag k="name:etymology:wikidata" v="Q10285779"/>
    <tag k="source:description" v="dadosabertos.cm-lisboa.pt"/>
    <tag k="source:pkey" v="2757"/>
    <tag k="start_date" v="1996-10-22"/>
    <tag k="website" v="https://revelar.lisboa.pt/explorar/toponimia/detalhe?tx_toponimia_pi1%5Baction%5D=show&amp;tx_toponimia_pi1%5Bcontroller%5D=Toponimia&amp;tx_toponimia_pi1%5Btopid%5D=2757"/>
  </way>
  <way id="842729143" version="3" timestamp="2023-10-10T09:43:05Z" changeset="142384779" uid="11062493" user="kcpels">
    <nd ref="7861735898"/>
    <nd ref="7861735899"/>
    <nd ref="7861735900"/>
    <nd ref="7861735901"/>
    <nd ref="8024693018"/>
    <nd ref="8024693019"/>
    <nd ref="7861735902"/>
    <nd ref="7861735903"/>
    <nd ref="8024693020"/>
    <nd ref="8024693021"/>
    <nd ref="7861735904"/>
    <nd ref="7861735905"/>
    <tag k="description" v="Toponímia: Escritor 1916-1993. Início: Rua Professor Paulo Merêa. Fim: Confluência das Ruas: Rua Prof. Queiroz Veloso e Rua Prof. Prado Coelho."/>
    <tag k="highway" v="service"/>
    <tag k="name" v="Rua Mário Dionísio"/>
    <tag k="source" v="cm-lisboa.pt/toponimia"/>
    <tag k="start_date" v="2005-08-01"/>
  </way>
  <way id="842887723" version="3" timestamp="2023-06-27T18:44:40Z" changeset="137848258" uid="705092" user="hvalentim">
    <nd ref="7863148281"/>
    <nd ref="7863148282"/>
    <nd ref="7863148283"/>
    <tag k="description" v="Toponímia: Jurista 1929 - 1983. Início: Rua Prof. Prado Coelho. Fim: Terras."/>
    <tag k="highway" v="service"/>
    <tag k="name" v="Rua Professor João de Castro Mendes"/>
    <tag k="source" v="dadosabertos.cm-lisboa.pt"/>
    <tag k="source:pkey" v="2843"/>
    <tag k="start_date" v="1990-07-30"/>
    <tag k="website" v="https://revelar.lisboa.pt/explorar/toponimia/detalhe?tx_toponimia_pi1%5Baction%5D=show&amp;tx_toponimia_pi1%5Bcontroller%5D=Toponimia&amp;tx_toponimia_pi1%5Btopid%5D=2843"/>
  </way>
  <way id="842887724" version="3" timestamp="2023-06-27T18:44:40Z" changeset="137848258" uid="705092" user="hvalentim">
    <nd ref="259287667"/>
    <nd ref="7863148284"/>
    <nd ref="7863157385"/>
    <tag k="description" v="Toponímia: Jurista 1929 - 1983. Início: Rua Prof. Prado Coelho. Fim: Terras."/>
    <tag k="highway" v="service"/>
    <tag k="name" v="Rua Professor João de Castro Mendes"/>
    <tag k="source" v="dadosabertos.cm-lisboa.pt"/>
    <tag k="source:pkey" v="2843"/>
    <tag k="start_date" v="1990-07-30"/>
    <tag k="website" v="https://revelar.lisboa.pt/explorar/toponimia/detalhe?tx_toponimia_pi1%5Baction%5D=show&amp;tx_toponimia_pi1%5Bcontroller%5D=Toponimia&amp;tx_toponimia_pi1%5Btopid%5D=2843"/>
  </way>
  <way id="842887725" version="4" timestamp="2026-04-11T00:19:47Z" changeset="181170744" uid="11912760" user="aselvadeasfalto">
    <nd ref="7863157386"/>
    <nd ref="7863157387"/>
    <tag k="description" v="Toponímia: Filólogo 1920 - 1984. Início: Rua Prof. João Barreira. Fim: Rua Armindo Rodrigues."/>
    <tag k="highway" v="service"/>
    <tag k="name" v="Rua Professor Prado Coelho"/>
    <tag k="name:etymology:wikidata" v="Q5340732"/>
    <tag k="source" v="dadosabertos.cm-lisboa.pt"/>
    <tag k="source:pkey" v="76"/>
    <tag k="start_date" v="1984-10-29"/>
    <tag k="website" v="https://revelar.lisboa.pt/explorar/toponimia/detalhe?tx_toponimia_pi1%5Baction%5D=show&amp;tx_toponimia_pi1%5Bcontroller%5D=Toponimia&amp;tx_toponimia_pi1%5Btopid%5D=76"/>
  </way>
  <way id="846819202" version="6" timestamp="2025-08-14T16:06:39Z" changeset="170444734" uid="11912760" user="aselvadeasfalto">
    <nd ref="254811776"/>
    <nd ref="7901510508"/>
    <nd ref="259289718"/>
    <nd ref="254811777"/>
    <nd ref="5138842931"/>
    <nd ref="3807675864"/>
    <nd ref="1932481766"/>
    <nd ref="5138842928"/>
    <nd ref="254811781"/>
    <nd ref="4270870557"/>
    <nd ref="254811785"/>
    <tag k="description" v="Toponímia: Filósofo e Escritor 1888 - 1962. Início: Avenida Padre Cruz. Fim: Rua Prof. Francisco Gentil."/>
    <tag k="highway" v="tertiary"/>
    <tag k="lanes" v="4"/>
    <tag k="maxspeed" v="30"/>
    <tag k="maxspeed:type" v="sign"/>
    <tag k="name" v="Rua Professor Vieira de Almeida"/>
    <tag k="name:etymology:wikidata" v="Q10390531"/>
    <tag k="source" v="bing"/>
    <tag k="source:description" v="dadosabertos.cm-lisboa.pt"/>
    <tag k="source:pkey" v="2666"/>
    <tag k="start_date" v="1978-03-06"/>
    <tag k="surface" v="asphalt"/>
    <tag k="website" v="https://revelar.lisboa.pt/explorar/toponimia/detalhe?tx_toponimia_pi1%5Baction%5D=show&amp;tx_toponimia_pi1%5Bcontroller%5D=Toponimia&amp;tx_toponimia_pi1%5Btopid%5D=2666"/>
  </way>
  <way id="846819203" version="5" timestamp="2023-06-27T18:44:40Z" changeset="137848258" uid="705092" user="hvalentim">
    <nd ref="7042299191"/>
    <nd ref="7042299197"/>
    <nd ref="254811776"/>
    <tag k="description" v="Toponímia: Matemático 1901 - 1948. Início: Rua Abel Salazar. Fim: Rua Prof. Prado Coelho."/>
    <tag k="highway" v="residential"/>
    <tag k="name" v="Rua Professor Bento de Jesus Caraça"/>
    <tag k="oneway" v="yes"/>
    <tag k="source" v="bing"/>
    <tag k="source:description" v="dadosabertos.cm-lisboa.pt"/>
    <tag k="source:pkey" v="61"/>
    <tag k="start_date" v="1978-03-06"/>
    <tag k="surface" v="asphalt"/>
    <tag k="website" v="https://revelar.lisboa.pt/explorar/toponimia/detalhe?tx_toponimia_pi1%5Baction%5D=show&amp;tx_toponimia_pi1%5Bcontroller%5D=Toponimia&amp;tx_toponimia_pi1%5Btopid%5D=61"/>
  </way>
  <way id="846819204" version="5" timestamp="2023-06-27T18:44:40Z" changeset="137848258" uid="705092" user="hvalentim">
    <nd ref="7042299191"/>
    <nd ref="8890831089"/>
    <nd ref="254940973"/>
    <tag k="description" v="Toponímia: Matemático 1901 - 1948. Início: Rua Abel Salazar. Fim: Rua Prof. Prado Coelho."/>
    <tag k="highway" v="residential"/>
    <tag k="name" v="Rua Professor Bento de Jesus Caraça"/>
    <tag k="source" v="bing"/>
    <tag k="source:description" v="dadosabertos.cm-lisboa.pt"/>
    <tag k="source:pkey" v="61"/>
    <tag k="start_date" v="1978-03-06"/>
    <tag k="surface" v="asphalt"/>
    <tag k="website" v="https://revelar.lisboa.pt/explorar/toponimia/detalhe?tx_toponimia_pi1%5Baction%5D=show&amp;tx_toponimia_pi1%5Bcontroller%5D=Toponimia&amp;tx_toponimia_pi1%5Btopid%5D=61"/>
  </way>
  <way id="860995675" version="2" timestamp="2023-12-30T10:46:44Z" changeset="145691409" uid="20786629" user="iBattuta">
    <nd ref="8024692991"/>
    <nd ref="8024692992"/>
    <nd ref="8024692993"/>
    <nd ref="8024692994"/>
    <nd ref="8024692995"/>
    <nd ref="8024692996"/>
    <nd ref="8024692997"/>
    <nd ref="8024692998"/>
    <nd ref="8024692999"/>
    <nd ref="8024693000"/>
    <nd ref="8024693001"/>
    <nd ref="8024693002"/>
    <nd ref="8024693003"/>
    <nd ref="8024693004"/>
    <nd ref="8024693005"/>
    <nd ref="8024693006"/>
    <nd ref="8024693007"/>
    <nd ref="8024693008"/>
    <nd ref="8024693009"/>
    <nd ref="8024693010"/>
    <nd ref="8024693011"/>
    <nd ref="8024693012"/>
    <nd ref="8024693013"/>
    <nd ref="8024693014"/>
    <nd ref="8024693015"/>
    <nd ref="8024693016"/>
    <nd ref="8024693017"/>
    <nd ref="8024692991"/>
    <tag k="building" v="residential"/>
  </way>
  <way id="860997013" version="2" timestamp="2022-01-20T15:19:54Z" changeset="116390312" uid="14899633" user="Hoanui">
    <nd ref="8024693533"/>
    <nd ref="8024693534"/>
    <nd ref="8024693535"/>
    <nd ref="8024693536"/>
    <nd ref="8024693537"/>
    <nd ref="8024693538"/>
    <nd ref="8024693539"/>
    <nd ref="8024693533"/>
    <tag k="building" v="retail"/>
  </way>
  <way id="860997014" version="1" timestamp="2020-10-20T09:49:39Z" changeset="92757968" uid="10555629" user="N_C_C">
    <nd ref="8024693540"/>
    <nd ref="8024693541"/>
    <nd ref="8024693542"/>
    <nd ref="8024693543"/>
    <nd ref="8024693544"/>
    <nd ref="8024693545"/>
    <nd ref="8024693546"/>
    <nd ref="8024693547"/>
    <nd ref="8024693548"/>
    <nd ref="8024693549"/>
    <nd ref="8024693550"/>
    <nd ref="8024693551"/>
    <nd ref="8024693552"/>
    <nd ref="8024693553"/>
    <nd ref="8024693554"/>
    <nd ref="8024693555"/>
    <nd ref="8024693556"/>
    <nd ref="8024693557"/>
    <nd ref="8024693558"/>
    <nd ref="8024693540"/>
    <tag k="building" v="yes"/>
  </way>
  <way id="861000634" version="1" timestamp="2020-10-20T09:56:03Z" changeset="92758452" uid="10555629" user="N_C_C">
    <nd ref="8024715804"/>
    <nd ref="8024715805"/>
    <nd ref="8024715806"/>
    <nd ref="8024715807"/>
    <nd ref="8024715808"/>
    <nd ref="8024715809"/>
    <nd ref="8024715810"/>
    <nd ref="8024715811"/>
    <nd ref="8024715812"/>
    <nd ref="8024715813"/>
    <nd ref="8024715814"/>
    <nd ref="8024715815"/>
    <nd ref="8024715804"/>
    <tag k="building" v="house"/>
  </way>
  <way id="861000635" version="1" timestamp="2020-10-20T09:56:03Z" changeset="92758452" uid="10555629" user="N_C_C">
    <nd ref="8024715804"/>
    <nd ref="8024715816"/>
    <nd ref="8024715817"/>
    <nd ref="8024715818"/>
    <nd ref="8024715819"/>
    <nd ref="8024715820"/>
    <nd ref="8024715821"/>
    <nd ref="8024715822"/>
    <nd ref="8024715823"/>
    <nd ref="8024715824"/>
    <nd ref="8024715825"/>
    <nd ref="8024715815"/>
    <nd ref="8024715804"/>
    <tag k="building" v="house"/>
  </way>
  <way id="861000636" version="1" timestamp="2020-10-20T09:56:03Z" changeset="92758452" uid="10555629" user="N_C_C">
    <nd ref="8024715814"/>
    <nd ref="8024715826"/>
    <nd ref="8024715827"/>
    <nd ref="8024715828"/>
    <nd ref="8024715829"/>
    <nd ref="8024715830"/>
    <nd ref="8024715831"/>
    <nd ref="8024715832"/>
    <nd ref="8024715833"/>
    <nd ref="8024715815"/>
    <nd ref="8024715814"/>
    <tag k="building" v="house"/>
  </way>
  <way id="861000637" version="1" timestamp="2020-10-20T09:56:03Z" changeset="92758452" uid="10555629" user="N_C_C">
    <nd ref="8024715825"/>
    <nd ref="8024715834"/>
    <nd ref="8024715835"/>
    <nd ref="8024715836"/>
    <nd ref="8024715837"/>
    <nd ref="8024715838"/>
    <nd ref="8024715839"/>
    <nd ref="8024715840"/>
    <nd ref="8024715833"/>
    <nd ref="8024715815"/>
    <nd ref="8024715825"/>
    <tag k="building" v="house"/>
  </way>
  <way id="861000638" version="1" timestamp="2020-10-20T09:56:03Z" changeset="92758452" uid="10555629" user="N_C_C">
    <nd ref="8024715833"/>
    <nd ref="8024715832"/>
    <nd ref="8024715841"/>
    <nd ref="8024715842"/>
    <nd ref="8024715843"/>
    <nd ref="8024715844"/>
    <nd ref="8024715845"/>
    <nd ref="8024715855"/>
    <nd ref="8024715851"/>
    <nd ref="8024715833"/>
    <tag k="building" v="house"/>
  </way>
  <way id="861000639" version="1" timestamp="2020-10-20T09:56:03Z" changeset="92758452" uid="10555629" user="N_C_C">
    <nd ref="8024715840"/>
    <nd ref="8024715846"/>
    <nd ref="8024715847"/>
    <nd ref="8024715848"/>
    <nd ref="8024715849"/>
    <nd ref="8024715850"/>
    <nd ref="8024715858"/>
    <nd ref="8024715851"/>
    <nd ref="8024715833"/>
    <nd ref="8024715840"/>
    <tag k="building" v="house"/>
  </way>
  <way id="861000640" version="1" timestamp="2020-10-20T09:56:03Z" changeset="92758452" uid="10555629" user="N_C_C">
    <nd ref="8024715852"/>
    <nd ref="8024715853"/>
    <nd ref="8024715854"/>
    <nd ref="8024715855"/>
    <nd ref="8024715851"/>
    <nd ref="8024715856"/>
    <nd ref="8024715852"/>
    <tag k="building" v="house"/>
  </way>
  <way id="861000641" version="1" timestamp="2020-10-20T09:56:03Z" changeset="92758452" uid="10555629" user="N_C_C">
    <nd ref="8024715857"/>
    <nd ref="8024715858"/>
    <nd ref="8024715851"/>
    <nd ref="8024715856"/>
    <nd ref="8024715857"/>
    <tag k="building" v="house"/>
  </way>
  <way id="881493098" version="2" timestamp="2023-07-01T11:15:42Z" changeset="137987672" uid="19736714" user="tomasrm22">
    <nd ref="8197995285"/>
    <nd ref="8197995287"/>
    <nd ref="8197995289"/>
    <nd ref="8197995291"/>
    <nd ref="8197995270"/>
    <nd ref="8197995283"/>
    <nd ref="8197995286"/>
    <nd ref="8197995285"/>
    <tag k="building" v="apartments"/>
  </way>
  <way id="881493099" version="1" timestamp="2020-12-06T04:30:46Z" changeset="95354558" uid="1193685" user="DiogoBaptista98">
    <nd ref="8197995283"/>
    <nd ref="8197995270"/>
    <nd ref="8197995272"/>
    <nd ref="8197995275"/>
    <nd ref="8197995277"/>
    <nd ref="8197995280"/>
    <nd ref="8197995279"/>
    <nd ref="8197995269"/>
    <nd ref="8197995268"/>
    <nd ref="8197995282"/>
    <nd ref="8197995283"/>
    <tag k="building" v="yes"/>
  </way>
  <way id="881493100" version="1" timestamp="2020-12-06T04:30:46Z" changeset="95354558" uid="1193685" user="DiogoBaptista98">
    <nd ref="8197995298"/>
    <nd ref="8197995296"/>
    <nd ref="8197995293"/>
    <nd ref="8197995291"/>
    <nd ref="8197995270"/>
    <nd ref="8197995272"/>
    <nd ref="8197995299"/>
    <nd ref="8197995297"/>
    <nd ref="8197995298"/>
    <tag k="building" v="yes"/>
  </way>
  <way id="881493101" version="1" timestamp="2020-12-06T04:30:46Z" changeset="95354558" uid="1193685" user="DiogoBaptista98">
    <nd ref="8197995272"/>
    <nd ref="8197995275"/>
    <nd ref="8197995273"/>
    <nd ref="8197995271"/>
    <nd ref="8197995301"/>
    <nd ref="8197995302"/>
    <nd ref="8197995299"/>
    <nd ref="8197995272"/>
    <tag k="building" v="yes"/>
  </way>
  <way id="881493102" version="1" timestamp="2020-12-06T04:30:46Z" changeset="95354558" uid="1193685" user="DiogoBaptista98">
    <nd ref="8197995276"/>
    <nd ref="8197995274"/>
    <nd ref="8197995273"/>
    <nd ref="8197995275"/>
    <nd ref="8197995276"/>
    <tag k="building" v="apartments"/>
  </way>
  <way id="881493103" version="1" timestamp="2020-12-06T04:30:46Z" changeset="95354558" uid="1193685" user="DiogoBaptista98">
    <nd ref="8197995277"/>
    <nd ref="8197995278"/>
    <nd ref="8197995276"/>
    <nd ref="8197995275"/>
    <nd ref="8197995277"/>
    <tag k="building" v="apartments"/>
  </way>
  <way id="881493104" version="1" timestamp="2020-12-06T04:30:46Z" changeset="95354558" uid="1193685" user="DiogoBaptista98">
    <nd ref="8197995280"/>
    <nd ref="8197995279"/>
    <nd ref="8197995278"/>
    <nd ref="8197995277"/>
    <nd ref="8197995280"/>
    <tag k="building" v="apartments"/>
  </way>
  <way id="881493105" version="1" timestamp="2020-12-06T04:30:46Z" changeset="95354558" uid="1193685" user="DiogoBaptista98">
    <nd ref="8197995283"/>
    <nd ref="8197995282"/>
    <nd ref="8197995268"/>
    <nd ref="8197995281"/>
    <nd ref="8197995284"/>
    <nd ref="8197995283"/>
    <tag k="building" v="apartments"/>
  </way>
  <way id="881493106" version="1" timestamp="2020-12-06T04:30:46Z" changeset="95354558" uid="1193685" user="DiogoBaptista98">
    <nd ref="8197995286"/>
    <nd ref="8197995285"/>
    <nd ref="8197995284"/>
    <nd ref="8197995283"/>
    <nd ref="8197995286"/>
    <tag k="building" v="apartments"/>
  </way>
  <way id="881493107" version="3" timestamp="2022-10-09T08:20:46Z" changeset="127235308" uid="17329951" user="josejade">
    <nd ref="8197995290"/>
    <nd ref="8197995288"/>
    <nd ref="8197995287"/>
    <nd ref="8197995289"/>
    <nd ref="8197995290"/>
    <tag k="addr:housenumber" v="33"/>
    <tag k="addr:street" v="Rua Abel Salazar"/>
    <tag k="building" v="apartments"/>
  </way>
  <way id="881493108" version="3" timestamp="2022-10-09T08:20:47Z" changeset="127235308" uid="17329951" user="josejade">
    <nd ref="8197995292"/>
    <nd ref="8197995290"/>
    <nd ref="8197995289"/>
    <nd ref="8197995291"/>
    <nd ref="8197995292"/>
    <tag k="addr:housenumber" v="35"/>
    <tag k="addr:street" v="Rua Abel Salazar"/>
    <tag k="building" v="apartments"/>
  </way>
  <way id="881493109" version="3" timestamp="2022-10-09T08:20:48Z" changeset="127235308" uid="17329951" user="josejade">
    <nd ref="8197995294"/>
    <nd ref="8197995292"/>
    <nd ref="8197995291"/>
    <nd ref="8197995293"/>
    <nd ref="8197995294"/>
    <tag k="addr:housenumber" v="37"/>
    <tag k="addr:street" v="Rua Abel Salazar"/>
    <tag k="building" v="apartments"/>
  </way>
  <way id="881493110" version="3" timestamp="2022-10-09T08:20:48Z" changeset="127235308" uid="17329951" user="josejade">
    <nd ref="8197995296"/>
    <nd ref="8197995295"/>
    <nd ref="8197995294"/>
    <nd ref="8197995293"/>
    <nd ref="8197995296"/>
    <tag k="addr:housenumber" v="39"/>
    <tag k="addr:street" v="Rua Abel Salazar"/>
    <tag k="building" v="apartments"/>
  </way>
  <way id="881493111" version="1" timestamp="2020-12-06T04:30:46Z" changeset="95354558" uid="1193685" user="DiogoBaptista98">
    <nd ref="8197995300"/>
    <nd ref="8197995298"/>
    <nd ref="8197995297"/>
    <nd ref="8197995299"/>
    <nd ref="8197995300"/>
    <tag k="building" v="apartments"/>
  </way>
  <way id="881493112" version="1" timestamp="2020-12-06T04:30:46Z" changeset="95354558" uid="1193685" user="DiogoBaptista98">
    <nd ref="8197995302"/>
    <nd ref="8197995301"/>
    <nd ref="8197995300"/>
    <nd ref="8197995299"/>
    <nd ref="8197995302"/>
    <tag k="building" v="apartments"/>
  </way>
  <way id="881493113" version="2" timestamp="2023-07-01T11:15:32Z" changeset="137987672" uid="19736714" user="tomasrm22">
    <nd ref="8198018025"/>
    <nd ref="8197995304"/>
    <nd ref="8197995303"/>
    <nd ref="8198018024"/>
    <nd ref="8198018023"/>
    <nd ref="8197995305"/>
    <nd ref="8198018028"/>
    <nd ref="8198018026"/>
    <nd ref="8198018025"/>
    <tag k="building" v="apartments"/>
  </way>
  <way id="881493114" version="2" timestamp="2023-07-01T11:06:31Z" changeset="137987672" uid="19736714" user="tomasrm22">
    <nd ref="8198018019"/>
    <nd ref="8198018018"/>
    <nd ref="8197995315"/>
    <nd ref="8197995313"/>
    <nd ref="8197995308"/>
    <nd ref="8197995305"/>
    <nd ref="8198018023"/>
    <nd ref="8198018020"/>
    <nd ref="8198018019"/>
    <tag k="building" v="apartments"/>
  </way>
  <way id="881493115" version="1" timestamp="2020-12-06T04:30:46Z" changeset="95354558" uid="1193685" user="DiogoBaptista98">
    <nd ref="8197995308"/>
    <nd ref="8198018037"/>
    <nd ref="8198018038"/>
    <nd ref="8198018035"/>
    <nd ref="8197995307"/>
    <nd ref="8197995306"/>
    <nd ref="8198018031"/>
    <nd ref="8198018030"/>
    <nd ref="8198018028"/>
    <nd ref="8197995305"/>
    <nd ref="8197995308"/>
    <tag k="building" v="yes"/>
  </way>
  <way id="881493116" version="1" timestamp="2020-12-06T04:30:46Z" changeset="95354558" uid="1193685" user="DiogoBaptista98">
    <nd ref="8198018034"/>
    <nd ref="8197995309"/>
    <nd ref="8197995311"/>
    <nd ref="8197995313"/>
    <nd ref="8197995308"/>
    <nd ref="8198018037"/>
    <nd ref="8198018033"/>
    <nd ref="8198018034"/>
    <tag k="building" v="yes"/>
  </way>
  <way id="881493117" version="3" timestamp="2022-10-09T08:20:51Z" changeset="127235308" uid="17329951" user="josejade">
    <nd ref="8197995312"/>
    <nd ref="8197995310"/>
    <nd ref="8197995309"/>
    <nd ref="8197995311"/>
    <nd ref="8197995312"/>
    <tag k="addr:housenumber" v="42"/>
    <tag k="addr:street" v="Rua Abel Salazar"/>
    <tag k="building" v="apartments"/>
  </way>
  <way id="881493118" version="3" timestamp="2022-10-09T08:20:51Z" changeset="127235308" uid="17329951" user="josejade">
    <nd ref="8197995314"/>
    <nd ref="8197995312"/>
    <nd ref="8197995311"/>
    <nd ref="8197995313"/>
    <nd ref="8197995314"/>
    <tag k="addr:housenumber" v="40"/>
    <tag k="addr:street" v="Rua Abel Salazar"/>
    <tag k="building" v="apartments"/>
  </way>
  <way id="881493119" version="3" timestamp="2022-10-09T08:20:50Z" changeset="127235308" uid="17329951" user="josejade">
    <nd ref="8197995316"/>
    <nd ref="8197995314"/>
    <nd ref="8197995313"/>
    <nd ref="8197995315"/>
    <nd ref="8197995316"/>
    <tag k="addr:housenumber" v="38"/>
    <tag k="addr:street" v="Rua Abel Salazar"/>
    <tag k="building" v="apartments"/>
  </way>
  <way id="881493120" version="3" timestamp="2022-10-09T08:20:49Z" changeset="127235308" uid="17329951" user="josejade">
    <nd ref="8198018018"/>
    <nd ref="8198018017"/>
    <nd ref="8197995316"/>
    <nd ref="8197995315"/>
    <nd ref="8198018018"/>
    <tag k="addr:housenumber" v="36"/>
    <tag k="addr:street" v="Rua Abel Salazar"/>
    <tag k="building" v="apartments"/>
  </way>
  <way id="881493121" version="3" timestamp="2023-07-01T11:05:13Z" changeset="137987907" uid="19736714" user="tomasrm22">
    <nd ref="8198018023"/>
    <nd ref="8198018020"/>
    <nd ref="8198018019"/>
    <nd ref="8198018022"/>
    <nd ref="8198018023"/>
    <tag k="addr:housenumber" v="11"/>
    <tag k="addr:street" v="Rua Armindo Rodrigues"/>
    <tag k="building" v="apartments"/>
  </way>
  <way id="881493122" version="3" timestamp="2023-07-01T11:04:52Z" changeset="137987907" uid="19736714" user="tomasrm22">
    <nd ref="8198018024"/>
    <nd ref="8198018023"/>
    <nd ref="8198018022"/>
    <nd ref="8198018021"/>
    <nd ref="8197995303"/>
    <nd ref="8198018024"/>
    <tag k="addr:housenumber" v="13"/>
    <tag k="addr:street" v="Rua Armindo Rodrigues"/>
    <tag k="building" v="apartments"/>
  </way>
  <way id="881493123" version="1" timestamp="2020-12-06T04:30:46Z" changeset="95354558" uid="1193685" user="DiogoBaptista98">
    <nd ref="8198018027"/>
    <nd ref="8198018028"/>
    <nd ref="8198018026"/>
    <nd ref="8198018025"/>
    <nd ref="8198018027"/>
    <tag k="building" v="apartments"/>
  </way>
  <way id="881493124" version="1" timestamp="2020-12-06T04:30:46Z" changeset="95354558" uid="1193685" user="DiogoBaptista98">
    <nd ref="8198018029"/>
    <nd ref="8198018030"/>
    <nd ref="8198018028"/>
    <nd ref="8198018027"/>
    <nd ref="8198018029"/>
    <tag k="building" v="apartments"/>
  </way>
  <way id="881493125" version="1" timestamp="2020-12-06T04:30:46Z" changeset="95354558" uid="1193685" user="DiogoBaptista98">
    <nd ref="8198018032"/>
    <nd ref="8197995306"/>
    <nd ref="8198018031"/>
    <nd ref="8198018030"/>
    <nd ref="8198018029"/>
    <nd ref="8198018032"/>
    <tag k="building" v="apartments"/>
  </way>
  <way id="881493126" version="1" timestamp="2020-12-06T04:30:46Z" changeset="95354558" uid="1193685" user="DiogoBaptista98">
    <nd ref="8198018036"/>
    <nd ref="8198018034"/>
    <nd ref="8198018033"/>
    <nd ref="8198018037"/>
    <nd ref="8198018036"/>
    <tag k="building" v="apartments"/>
  </way>
  <way id="881493127" version="1" timestamp="2020-12-06T04:30:46Z" changeset="95354558" uid="1193685" user="DiogoBaptista98">
    <nd ref="8198018038"/>
    <nd ref="8198018037"/>
    <nd ref="8198018036"/>
    <nd ref="8198018035"/>
    <nd ref="8198018038"/>
    <tag k="building" v="apartments"/>
  </way>
  <way id="881493128" version="1" timestamp="2020-12-06T04:30:46Z" changeset="95354558" uid="1193685" user="DiogoBaptista98">
    <nd ref="8198018051"/>
    <nd ref="8198018049"/>
    <nd ref="8198018048"/>
    <nd ref="8198018047"/>
    <nd ref="8198018046"/>
    <nd ref="8198018045"/>
    <nd ref="8198018044"/>
    <nd ref="8198018043"/>
    <nd ref="8198018042"/>
    <nd ref="8198018041"/>
    <nd ref="8198018040"/>
    <nd ref="8198018039"/>
    <nd ref="8198018051"/>
    <tag k="building" v="apartments"/>
  </way>
  <way id="881493129" version="1" timestamp="2020-12-06T04:30:46Z" changeset="95354558" uid="1193685" user="DiogoBaptista98">
    <nd ref="8198018053"/>
    <nd ref="8198018051"/>
    <nd ref="8198018039"/>
    <nd ref="8198018050"/>
    <nd ref="8198018054"/>
    <nd ref="8198018053"/>
    <tag k="building" v="apartments"/>
  </way>
  <way id="881493130" version="2" timestamp="2022-11-15T22:44:13Z" changeset="128962263" uid="1193685" user="DiogoBaptista98">
    <nd ref="8198018055"/>
    <nd ref="10187000276"/>
    <nd ref="8198018054"/>
    <nd ref="8198018053"/>
    <nd ref="10187000275"/>
    <nd ref="8198018052"/>
    <nd ref="8198018057"/>
    <nd ref="8198018055"/>
    <tag k="building" v="apartments"/>
  </way>
  <way id="881493131" version="1" timestamp="2020-12-06T04:30:46Z" changeset="95354558" uid="1193685" user="DiogoBaptista98">
    <nd ref="8198018059"/>
    <nd ref="8198018058"/>
    <nd ref="8198018055"/>
    <nd ref="8198018057"/>
    <nd ref="8198018056"/>
    <nd ref="8198018059"/>
    <tag k="building" v="apartments"/>
  </way>
  <way id="881493132" version="2" timestamp="2022-10-09T08:19:06Z" changeset="127235325" uid="17329951" user="josejade">
    <nd ref="8198018065"/>
    <nd ref="8198018064"/>
    <nd ref="8198018063"/>
    <nd ref="8198018062"/>
    <nd ref="8198018061"/>
    <nd ref="8198018060"/>
    <nd ref="8198018065"/>
    <tag k="building" v="apartments"/>
  </way>
  <way id="881493133" version="3" timestamp="2023-07-01T11:03:56Z" changeset="137987907" uid="19736714" user="tomasrm22">
    <nd ref="8198018069"/>
    <nd ref="8198018067"/>
    <nd ref="8198018066"/>
    <nd ref="8198018068"/>
    <nd ref="8198018069"/>
    <tag k="addr:housenumber" v="26"/>
    <tag k="addr:street" v="Rua Armindo Rodrigues"/>
    <tag k="building" v="apartments"/>
  </way>
  <way id="881493134" version="3" timestamp="2023-07-01T11:04:19Z" changeset="137987907" uid="19736714" user="tomasrm22">
    <nd ref="8198018071"/>
    <nd ref="8198018070"/>
    <nd ref="8198018069"/>
    <nd ref="8198018068"/>
    <nd ref="8198018071"/>
    <tag k="addr:housenumber" v="24"/>
    <tag k="addr:street" v="Rua Armindo Rodrigues"/>
    <tag k="building" v="apartments"/>
  </way>
  <way id="881493135" version="1" timestamp="2020-12-06T04:30:46Z" changeset="95354558" uid="1193685" user="DiogoBaptista98">
    <nd ref="8198018075"/>
    <nd ref="8198018073"/>
    <nd ref="8198018072"/>
    <nd ref="8198018074"/>
    <nd ref="8198018075"/>
    <tag k="building" v="apartments"/>
  </way>
  <way id="881493136" version="1" timestamp="2020-12-06T04:30:46Z" changeset="95354558" uid="1193685" user="DiogoBaptista98">
    <nd ref="8198018077"/>
    <nd ref="8198018076"/>
    <nd ref="8198018075"/>
    <nd ref="8198018074"/>
    <nd ref="8198018077"/>
    <tag k="building" v="apartments"/>
  </way>
  <way id="881493137" version="1" timestamp="2020-12-06T04:30:46Z" changeset="95354558" uid="1193685" user="DiogoBaptista98">
    <nd ref="8198018105"/>
    <nd ref="8198018103"/>
    <nd ref="8198018102"/>
    <nd ref="8198018101"/>
    <nd ref="8198018100"/>
    <nd ref="8198018099"/>
    <nd ref="8198018098"/>
    <nd ref="8198018097"/>
    <nd ref="8198018096"/>
    <nd ref="8198018095"/>
    <nd ref="8198018094"/>
    <nd ref="8198018093"/>
    <nd ref="8198018092"/>
    <nd ref="8198018091"/>
    <nd ref="8198018105"/>
    <tag k="building" v="apartments"/>
  </way>
  <way id="881493138" version="1" timestamp="2020-12-06T04:30:46Z" changeset="95354558" uid="1193685" user="DiogoBaptista98">
    <nd ref="8198018108"/>
    <nd ref="8198018105"/>
    <nd ref="8198018091"/>
    <nd ref="8198018104"/>
    <nd ref="8198018107"/>
    <nd ref="8198018108"/>
    <tag k="building" v="apartments"/>
  </way>
  <way id="881493139" version="1" timestamp="2020-12-06T04:30:46Z" changeset="95354558" uid="1193685" user="DiogoBaptista98">
    <nd ref="8198018111"/>
    <nd ref="8198018109"/>
    <nd ref="8198018108"/>
    <nd ref="8198018107"/>
    <nd ref="8198018106"/>
    <nd ref="8198018111"/>
    <tag k="building" v="apartments"/>
  </way>
  <way id="881493140" version="1" timestamp="2020-12-06T04:30:46Z" changeset="95354558" uid="1193685" user="DiogoBaptista98">
    <nd ref="8198018113"/>
    <nd ref="8198018111"/>
    <nd ref="8198018106"/>
    <nd ref="8198018110"/>
    <nd ref="8198018112"/>
    <nd ref="8198018113"/>
    <tag k="building" v="apartments"/>
  </way>
  <way id="881493141" version="1" timestamp="2020-12-06T04:30:46Z" changeset="95354558" uid="1193685" user="DiogoBaptista98">
    <nd ref="8198018115"/>
    <nd ref="8198018113"/>
    <nd ref="8198018112"/>
    <nd ref="8198018114"/>
    <nd ref="8198018115"/>
    <tag k="building" v="apartments"/>
  </way>
  <way id="881493142" version="1" timestamp="2020-12-06T04:30:46Z" changeset="95354558" uid="1193685" user="DiogoBaptista98">
    <nd ref="8198018117"/>
    <nd ref="8198018116"/>
    <nd ref="8198018115"/>
    <nd ref="8198018114"/>
    <nd ref="8198018117"/>
    <tag k="building" v="apartments"/>
  </way>
  <way id="881493143" version="2" timestamp="2024-10-20T14:06:07Z" changeset="158129950" uid="20972402" user="DanielAgos">
    <nd ref="8198018122"/>
    <nd ref="8198018121"/>
    <nd ref="8198018120"/>
    <nd ref="8198018119"/>
    <nd ref="12271101920"/>
    <nd ref="8198018118"/>
    <tag k="highway" v="service"/>
  </way>
  <way id="948125173" version="6" timestamp="2026-04-10T14:56:43Z" changeset="181152258" uid="11912760" user="aselvadeasfalto">
    <nd ref="2753330541"/>
    <nd ref="2753330535"/>
    <tag k="description" v="Toponímia: Médico 1884 - 1963. Início: Rua Prof. Vieira de Almeida. Fim: Avenida das Nações Unidas."/>
    <tag k="highway" v="secondary"/>
    <tag k="lanes" v="4"/>
    <tag k="name" v="Rua Professor Pulido Valente"/>
    <tag k="name:etymology:wikidata" v="Q10285097"/>
    <tag k="source" v="bing"/>
    <tag k="source:description" v="dadosabertos.cm-lisboa.pt"/>
    <tag k="source:pkey" v="2069"/>
    <tag k="start_date" v="1978-03-06"/>
    <tag k="surface" v="asphalt"/>
    <tag k="website" v="https://revelar.lisboa.pt/explorar/toponimia/detalhe?tx_toponimia_pi1%5Baction%5D=show&amp;tx_toponimia_pi1%5Bcontroller%5D=Toponimia&amp;tx_toponimia_pi1%5Btopid%5D=2069"/>
  </way>
  <way id="961106204" version="3" timestamp="2023-06-27T18:44:40Z" changeset="137848258" uid="705092" user="hvalentim">
    <nd ref="8890831088"/>
    <nd ref="5201172923"/>
    <nd ref="257665381"/>
    <nd ref="254940973"/>
    <tag k="description" v="Toponímia: Matemático 1901 - 1948. Início: Rua Abel Salazar. Fim: Rua Prof. Prado Coelho."/>
    <tag k="highway" v="residential"/>
    <tag k="name" v="Rua Professor Bento de Jesus Caraça"/>
    <tag k="source" v="bing"/>
    <tag k="source:description" v="dadosabertos.cm-lisboa.pt"/>
    <tag k="source:pkey" v="61"/>
    <tag k="start_date" v="1978-03-06"/>
    <tag k="website" v="https://revelar.lisboa.pt/explorar/toponimia/detalhe?tx_toponimia_pi1%5Baction%5D=show&amp;tx_toponimia_pi1%5Bcontroller%5D=Toponimia&amp;tx_toponimia_pi1%5Btopid%5D=61"/>
  </way>
  <way id="981629580" version="5" timestamp="2026-04-25T09:45:21Z" changeset="181798434" uid="20972402" user="DanielAgos">
    <nd ref="13760400331"/>
    <nd ref="9079773884"/>
    <nd ref="254811773"/>
    <nd ref="12115455359"/>
    <nd ref="9079773890"/>
    <tag k="crossing" v="marked"/>
    <tag k="footway" v="crossing"/>
    <tag k="highway" v="footway"/>
  </way>
  <way id="1003301387" version="1" timestamp="2021-11-17T01:33:01Z" changeset="113876124" uid="1193685" user="DiogoBaptista98">
    <nd ref="9258702603"/>
    <nd ref="484248561"/>
    <nd ref="9258702604"/>
    <nd ref="9258702605"/>
    <nd ref="1933000181"/>
    <nd ref="254811761"/>
    <nd ref="9258702602"/>
    <nd ref="9258702589"/>
    <nd ref="9258702606"/>
    <nd ref="9258702607"/>
    <nd ref="9258702590"/>
    <nd ref="9258702591"/>
    <nd ref="9258702592"/>
    <nd ref="9258702593"/>
    <nd ref="9258702594"/>
    <nd ref="9258702595"/>
    <nd ref="9258702596"/>
    <nd ref="8796161209"/>
    <nd ref="7734944664"/>
    <tag k="highway" v="footway"/>
  </way>
  <way id="1003301388" version="7" timestamp="2024-01-30T23:03:44Z" changeset="146882542" uid="11152051" user="RazorWind">
    <nd ref="5201170279"/>
    <nd ref="5201170265"/>
    <tag k="handrail" v="yes"/>
    <tag k="highway" v="steps"/>
    <tag k="incline" v="up"/>
    <tag k="ramp" v="no"/>
    <tag k="step_count" v="18"/>
    <tag k="surface" v="sett"/>
  </way>
  <way id="1003762721" version="2" timestamp="2022-10-14T15:02:30Z" changeset="127530644" uid="1193685" user="DiogoBaptista98">
    <nd ref="9262134073"/>
    <nd ref="9262134074"/>
    <nd ref="9262134075"/>
    <nd ref="9262134076"/>
    <nd ref="9262134077"/>
    <nd ref="9262134078"/>
    <nd ref="9262134073"/>
    <tag k="building" v="industrial"/>
  </way>
  <way id="1003762722" version="3" timestamp="2026-04-08T08:44:25Z" changeset="181036708" uid="2644617" user="Jimiiee">
    <nd ref="3936256625"/>
    <nd ref="4271011359"/>
    <nd ref="3936256624"/>
    <nd ref="3936256622"/>
    <nd ref="3936256620"/>
    <nd ref="3936256623"/>
    <nd ref="13715708663"/>
    <nd ref="3936256625"/>
    <tag k="landuse" v="industrial"/>
    <tag k="man_made" v="water_works"/>
    <tag k="name" v="Reservatório de Telheiras"/>
    <tag k="operator" v="EPAL"/>
  </way>
  <way id="1022917732" version="3" timestamp="2022-01-20T15:14:10Z" changeset="116389913" uid="14899633" user="Hoanui">
    <nd ref="5201170299"/>
    <nd ref="9433941363"/>
    <tag k="crossing" v="marked"/>
    <tag k="footway" v="crossing"/>
    <tag k="highway" v="footway"/>
    <tag k="lit" v="yes"/>
    <tag k="surface" v="sett"/>
  </way>
  <way id="1022918484" version="4" timestamp="2022-01-20T15:16:14Z" changeset="116389877" uid="14899633" user="Hoanui">
    <nd ref="5201170301"/>
    <nd ref="5201172937"/>
    <tag k="handrail" v="no"/>
    <tag k="highway" v="steps"/>
    <tag k="incline" v="up"/>
    <tag k="ramp" v="no"/>
    <tag k="surface" v="sett"/>
  </way>
  <way id="1029450493" version="2" timestamp="2024-11-27T14:26:21Z" changeset="159661683" uid="102819" user="adaptive">
    <nd ref="9491112161"/>
    <nd ref="9491112162"/>
    <tag k="bridge" v="yes"/>
    <tag k="highway" v="footway"/>
    <tag k="layer" v="1"/>
    <tag k="surface" v="sett"/>
  </way>
  <way id="1029450494" version="2" timestamp="2024-11-27T14:27:00Z" changeset="159661683" uid="102819" user="adaptive">
    <nd ref="6776035914"/>
    <nd ref="9491112161"/>
    <tag k="highway" v="footway"/>
    <tag k="surface" v="sett"/>
  </way>
  <way id="1029450499" version="3" timestamp="2023-06-27T18:44:40Z" changeset="137848258" uid="705092" user="hvalentim">
    <nd ref="2753372140"/>
    <nd ref="9491112196"/>
    <nd ref="9491112195"/>
    <nd ref="9491112191"/>
    <nd ref="9491112190"/>
    <nd ref="259286730"/>
    <tag k="description" v="Toponímia: Historiador de Arte - 1866 - 1961. Início: Rua Fernando Namora. Fim: Rua Professor Pulido Valente e Avenida das Nações Unidas."/>
    <tag k="highway" v="residential"/>
    <tag k="lanes" v="2"/>
    <tag k="name" v="Rua Professor João Barreira"/>
    <tag k="oneway" v="yes"/>
    <tag k="source:description" v="dadosabertos.cm-lisboa.pt"/>
    <tag k="source:pkey" v="3023"/>
    <tag k="start_date" v="1978-03-06"/>
    <tag k="surface" v="asphalt"/>
    <tag k="website" v="https://revelar.lisboa.pt/explorar/toponimia/detalhe?tx_toponimia_pi1%5Baction%5D=show&amp;tx_toponimia_pi1%5Bcontroller%5D=Toponimia&amp;tx_toponimia_pi1%5Btopid%5D=3023"/>
  </way>
  <way id="1029450501" version="2" timestamp="2024-11-27T14:26:25Z" changeset="159661683" uid="102819" user="adaptive">
    <nd ref="9491112162"/>
    <nd ref="9491112163"/>
    <nd ref="9491112164"/>
    <nd ref="9491112165"/>
    <nd ref="9491112166"/>
    <nd ref="9491112167"/>
    <nd ref="2753372145"/>
    <nd ref="9491112200"/>
    <nd ref="259286731"/>
    <nd ref="9491112199"/>
    <tag k="highway" v="footway"/>
    <tag k="surface" v="sett"/>
  </way>
  <way id="1029450502" version="1" timestamp="2022-02-09T00:44:11Z" changeset="117181264" uid="1193685" user="DiogoBaptista98">
    <nd ref="9491112210"/>
    <nd ref="3807675860"/>
    <tag k="highway" v="steps"/>
  </way>
  <way id="1029451430" version="5" timestamp="2026-04-10T14:56:43Z" changeset="181152258" uid="11912760" user="aselvadeasfalto">
    <nd ref="5201172984"/>
    <nd ref="9491112209"/>
    <nd ref="2753330541"/>
    <tag k="description" v="Toponímia: Médico 1884 - 1963. Início: Rua Prof. Vieira de Almeida. Fim: Avenida das Nações Unidas."/>
    <tag k="highway" v="secondary"/>
    <tag k="lanes" v="4"/>
    <tag k="name" v="Rua Professor Pulido Valente"/>
    <tag k="name:etymology:wikidata" v="Q10285097"/>
    <tag k="source" v="bing"/>
    <tag k="source:description" v="dadosabertos.cm-lisboa.pt"/>
    <tag k="source:pkey" v="2069"/>
    <tag k="start_date" v="1978-03-06"/>
    <tag k="surface" v="asphalt"/>
    <tag k="website" v="https://revelar.lisboa.pt/explorar/toponimia/detalhe?tx_toponimia_pi1%5Baction%5D=show&amp;tx_toponimia_pi1%5Bcontroller%5D=Toponimia&amp;tx_toponimia_pi1%5Btopid%5D=2069"/>
  </way>
  <way id="1103899770" version="3" timestamp="2025-04-20T18:37:16Z" changeset="165208128" uid="12609629" user="PedroMTG13">
    <nd ref="3976600748"/>
    <nd ref="10101683345"/>
    <nd ref="10101683346"/>
    <nd ref="10101683332"/>
    <nd ref="10101683331"/>
    <nd ref="10101683330"/>
    <nd ref="10101683329"/>
    <nd ref="10101683324"/>
    <nd ref="10101683349"/>
    <nd ref="10101683350"/>
    <nd ref="10101683351"/>
    <nd ref="10101683353"/>
    <nd ref="10101683352"/>
    <nd ref="10101683355"/>
    <nd ref="10101683354"/>
    <nd ref="10101683356"/>
    <nd ref="10101683357"/>
    <nd ref="10101683358"/>
    <nd ref="10101683359"/>
    <nd ref="10101683360"/>
    <nd ref="10101683361"/>
    <nd ref="10101683362"/>
    <nd ref="10101683363"/>
    <nd ref="10101683364"/>
    <nd ref="10101683365"/>
    <nd ref="10101683366"/>
    <nd ref="10101683367"/>
    <nd ref="10101683368"/>
    <nd ref="10101683369"/>
    <nd ref="10101683370"/>
    <nd ref="10101683371"/>
    <nd ref="10101683372"/>
    <nd ref="10101683373"/>
    <nd ref="10101683374"/>
    <nd ref="10101683375"/>
    <nd ref="10101683376"/>
    <nd ref="10101683377"/>
    <nd ref="10101683378"/>
    <nd ref="10101683379"/>
    <nd ref="10101683380"/>
    <nd ref="10101683381"/>
    <nd ref="10101683382"/>
    <nd ref="10101683383"/>
    <nd ref="10101683384"/>
    <nd ref="10101683385"/>
    <nd ref="10101683386"/>
    <nd ref="10101683387"/>
    <nd ref="10101683388"/>
    <nd ref="10101683389"/>
    <nd ref="10101683390"/>
    <nd ref="10101683391"/>
    <nd ref="10101683392"/>
    <nd ref="10101683393"/>
    <nd ref="10101683394"/>
    <nd ref="10101683395"/>
    <nd ref="10101683396"/>
    <nd ref="10101683397"/>
    <nd ref="10101683398"/>
    <nd ref="10101683399"/>
    <nd ref="10101683400"/>
    <nd ref="10101683401"/>
    <nd ref="9799243433"/>
    <nd ref="10101683402"/>
    <nd ref="10101683403"/>
    <nd ref="10101683404"/>
    <nd ref="10101683405"/>
    <nd ref="10101683406"/>
    <nd ref="10101683407"/>
    <nd ref="10101683408"/>
    <nd ref="10101683409"/>
    <nd ref="10101683410"/>
    <nd ref="10101683411"/>
    <nd ref="10101683412"/>
    <nd ref="10101683413"/>
    <nd ref="10101683414"/>
    <nd ref="10101683415"/>
    <nd ref="10101683416"/>
    <nd ref="10101683417"/>
    <nd ref="10101683418"/>
    <nd ref="10101683419"/>
    <nd ref="10101683420"/>
    <nd ref="10101683421"/>
    <nd ref="10101683422"/>
    <nd ref="10101683423"/>
    <nd ref="10101683424"/>
    <nd ref="10101683425"/>
    <nd ref="10101683426"/>
    <nd ref="10101683427"/>
    <nd ref="10101683428"/>
    <nd ref="10101683429"/>
    <nd ref="10101683430"/>
    <nd ref="10101683431"/>
    <nd ref="10101683432"/>
    <nd ref="10101683433"/>
    <nd ref="10101683434"/>
    <nd ref="10101683435"/>
    <nd ref="10101683436"/>
    <nd ref="10101683437"/>
    <nd ref="10101683438"/>
    <nd ref="10101683442"/>
    <nd ref="10101683441"/>
    <nd ref="10101683440"/>
    <nd ref="10101683439"/>
    <tag k="layer" v="-1"/>
    <tag k="location" v="underground"/>
    <tag k="man_made" v="pipeline"/>
    <tag k="name" v="Adutor Vila Franca de Xira-Telheiras"/>
    <tag k="source" v="Bing"/>
    <tag k="substance" v="water"/>
    <tag k="tunnel" v="yes"/>
    <tag k="usage" v="transmission"/>
  </way>
  <way id="1113471087" version="1" timestamp="2022-11-15T22:44:13Z" changeset="128962263" uid="1193685" user="DiogoBaptista98">
    <nd ref="10187000276"/>
    <nd ref="10187000275"/>
    <tag k="access" v="private"/>
    <tag k="highway" v="service"/>
    <tag k="service" v="driveway"/>
    <tag k="tunnel" v="building_passage"/>
  </way>
  <way id="1113471088" version="1" timestamp="2022-11-15T22:44:13Z" changeset="128962263" uid="1193685" user="DiogoBaptista98">
    <nd ref="10187000277"/>
    <nd ref="10187000276"/>
    <tag k="access" v="private"/>
    <tag k="highway" v="service"/>
    <tag k="service" v="driveway"/>
  </way>
  <way id="1113471089" version="1" timestamp="2022-11-15T22:44:13Z" changeset="128962263" uid="1193685" user="DiogoBaptista98">
    <nd ref="10187000275"/>
    <nd ref="10187000279"/>
    <nd ref="10187000278"/>
    <tag k="access" v="private"/>
    <tag k="highway" v="service"/>
    <tag k="service" v="driveway"/>
  </way>
  <way id="1113471090" version="1" timestamp="2022-11-15T22:44:13Z" changeset="128962263" uid="1193685" user="DiogoBaptista98">
    <nd ref="10187000283"/>
    <nd ref="10187000282"/>
    <nd ref="10187000280"/>
    <nd ref="10187000281"/>
    <tag k="access" v="private"/>
    <tag k="highway" v="service"/>
    <tag k="service" v="driveway"/>
  </way>
  <way id="1113471091" version="1" timestamp="2022-11-15T22:44:13Z" changeset="128962263" uid="1193685" user="DiogoBaptista98">
    <nd ref="10187000286"/>
    <nd ref="10187000285"/>
    <nd ref="10187000284"/>
    <nd ref="1932447004"/>
    <tag k="access" v="private"/>
    <tag k="highway" v="service"/>
    <tag k="service" v="driveway"/>
  </way>
  <way id="1113471092" version="1" timestamp="2022-11-15T22:44:13Z" changeset="128962263" uid="1193685" user="DiogoBaptista98">
    <nd ref="10187000293"/>
    <nd ref="10187000292"/>
    <nd ref="10187000291"/>
    <nd ref="10187000290"/>
    <nd ref="10187000293"/>
    <tag k="building" v="roof"/>
    <tag k="layer" v="1"/>
  </way>
  <way id="1113471093" version="1" timestamp="2022-11-15T22:44:13Z" changeset="128962263" uid="1193685" user="DiogoBaptista98">
    <nd ref="10187000294"/>
    <nd ref="10187000297"/>
    <tag k="highway" v="footway"/>
  </way>
  <way id="1113471094" version="1" timestamp="2022-11-15T22:44:13Z" changeset="128962263" uid="1193685" user="DiogoBaptista98">
    <nd ref="10187000295"/>
    <nd ref="10187000296"/>
    <tag k="highway" v="footway"/>
  </way>
  <way id="1113471095" version="1" timestamp="2022-11-15T22:44:13Z" changeset="128962263" uid="1193685" user="DiogoBaptista98">
    <nd ref="10187000297"/>
    <nd ref="10187000296"/>
    <tag k="highway" v="steps"/>
  </way>
  <way id="1113471096" version="2" timestamp="2026-04-08T08:44:25Z" changeset="181036708" uid="2644617" user="Jimiiee">
    <nd ref="10187000300"/>
    <nd ref="13715660900"/>
    <nd ref="10187000299"/>
    <nd ref="10187000289"/>
    <nd ref="5123475809"/>
    <nd ref="10187000298"/>
    <tag k="barrier" v="retaining_wall"/>
  </way>
  <way id="1161310118" version="2" timestamp="2024-09-05T18:30:46Z" changeset="156243818" uid="11912760" user="aselvadeasfalto">
    <nd ref="4162331753"/>
    <nd ref="430435426"/>
    <nd ref="2753390323"/>
    <tag k="bicycle" v="designated"/>
    <tag k="crossing" v="traffic_signals"/>
    <tag k="foot" v="designated"/>
    <tag k="footway" v="crossing"/>
    <tag k="highway" v="footway"/>
    <tag k="lit" v="yes"/>
    <tag k="motor_vehicle" v="no"/>
    <tag k="segregated" v="no"/>
    <tag k="surface" v="asphalt"/>
    <tag k="width" v="2.00"/>
  </way>
  <way id="1163088067" version="3" timestamp="2024-01-30T23:03:44Z" changeset="146882542" uid="11152051" user="RazorWind">
    <nd ref="5201172930"/>
    <nd ref="10816811961"/>
    <tag k="highway" v="steps"/>
  </way>
  <way id="1163088068" version="3" timestamp="2024-01-30T23:03:44Z" changeset="146882542" uid="11152051" user="RazorWind">
    <nd ref="5201170315"/>
    <nd ref="10816811962"/>
    <nd ref="10816811963"/>
    <tag k="highway" v="steps"/>
  </way>
  <way id="1163088069" version="2" timestamp="2024-01-30T23:03:44Z" changeset="146882542" uid="11152051" user="RazorWind">
    <nd ref="5201170312"/>
    <nd ref="5201172929"/>
    <tag k="highway" v="steps"/>
  </way>
  <way id="1163088070" version="2" timestamp="2024-01-30T23:03:44Z" changeset="146882542" uid="11152051" user="RazorWind">
    <nd ref="10816811970"/>
    <nd ref="10816811971"/>
    <tag k="highway" v="steps"/>
  </way>
  <way id="1163088071" version="3" timestamp="2024-01-30T23:03:44Z" changeset="146882542" uid="11152051" user="RazorWind">
    <nd ref="3807675861"/>
    <nd ref="9491112201"/>
    <tag k="highway" v="steps"/>
  </way>
  <way id="1163088072" version="1" timestamp="2023-04-16T19:15:36Z" changeset="134988779" uid="2761480" user="Antonio Amaral">
    <nd ref="5201170308"/>
    <nd ref="7246206832"/>
    <tag k="highway" v="steps"/>
  </way>
  <way id="1163088073" version="2" timestamp="2024-01-30T23:03:44Z" changeset="146882542" uid="11152051" user="RazorWind">
    <nd ref="10816811975"/>
    <nd ref="5201172928"/>
    <tag k="highway" v="steps"/>
  </way>
  <way id="1163088074" version="1" timestamp="2023-04-16T19:15:36Z" changeset="134988779" uid="2761480" user="Antonio Amaral">
    <nd ref="10816811978"/>
    <nd ref="10816811979"/>
    <nd ref="10816811980"/>
    <nd ref="10816811981"/>
    <tag k="highway" v="steps"/>
  </way>
  <way id="1163088075" version="2" timestamp="2024-01-30T23:03:44Z" changeset="146882542" uid="11152051" user="RazorWind">
    <nd ref="10816811964"/>
    <nd ref="10816811983"/>
    <tag k="highway" v="steps"/>
  </way>
  <way id="1163088076" version="1" timestamp="2023-04-16T19:15:36Z" changeset="134988779" uid="2761480" user="Antonio Amaral">
    <nd ref="10816811984"/>
    <nd ref="259286176"/>
    <tag k="highway" v="steps"/>
  </way>
  <way id="1163088077" version="1" timestamp="2023-04-16T19:15:36Z" changeset="134988779" uid="2761480" user="Antonio Amaral">
    <nd ref="254940980"/>
    <nd ref="10816811985"/>
    <tag k="highway" v="steps"/>
  </way>
  <way id="1163423200" version="1" timestamp="2023-04-17T15:46:15Z" changeset="135020769" uid="2761480" user="Antonio Amaral">
    <nd ref="5201172986"/>
    <nd ref="9491112209"/>
    <nd ref="9491112210"/>
    <tag k="footway" v="sidewalk"/>
    <tag k="highway" v="footway"/>
  </way>
  <way id="1214843563" version="2" timestamp="2023-12-30T10:46:44Z" changeset="145691409" uid="20786629" user="iBattuta">
    <nd ref="6388353684"/>
    <nd ref="11468909761"/>
    <nd ref="11255385786"/>
    <tag k="highway" v="steps"/>
  </way>
  <way id="1231463640" version="4" timestamp="2026-02-24T12:30:21Z" changeset="178986489" uid="15324596" user="dmfr">
    <nd ref="11421080336"/>
    <nd ref="11148084962"/>
    <nd ref="11148084929"/>
    <nd ref="11148084931"/>
    <nd ref="11148084963"/>
    <nd ref="11148084964"/>
    <nd ref="11148084932"/>
    <nd ref="11148084933"/>
    <nd ref="11148084965"/>
    <nd ref="11148084966"/>
    <nd ref="11148084930"/>
    <nd ref="11148084967"/>
    <nd ref="11148084934"/>
    <tag k="circuits" v="2"/>
    <tag k="frequency" v="50"/>
    <tag k="layer" v="-1"/>
    <tag k="location" v="underground"/>
    <tag k="operator" v="E-REDES"/>
    <tag k="operator:wikidata" v="Q111843687"/>
    <tag k="operator:wikipedia" v="pt:Energias de Portugal"/>
    <tag k="power" v="cable"/>
    <tag k="voltage" v="60000"/>
  </way>
  <way id="1231463642" version="3" timestamp="2026-02-24T12:30:21Z" changeset="178986489" uid="15324596" user="dmfr">
    <nd ref="11421080336"/>
    <nd ref="11421080335"/>
    <tag k="circuits" v="2"/>
    <tag k="frequency" v="50"/>
    <tag k="layer" v="-1"/>
    <tag k="location" v="underground"/>
    <tag k="operator" v="E-REDES"/>
    <tag k="operator:wikidata" v="Q111843687"/>
    <tag k="operator:wikipedia" v="pt:Energias de Portugal"/>
    <tag k="power" v="cable"/>
    <tag k="voltage" v="60000"/>
  </way>
  <way id="1235438662" version="2" timestamp="2023-12-30T10:46:44Z" changeset="145691409" uid="20786629" user="iBattuta">
    <nd ref="11468701896"/>
    <nd ref="11468701897"/>
    <nd ref="11468701899"/>
    <nd ref="11468701898"/>
    <nd ref="11468701922"/>
    <nd ref="11468701903"/>
    <nd ref="11468701902"/>
    <nd ref="11468701901"/>
    <nd ref="11468701900"/>
    <nd ref="11468701896"/>
    <tag k="building" v="residential"/>
  </way>
  <way id="1235438663" version="2" timestamp="2023-12-30T10:46:44Z" changeset="145691409" uid="20786629" user="iBattuta">
    <nd ref="11468701904"/>
    <nd ref="11468701905"/>
    <nd ref="11468701906"/>
    <nd ref="11468701907"/>
    <nd ref="11468701904"/>
    <tag k="building" v="residential"/>
  </way>
  <way id="1235438664" version="2" timestamp="2023-12-30T10:46:44Z" changeset="145691409" uid="20786629" user="iBattuta">
    <nd ref="11468701908"/>
    <nd ref="11468701909"/>
    <nd ref="11468701910"/>
    <nd ref="11468701911"/>
    <nd ref="11468701912"/>
    <nd ref="11468701913"/>
    <nd ref="11468701914"/>
    <nd ref="11468701915"/>
    <nd ref="11468701908"/>
    <tag k="building" v="residential"/>
  </way>
  <way id="1235438665" version="2" timestamp="2023-12-30T10:46:44Z" changeset="145691409" uid="20786629" user="iBattuta">
    <nd ref="11468701916"/>
    <nd ref="11468701917"/>
    <nd ref="11468701918"/>
    <nd ref="11468701919"/>
    <nd ref="11468701916"/>
    <tag k="building" v="residential"/>
  </way>
  <way id="1235438666" version="1" timestamp="2023-12-30T07:46:16Z" changeset="145686430" uid="20786629" user="iBattuta">
    <nd ref="11468701898"/>
    <nd ref="11468701920"/>
    <nd ref="11468701921"/>
    <nd ref="11468701922"/>
    <nd ref="11468701898"/>
    <tag k="amenity" v="parking"/>
  </way>
  <way id="1235477621" version="1" timestamp="2023-12-30T10:46:44Z" changeset="145691409" uid="20786629" user="iBattuta">
    <nd ref="11468909745"/>
    <nd ref="11468909746"/>
    <nd ref="11468909747"/>
    <nd ref="11468909748"/>
    <nd ref="11468909749"/>
    <nd ref="11468909750"/>
    <nd ref="11468909751"/>
    <nd ref="11468909752"/>
    <nd ref="11468909745"/>
    <tag k="building" v="residential"/>
  </way>
  <way id="1235477622" version="1" timestamp="2023-12-30T10:46:44Z" changeset="145691409" uid="20786629" user="iBattuta">
    <nd ref="11468909753"/>
    <nd ref="11468909754"/>
    <nd ref="11468909755"/>
    <nd ref="11468909756"/>
    <nd ref="11468909757"/>
    <nd ref="11468909758"/>
    <nd ref="11468909759"/>
    <nd ref="11468909760"/>
    <nd ref="11468909753"/>
    <tag k="building" v="residential"/>
  </way>
  <way id="1235477623" version="1" timestamp="2023-12-30T10:46:44Z" changeset="145691409" uid="20786629" user="iBattuta">
    <nd ref="11468909762"/>
    <nd ref="11468909763"/>
    <nd ref="11468909764"/>
    <nd ref="11468909765"/>
    <nd ref="11468909766"/>
    <nd ref="11468909767"/>
    <nd ref="11468909768"/>
    <nd ref="11468909769"/>
    <nd ref="11468909770"/>
    <nd ref="11468909771"/>
    <nd ref="11468909762"/>
    <tag k="building" v="residential"/>
  </way>
  <way id="1235477624" version="1" timestamp="2023-12-30T10:46:44Z" changeset="145691409" uid="20786629" user="iBattuta">
    <nd ref="11468909772"/>
    <nd ref="11468909773"/>
    <nd ref="11468909774"/>
    <nd ref="11468909775"/>
    <nd ref="11468909776"/>
    <nd ref="11468909777"/>
    <nd ref="11468909778"/>
    <nd ref="11468909779"/>
    <nd ref="11468909772"/>
    <tag k="building" v="residential"/>
  </way>
  <way id="1244769044" version="1" timestamp="2024-01-30T23:03:44Z" changeset="146882542" uid="11152051" user="RazorWind">
    <nd ref="11571472018"/>
    <nd ref="11571472019"/>
    <nd ref="11571472022"/>
    <nd ref="11571472020"/>
    <nd ref="11571472021"/>
    <nd ref="11571472018"/>
    <tag k="building" v="yes"/>
  </way>
  <way id="1244769045" version="1" timestamp="2024-01-30T23:03:44Z" changeset="146882542" uid="11152051" user="RazorWind">
    <nd ref="11571472022"/>
    <nd ref="11571472023"/>
    <nd ref="11571472026"/>
    <nd ref="11571472024"/>
    <nd ref="11571472025"/>
    <nd ref="11571472020"/>
    <nd ref="11571472022"/>
    <tag k="building" v="yes"/>
  </way>
  <way id="1244769046" version="1" timestamp="2024-01-30T23:03:44Z" changeset="146882542" uid="11152051" user="RazorWind">
    <nd ref="11571472026"/>
    <nd ref="11571472027"/>
    <nd ref="11571472030"/>
    <nd ref="11571472028"/>
    <nd ref="11571472029"/>
    <nd ref="11571472024"/>
    <nd ref="11571472026"/>
    <tag k="building" v="yes"/>
  </way>
  <way id="1244769047" version="1" timestamp="2024-01-30T23:03:44Z" changeset="146882542" uid="11152051" user="RazorWind">
    <nd ref="11571472030"/>
    <nd ref="11571472031"/>
    <nd ref="11571472032"/>
    <nd ref="11571472033"/>
    <nd ref="11571472028"/>
    <nd ref="11571472030"/>
    <tag k="building" v="yes"/>
  </way>
  <way id="1244769048" version="1" timestamp="2024-01-30T23:03:44Z" changeset="146882542" uid="11152051" user="RazorWind">
    <nd ref="11571472035"/>
    <nd ref="11571472036"/>
    <nd ref="11571472037"/>
    <nd ref="11571472038"/>
    <nd ref="11571472039"/>
    <nd ref="11571472035"/>
    <tag k="building" v="yes"/>
  </way>
  <way id="1244769049" version="1" timestamp="2024-01-30T23:03:44Z" changeset="146882542" uid="11152051" user="RazorWind">
    <nd ref="11571472040"/>
    <nd ref="11571472041"/>
    <nd ref="11571472035"/>
    <nd ref="11571472039"/>
    <nd ref="11571472042"/>
    <nd ref="11571472043"/>
    <nd ref="11571472040"/>
    <tag k="building" v="yes"/>
  </way>
  <way id="1244769050" version="1" timestamp="2024-01-30T23:03:44Z" changeset="146882542" uid="11152051" user="RazorWind">
    <nd ref="11571472044"/>
    <nd ref="11571472045"/>
    <nd ref="11571472040"/>
    <nd ref="11571472043"/>
    <nd ref="11571472046"/>
    <nd ref="11571472047"/>
    <nd ref="11571472044"/>
    <tag k="building" v="yes"/>
  </way>
  <way id="1244769051" version="1" timestamp="2024-01-30T23:03:44Z" changeset="146882542" uid="11152051" user="RazorWind">
    <nd ref="11571472048"/>
    <nd ref="11571472049"/>
    <nd ref="11571472044"/>
    <nd ref="11571472047"/>
    <nd ref="11571472050"/>
    <nd ref="11571472053"/>
    <nd ref="11571472048"/>
    <tag k="building" v="yes"/>
  </way>
  <way id="1244769052" version="1" timestamp="2024-01-30T23:03:44Z" changeset="146882542" uid="11152051" user="RazorWind">
    <nd ref="11571472051"/>
    <nd ref="11571472052"/>
    <nd ref="11571472048"/>
    <nd ref="11571472053"/>
    <nd ref="11571472054"/>
    <nd ref="11571472051"/>
    <tag k="building" v="yes"/>
  </way>
  <way id="1244769053" version="1" timestamp="2024-01-30T23:03:44Z" changeset="146882542" uid="11152051" user="RazorWind">
    <nd ref="11571472056"/>
    <nd ref="11571472057"/>
    <nd ref="11571472082"/>
    <nd ref="11571472055"/>
    <nd ref="11571472058"/>
    <nd ref="11571472059"/>
    <nd ref="11571472056"/>
    <tag k="building" v="yes"/>
  </way>
  <way id="1244769054" version="1" timestamp="2024-01-30T23:03:44Z" changeset="146882542" uid="11152051" user="RazorWind">
    <nd ref="11571472060"/>
    <nd ref="11571472061"/>
    <nd ref="11571472056"/>
    <nd ref="11571472059"/>
    <nd ref="11571472062"/>
    <nd ref="11571472063"/>
    <nd ref="11571472060"/>
    <tag k="building" v="yes"/>
  </way>
  <way id="1244769055" version="1" timestamp="2024-01-30T23:03:44Z" changeset="146882542" uid="11152051" user="RazorWind">
    <nd ref="11571472064"/>
    <nd ref="11571472065"/>
    <nd ref="11571472060"/>
    <nd ref="11571472063"/>
    <nd ref="11571472066"/>
    <nd ref="11571472064"/>
    <tag k="building" v="yes"/>
  </way>
  <way id="1244769056" version="1" timestamp="2024-01-30T23:03:44Z" changeset="146882542" uid="11152051" user="RazorWind">
    <nd ref="11571472067"/>
    <nd ref="11571472068"/>
    <nd ref="11571472071"/>
    <nd ref="11571472069"/>
    <nd ref="11571472070"/>
    <nd ref="11571472067"/>
    <tag k="building" v="yes"/>
  </way>
  <way id="1244769057" version="1" timestamp="2024-01-30T23:03:44Z" changeset="146882542" uid="11152051" user="RazorWind">
    <nd ref="11571472071"/>
    <nd ref="11571472072"/>
    <nd ref="11571472075"/>
    <nd ref="11571472078"/>
    <nd ref="11571472073"/>
    <nd ref="11571472074"/>
    <nd ref="11571472069"/>
    <nd ref="11571472071"/>
    <tag k="building" v="yes"/>
  </way>
  <way id="1244769058" version="1" timestamp="2024-01-30T23:03:44Z" changeset="146882542" uid="11152051" user="RazorWind">
    <nd ref="11571472075"/>
    <nd ref="11571472076"/>
    <nd ref="11571472077"/>
    <nd ref="11571472078"/>
    <nd ref="11571472075"/>
    <tag k="building" v="yes"/>
  </way>
  <way id="1244769059" version="1" timestamp="2024-01-30T23:03:44Z" changeset="146882542" uid="11152051" user="RazorWind">
    <nd ref="11571472079"/>
    <nd ref="11571472080"/>
    <nd ref="11571472086"/>
    <nd ref="11571472081"/>
    <nd ref="11571472082"/>
    <nd ref="11571472057"/>
    <nd ref="11571472079"/>
    <tag k="building" v="yes"/>
  </way>
  <way id="1244769060" version="1" timestamp="2024-01-30T23:03:44Z" changeset="146882542" uid="11152051" user="RazorWind">
    <nd ref="11571472083"/>
    <nd ref="11571472084"/>
    <nd ref="11571472085"/>
    <nd ref="11571472086"/>
    <nd ref="11571472080"/>
    <nd ref="11571472083"/>
    <tag k="building" v="yes"/>
  </way>
  <way id="1244769061" version="1" timestamp="2024-01-30T23:03:44Z" changeset="146882542" uid="11152051" user="RazorWind">
    <nd ref="11571472089"/>
    <nd ref="11571472090"/>
    <nd ref="11571472100"/>
    <nd ref="11571472091"/>
    <nd ref="11571472092"/>
    <nd ref="11571472089"/>
    <tag k="building" v="yes"/>
  </way>
  <way id="1244769062" version="1" timestamp="2024-01-30T23:03:44Z" changeset="146882542" uid="11152051" user="RazorWind">
    <nd ref="11571472089"/>
    <nd ref="11571472093"/>
    <nd ref="11571472094"/>
    <nd ref="11571472092"/>
    <nd ref="11571472089"/>
    <tag k="building" v="yes"/>
  </way>
  <way id="1244769063" version="1" timestamp="2024-01-30T23:03:44Z" changeset="146882542" uid="11152051" user="RazorWind">
    <nd ref="11571472093"/>
    <nd ref="11571472095"/>
    <nd ref="11571472096"/>
    <nd ref="11571472097"/>
    <nd ref="11571472094"/>
    <nd ref="11571472093"/>
    <tag k="building" v="yes"/>
  </way>
  <way id="1244769064" version="1" timestamp="2024-01-30T23:03:44Z" changeset="146882542" uid="11152051" user="RazorWind">
    <nd ref="11571472090"/>
    <nd ref="11571472098"/>
    <nd ref="11571472099"/>
    <nd ref="11571472100"/>
    <nd ref="11571472090"/>
    <tag k="building" v="yes"/>
  </way>
  <way id="1244769065" version="1" timestamp="2024-01-30T23:03:44Z" changeset="146882542" uid="11152051" user="RazorWind">
    <nd ref="11571472101"/>
    <nd ref="11571472102"/>
    <nd ref="11571472103"/>
    <nd ref="11571472104"/>
    <nd ref="11571472105"/>
    <nd ref="11571472106"/>
    <nd ref="11571472101"/>
    <tag k="building" v="yes"/>
  </way>
  <way id="1244769066" version="1" timestamp="2024-01-30T23:03:44Z" changeset="146882542" uid="11152051" user="RazorWind">
    <nd ref="11571472102"/>
    <nd ref="11571472107"/>
    <nd ref="11571472108"/>
    <nd ref="11571472109"/>
    <nd ref="11571472103"/>
    <nd ref="11571472102"/>
    <tag k="building" v="yes"/>
  </way>
  <way id="1244769067" version="1" timestamp="2024-01-30T23:03:44Z" changeset="146882542" uid="11152051" user="RazorWind">
    <nd ref="11571472107"/>
    <nd ref="11571472110"/>
    <nd ref="11571472111"/>
    <nd ref="11571472112"/>
    <nd ref="11571472108"/>
    <nd ref="11571472107"/>
    <tag k="building" v="yes"/>
  </way>
  <way id="1244769068" version="1" timestamp="2024-01-30T23:03:44Z" changeset="146882542" uid="11152051" user="RazorWind">
    <nd ref="11571472110"/>
    <nd ref="11571472113"/>
    <nd ref="11571472114"/>
    <nd ref="11571472111"/>
    <nd ref="11571472110"/>
    <tag k="building" v="yes"/>
  </way>
  <way id="1244769069" version="1" timestamp="2024-01-30T23:03:44Z" changeset="146882542" uid="11152051" user="RazorWind">
    <nd ref="11571472115"/>
    <nd ref="11571472116"/>
    <nd ref="11571472117"/>
    <nd ref="11571472118"/>
    <nd ref="11571472115"/>
    <tag k="building" v="yes"/>
  </way>
  <way id="1244769070" version="1" timestamp="2024-01-30T23:03:44Z" changeset="146882542" uid="11152051" user="RazorWind">
    <nd ref="11571472119"/>
    <nd ref="11571472120"/>
    <nd ref="11571472121"/>
    <nd ref="11571472122"/>
    <nd ref="11571472119"/>
    <tag k="building" v="yes"/>
  </way>
  <way id="1244769071" version="1" timestamp="2024-01-30T23:03:44Z" changeset="146882542" uid="11152051" user="RazorWind">
    <nd ref="11571472120"/>
    <nd ref="11571472123"/>
    <nd ref="11571472124"/>
    <nd ref="11571472121"/>
    <nd ref="11571472120"/>
    <tag k="building" v="yes"/>
  </way>
  <way id="1244769072" version="1" timestamp="2024-01-30T23:03:44Z" changeset="146882542" uid="11152051" user="RazorWind">
    <nd ref="11571472123"/>
    <nd ref="11571472125"/>
    <nd ref="11571472126"/>
    <nd ref="11571472124"/>
    <nd ref="11571472123"/>
    <tag k="building" v="yes"/>
  </way>
  <way id="1244769073" version="1" timestamp="2024-01-30T23:03:44Z" changeset="146882542" uid="11152051" user="RazorWind">
    <nd ref="11571472125"/>
    <nd ref="11571472127"/>
    <nd ref="11571472128"/>
    <nd ref="11571472126"/>
    <nd ref="11571472125"/>
    <tag k="building" v="yes"/>
  </way>
  <way id="1244769074" version="1" timestamp="2024-01-30T23:03:44Z" changeset="146882542" uid="11152051" user="RazorWind">
    <nd ref="11571472127"/>
    <nd ref="11571472129"/>
    <nd ref="11571472130"/>
    <nd ref="11571472128"/>
    <nd ref="11571472127"/>
    <tag k="building" v="yes"/>
  </way>
  <way id="1244769075" version="1" timestamp="2024-01-30T23:03:44Z" changeset="146882542" uid="11152051" user="RazorWind">
    <nd ref="11571472129"/>
    <nd ref="11571472131"/>
    <nd ref="11571472132"/>
    <nd ref="11571472130"/>
    <nd ref="11571472129"/>
    <tag k="building" v="yes"/>
  </way>
  <way id="1244769076" version="1" timestamp="2024-01-30T23:03:44Z" changeset="146882542" uid="11152051" user="RazorWind">
    <nd ref="11571472131"/>
    <nd ref="11571472133"/>
    <nd ref="11571472134"/>
    <nd ref="11571472132"/>
    <nd ref="11571472131"/>
    <tag k="building" v="yes"/>
  </way>
  <way id="1244769077" version="1" timestamp="2024-01-30T23:03:44Z" changeset="146882542" uid="11152051" user="RazorWind">
    <nd ref="11571472133"/>
    <nd ref="11571472135"/>
    <nd ref="11571472136"/>
    <nd ref="11571472134"/>
    <nd ref="11571472133"/>
    <tag k="building" v="yes"/>
  </way>
  <way id="1244769078" version="1" timestamp="2024-01-30T23:03:44Z" changeset="146882542" uid="11152051" user="RazorWind">
    <nd ref="11571472135"/>
    <nd ref="11571472137"/>
    <nd ref="11571472138"/>
    <nd ref="11571472139"/>
    <nd ref="11571472136"/>
    <nd ref="11571472135"/>
    <tag k="building" v="yes"/>
  </way>
  <way id="1244769079" version="1" timestamp="2024-01-30T23:03:44Z" changeset="146882542" uid="11152051" user="RazorWind">
    <nd ref="11571472138"/>
    <nd ref="11571472140"/>
    <nd ref="11571472141"/>
    <nd ref="11571472142"/>
    <nd ref="11571472139"/>
    <nd ref="11571472138"/>
    <tag k="building" v="yes"/>
  </way>
  <way id="1244769080" version="1" timestamp="2024-01-30T23:03:44Z" changeset="146882542" uid="11152051" user="RazorWind">
    <nd ref="11571472141"/>
    <nd ref="11571472143"/>
    <nd ref="11571472144"/>
    <nd ref="11571472142"/>
    <nd ref="11571472141"/>
    <tag k="building" v="yes"/>
  </way>
  <way id="1244769081" version="1" timestamp="2024-01-30T23:03:44Z" changeset="146882542" uid="11152051" user="RazorWind">
    <nd ref="11571472143"/>
    <nd ref="11571472145"/>
    <nd ref="11571472146"/>
    <nd ref="11571472144"/>
    <nd ref="11571472143"/>
    <tag k="building" v="yes"/>
  </way>
  <way id="1244769082" version="1" timestamp="2024-01-30T23:03:44Z" changeset="146882542" uid="11152051" user="RazorWind">
    <nd ref="11571472145"/>
    <nd ref="11571472147"/>
    <nd ref="11571472148"/>
    <nd ref="11571472146"/>
    <nd ref="11571472145"/>
    <tag k="building" v="yes"/>
  </way>
  <way id="1244769083" version="1" timestamp="2024-01-30T23:03:44Z" changeset="146882542" uid="11152051" user="RazorWind">
    <nd ref="11571472147"/>
    <nd ref="11571472118"/>
    <nd ref="11571472117"/>
    <nd ref="11571472148"/>
    <nd ref="11571472147"/>
    <tag k="building" v="yes"/>
  </way>
  <way id="1244769084" version="1" timestamp="2024-01-30T23:03:44Z" changeset="146882542" uid="11152051" user="RazorWind">
    <nd ref="11571472149"/>
    <nd ref="11571472150"/>
    <nd ref="11571472151"/>
    <nd ref="11571472152"/>
    <nd ref="11571472149"/>
    <tag k="building" v="yes"/>
  </way>
  <way id="1244769085" version="1" timestamp="2024-01-30T23:03:44Z" changeset="146882542" uid="11152051" user="RazorWind">
    <nd ref="11571472150"/>
    <nd ref="11571472153"/>
    <nd ref="11571472154"/>
    <nd ref="11571472151"/>
    <nd ref="11571472150"/>
    <tag k="building" v="yes"/>
  </way>
  <way id="1244769086" version="2" timestamp="2025-01-31T00:38:44Z" changeset="161960084" uid="20972402" user="DanielAgos">
    <nd ref="12545099126"/>
    <nd ref="11571472158"/>
    <nd ref="11571472155"/>
    <nd ref="12545099127"/>
    <nd ref="12545099126"/>
    <tag k="building" v="yes"/>
  </way>
  <way id="1244769087" version="2" timestamp="2025-01-31T00:38:44Z" changeset="161960084" uid="20972402" user="DanielAgos">
    <nd ref="12545099112"/>
    <nd ref="11571472162"/>
    <nd ref="11571472159"/>
    <nd ref="12545099113"/>
    <nd ref="12545099112"/>
    <tag k="building" v="yes"/>
  </way>
  <way id="1244769088" version="2" timestamp="2025-01-31T00:38:44Z" changeset="161960084" uid="20972402" user="DanielAgos">
    <nd ref="12545099140"/>
    <nd ref="11571472166"/>
    <nd ref="11571472163"/>
    <nd ref="12545099141"/>
    <nd ref="12545099140"/>
    <tag k="building" v="yes"/>
  </way>
  <way id="1244769091" version="1" timestamp="2024-01-30T23:03:44Z" changeset="146882542" uid="11152051" user="RazorWind">
    <nd ref="3807675860"/>
    <nd ref="9491112201"/>
    <tag k="highway" v="footway"/>
  </way>
  <way id="1244769105" version="1" timestamp="2024-01-30T23:03:44Z" changeset="146882542" uid="11152051" user="RazorWind">
    <nd ref="11571472272"/>
    <nd ref="11571472273"/>
    <nd ref="11571472274"/>
    <nd ref="11571472275"/>
    <nd ref="11571472272"/>
    <tag k="amenity" v="parking"/>
  </way>
  <way id="1244769106" version="1" timestamp="2024-01-30T23:03:44Z" changeset="146882542" uid="11152051" user="RazorWind">
    <nd ref="11571472276"/>
    <nd ref="11571472277"/>
    <nd ref="11571472278"/>
    <nd ref="11571472279"/>
    <nd ref="11571472276"/>
    <tag k="amenity" v="parking"/>
  </way>
  <way id="1308302083" version="1" timestamp="2024-08-16T17:41:43Z" changeset="155340007" uid="11912760" user="aselvadeasfalto">
    <nd ref="12115455391"/>
    <nd ref="12115455389"/>
    <tag k="barrier" v="kerb"/>
  </way>
  <way id="1308302091" version="1" timestamp="2024-08-16T17:41:43Z" changeset="155340007" uid="11912760" user="aselvadeasfalto">
    <nd ref="12115492525"/>
    <nd ref="12115492526"/>
    <nd ref="12115492527"/>
    <nd ref="12115492528"/>
    <nd ref="12115492529"/>
    <nd ref="12115492530"/>
    <nd ref="12115492531"/>
    <nd ref="12115492532"/>
    <nd ref="12115492533"/>
    <nd ref="12115492534"/>
    <nd ref="12115455359"/>
    <nd ref="12115492535"/>
    <nd ref="12115492536"/>
    <nd ref="12115492537"/>
    <nd ref="12115492538"/>
    <nd ref="12115492540"/>
    <tag k="barrier" v="kerb"/>
  </way>
  <way id="1326262926" version="1" timestamp="2024-10-20T14:06:07Z" changeset="158129950" uid="20972402" user="DanielAgos">
    <nd ref="12271101915"/>
    <nd ref="12271101916"/>
    <tag k="access" v="private"/>
    <tag k="highway" v="service"/>
    <tag k="layer" v="-1"/>
    <tag k="tunnel" v="building_passage"/>
  </way>
  <way id="1326262927" version="1" timestamp="2024-10-20T14:06:07Z" changeset="158129950" uid="20972402" user="DanielAgos">
    <nd ref="12271101916"/>
    <nd ref="12271101917"/>
    <tag k="access" v="private"/>
    <tag k="highway" v="service"/>
  </way>
  <way id="1326262928" version="1" timestamp="2024-10-20T14:06:07Z" changeset="158129950" uid="20972402" user="DanielAgos">
    <nd ref="12271101918"/>
    <nd ref="12271101915"/>
    <tag k="access" v="private"/>
    <tag k="highway" v="service"/>
  </way>
  <way id="1326262929" version="1" timestamp="2024-10-20T14:06:07Z" changeset="158129950" uid="20972402" user="DanielAgos">
    <nd ref="12271101919"/>
    <nd ref="8198018122"/>
    <tag k="access" v="private"/>
    <tag k="highway" v="service"/>
  </way>
  <way id="1326262930" version="1" timestamp="2024-10-20T14:06:07Z" changeset="158129950" uid="20972402" user="DanielAgos">
    <nd ref="8198018123"/>
    <nd ref="12271101917"/>
    <nd ref="12271101914"/>
    <tag k="access" v="private"/>
    <tag k="highway" v="service"/>
  </way>
  <way id="1326262931" version="1" timestamp="2024-10-20T14:06:07Z" changeset="158129950" uid="20972402" user="DanielAgos">
    <nd ref="12271101920"/>
    <nd ref="5446364988"/>
    <tag k="highway" v="footway"/>
  </way>
  <way id="1355522432" version="1" timestamp="2025-01-31T00:38:44Z" changeset="161960084" uid="20972402" user="DanielAgos">
    <nd ref="1929620936"/>
    <nd ref="12249029646"/>
    <tag k="description" v="Toponímia: Político - 1862 - 1934. Início: Rua Abel Salazar. Fim: sem saída."/>
    <tag k="highway" v="residential"/>
    <tag k="name" v="Rua Brito Camacho"/>
    <tag k="oneway" v="yes"/>
    <tag k="source" v="bing"/>
    <tag k="source:description" v="dadosabertos.cm-lisboa.pt"/>
    <tag k="source:pkey" v="2028"/>
    <tag k="start_date" v="1997-12-09"/>
    <tag k="website" v="https://revelar.lisboa.pt/explorar/toponimia/detalhe?tx_toponimia_pi1%5Baction%5D=show&amp;tx_toponimia_pi1%5Bcontroller%5D=Toponimia&amp;tx_toponimia_pi1%5Btopid%5D=2028"/>
  </way>
  <way id="1355522433" version="1" timestamp="2025-01-31T00:38:44Z" changeset="161960084" uid="20972402" user="DanielAgos">
    <nd ref="12545099109"/>
    <nd ref="11571472160"/>
    <nd ref="11571472161"/>
    <nd ref="12545099108"/>
    <nd ref="12545099109"/>
    <tag k="building" v="yes"/>
  </way>
  <way id="1355522434" version="1" timestamp="2025-01-31T00:38:44Z" changeset="161960084" uid="20972402" user="DanielAgos">
    <nd ref="12545099108"/>
    <nd ref="12545099110"/>
    <nd ref="12545099111"/>
    <nd ref="12545099109"/>
    <nd ref="12545099108"/>
    <tag k="building" v="yes"/>
  </way>
  <way id="1355522435" version="1" timestamp="2025-01-31T00:38:44Z" changeset="161960084" uid="20972402" user="DanielAgos">
    <nd ref="12545099110"/>
    <nd ref="12545099112"/>
    <nd ref="12545099113"/>
    <nd ref="12545099111"/>
    <nd ref="12545099110"/>
    <tag k="building" v="yes"/>
  </way>
  <way id="1355522436" version="1" timestamp="2025-01-31T00:38:44Z" changeset="161960084" uid="20972402" user="DanielAgos">
    <nd ref="12545099115"/>
    <nd ref="11571472156"/>
    <nd ref="11571472157"/>
    <nd ref="12545099114"/>
    <nd ref="12545099115"/>
    <tag k="building" v="yes"/>
  </way>
  <way id="1355522437" version="1" timestamp="2025-01-31T00:38:44Z" changeset="161960084" uid="20972402" user="DanielAgos">
    <nd ref="12545099117"/>
    <nd ref="12545099115"/>
    <nd ref="12545099114"/>
    <nd ref="12545099116"/>
    <nd ref="12545099117"/>
    <tag k="building" v="yes"/>
  </way>
  <way id="1355522438" version="1" timestamp="2025-01-31T00:38:44Z" changeset="161960084" uid="20972402" user="DanielAgos">
    <nd ref="12545099119"/>
    <nd ref="12545099117"/>
    <nd ref="12545099116"/>
    <nd ref="12545099118"/>
    <nd ref="12545099119"/>
    <tag k="building" v="yes"/>
  </way>
  <way id="1355522439" version="1" timestamp="2025-01-31T00:38:44Z" changeset="161960084" uid="20972402" user="DanielAgos">
    <nd ref="12545099121"/>
    <nd ref="12545099119"/>
    <nd ref="12545099118"/>
    <nd ref="12545099120"/>
    <nd ref="12545099121"/>
    <tag k="building" v="yes"/>
  </way>
  <way id="1355522440" version="1" timestamp="2025-01-31T00:38:44Z" changeset="161960084" uid="20972402" user="DanielAgos">
    <nd ref="12545099123"/>
    <nd ref="12545099121"/>
    <nd ref="12545099120"/>
    <nd ref="12545099122"/>
    <nd ref="12545099123"/>
    <tag k="building" v="yes"/>
  </way>
  <way id="1355522441" version="1" timestamp="2025-01-31T00:38:44Z" changeset="161960084" uid="20972402" user="DanielAgos">
    <nd ref="12545099125"/>
    <nd ref="12545099123"/>
    <nd ref="12545099122"/>
    <nd ref="12545099124"/>
    <nd ref="12545099125"/>
    <tag k="building" v="yes"/>
  </way>
  <way id="1355522442" version="1" timestamp="2025-01-31T00:38:44Z" changeset="161960084" uid="20972402" user="DanielAgos">
    <nd ref="12545099127"/>
    <nd ref="12545099125"/>
    <nd ref="12545099124"/>
    <nd ref="12545099126"/>
    <nd ref="12545099127"/>
    <tag k="building" v="yes"/>
  </way>
  <way id="1355522443" version="1" timestamp="2025-01-31T00:38:44Z" changeset="161960084" uid="20972402" user="DanielAgos">
    <nd ref="12545099129"/>
    <nd ref="11571472164"/>
    <nd ref="11571472165"/>
    <nd ref="12545099128"/>
    <nd ref="12545099129"/>
    <tag k="building" v="yes"/>
  </way>
  <way id="1355522444" version="1" timestamp="2025-01-31T00:38:44Z" changeset="161960084" uid="20972402" user="DanielAgos">
    <nd ref="12545099131"/>
    <nd ref="12545099129"/>
    <nd ref="12545099128"/>
    <nd ref="12545099130"/>
    <nd ref="12545099131"/>
    <tag k="building" v="yes"/>
  </way>
  <way id="1355522445" version="1" timestamp="2025-01-31T00:38:44Z" changeset="161960084" uid="20972402" user="DanielAgos">
    <nd ref="12545099133"/>
    <nd ref="12545099131"/>
    <nd ref="12545099130"/>
    <nd ref="12545099132"/>
    <nd ref="12545099133"/>
    <tag k="building" v="yes"/>
  </way>
  <way id="1355522446" version="1" timestamp="2025-01-31T00:38:44Z" changeset="161960084" uid="20972402" user="DanielAgos">
    <nd ref="12545099135"/>
    <nd ref="12545099133"/>
    <nd ref="12545099132"/>
    <nd ref="12545099134"/>
    <nd ref="12545099135"/>
    <tag k="building" v="yes"/>
  </way>
  <way id="1355522447" version="1" timestamp="2025-01-31T00:38:44Z" changeset="161960084" uid="20972402" user="DanielAgos">
    <nd ref="12545099137"/>
    <nd ref="12545099135"/>
    <nd ref="12545099134"/>
    <nd ref="12545099136"/>
    <nd ref="12545099137"/>
    <tag k="building" v="yes"/>
  </way>
  <way id="1355522448" version="1" timestamp="2025-01-31T00:38:44Z" changeset="161960084" uid="20972402" user="DanielAgos">
    <nd ref="12545099139"/>
    <nd ref="12545099137"/>
    <nd ref="12545099136"/>
    <nd ref="12545099138"/>
    <nd ref="12545099139"/>
    <tag k="building" v="yes"/>
  </way>
  <way id="1355522449" version="1" timestamp="2025-01-31T00:38:44Z" changeset="161960084" uid="20972402" user="DanielAgos">
    <nd ref="12545099141"/>
    <nd ref="12545099139"/>
    <nd ref="12545099138"/>
    <nd ref="12545099140"/>
    <nd ref="12545099141"/>
    <tag k="building" v="yes"/>
  </way>
  <way id="1355522450" version="1" timestamp="2025-01-31T00:38:44Z" changeset="161960084" uid="20972402" user="DanielAgos">
    <nd ref="12545099143"/>
    <nd ref="5121165269"/>
    <nd ref="5121165270"/>
    <nd ref="12545099142"/>
    <nd ref="12545099143"/>
    <tag k="building" v="terrace"/>
  </way>
  <way id="1355522451" version="1" timestamp="2025-01-31T00:38:44Z" changeset="161960084" uid="20972402" user="DanielAgos">
    <nd ref="12545099145"/>
    <nd ref="12545099143"/>
    <nd ref="12545099142"/>
    <nd ref="12545099144"/>
    <nd ref="12545099145"/>
    <tag k="building" v="terrace"/>
  </way>
  <way id="1355522452" version="1" timestamp="2025-01-31T00:38:44Z" changeset="161960084" uid="20972402" user="DanielAgos">
    <nd ref="12545099147"/>
    <nd ref="12545099145"/>
    <nd ref="12545099144"/>
    <nd ref="12545099146"/>
    <nd ref="12545099147"/>
    <tag k="building" v="terrace"/>
  </way>
  <way id="1355522453" version="1" timestamp="2025-01-31T00:38:44Z" changeset="161960084" uid="20972402" user="DanielAgos">
    <nd ref="12545099149"/>
    <nd ref="12545099147"/>
    <nd ref="12545099146"/>
    <nd ref="12545099148"/>
    <nd ref="12545099149"/>
    <tag k="building" v="terrace"/>
  </way>
  <way id="1355522454" version="1" timestamp="2025-01-31T00:38:44Z" changeset="161960084" uid="20972402" user="DanielAgos">
    <nd ref="5121165268"/>
    <nd ref="12545099149"/>
    <nd ref="12545099148"/>
    <nd ref="5121165271"/>
    <nd ref="5121165268"/>
    <tag k="building" v="terrace"/>
  </way>
  <way id="1371375056" version="2" timestamp="2026-04-01T09:32:14Z" changeset="180710834" uid="2644617" user="Jimiiee">
    <nd ref="12700754943"/>
    <nd ref="12700754866"/>
    <nd ref="12700754865"/>
    <nd ref="12700754864"/>
    <nd ref="12700754863"/>
    <nd ref="12700754862"/>
    <nd ref="12700754861"/>
    <nd ref="12700754860"/>
    <nd ref="12700754859"/>
    <nd ref="12700754858"/>
    <nd ref="12700754857"/>
    <nd ref="12700754856"/>
    <nd ref="12700754855"/>
    <nd ref="12700754854"/>
    <nd ref="12700754853"/>
    <nd ref="12700754852"/>
    <nd ref="12700754851"/>
    <nd ref="12700754850"/>
    <nd ref="12700754849"/>
    <nd ref="12700754848"/>
    <nd ref="12700754847"/>
    <nd ref="12700754846"/>
    <nd ref="12700754845"/>
    <nd ref="12700754844"/>
    <nd ref="12700754843"/>
    <nd ref="12700754842"/>
    <nd ref="12700754841"/>
    <nd ref="12700754840"/>
    <nd ref="12700754839"/>
    <nd ref="12700754838"/>
    <nd ref="12700754837"/>
    <nd ref="12700754836"/>
    <nd ref="12700754835"/>
    <nd ref="12700754834"/>
    <nd ref="12700754833"/>
    <nd ref="12700754832"/>
    <nd ref="12700754831"/>
    <nd ref="12700754830"/>
    <nd ref="12700754829"/>
    <nd ref="13697849135"/>
    <nd ref="12700754828"/>
    <nd ref="12700754827"/>
    <nd ref="12700754826"/>
    <nd ref="12700754915"/>
    <nd ref="12700754916"/>
    <nd ref="12700754917"/>
    <nd ref="12700754918"/>
    <nd ref="12700754919"/>
    <nd ref="12700754920"/>
    <nd ref="12700754923"/>
    <nd ref="12700754924"/>
    <nd ref="12700754925"/>
    <nd ref="12700754926"/>
    <nd ref="12700754927"/>
    <nd ref="12700754928"/>
    <nd ref="12700754929"/>
    <nd ref="12700754930"/>
    <nd ref="12700754931"/>
    <nd ref="12700754932"/>
    <nd ref="12700754933"/>
    <nd ref="12700754934"/>
    <nd ref="12700754935"/>
    <nd ref="12700754936"/>
    <nd ref="12700754937"/>
    <nd ref="12700754938"/>
    <nd ref="12700754939"/>
    <nd ref="12700754940"/>
    <nd ref="12700754941"/>
    <nd ref="12700754942"/>
    <nd ref="12700754943"/>
    <tag k="boundary" v="place"/>
    <tag k="name" v="Telheiras Norte"/>
    <tag k="place" v="neighbourhood"/>
  </way>
  <way id="1371375057" version="2" timestamp="2026-04-01T09:32:14Z" changeset="180710834" uid="2644617" user="Jimiiee">
    <nd ref="12700754915"/>
    <nd ref="12700754867"/>
    <nd ref="12700754868"/>
    <nd ref="12700754869"/>
    <nd ref="12700754870"/>
    <nd ref="12700754871"/>
    <nd ref="12700754872"/>
    <nd ref="12700754873"/>
    <nd ref="12700754874"/>
    <nd ref="12700754875"/>
    <nd ref="12700754876"/>
    <nd ref="12700754877"/>
    <nd ref="12700754878"/>
    <nd ref="12700754879"/>
    <nd ref="12700754880"/>
    <nd ref="12700754881"/>
    <nd ref="12700754882"/>
    <nd ref="12700754883"/>
    <nd ref="12700754884"/>
    <nd ref="12700754885"/>
    <nd ref="12700754886"/>
    <nd ref="12700754887"/>
    <nd ref="12700754888"/>
    <nd ref="12700754889"/>
    <nd ref="12700754890"/>
    <nd ref="12700754891"/>
    <nd ref="12700754892"/>
    <nd ref="12700754893"/>
    <nd ref="12700754894"/>
    <nd ref="12700754895"/>
    <nd ref="12700754896"/>
    <nd ref="12700754897"/>
    <nd ref="12700754898"/>
    <nd ref="12700754899"/>
    <nd ref="12700754900"/>
    <nd ref="12700754901"/>
    <nd ref="12700754902"/>
    <nd ref="12700754903"/>
    <nd ref="12700754904"/>
    <nd ref="12700754905"/>
    <nd ref="12700754906"/>
    <nd ref="12700754907"/>
    <nd ref="12700754908"/>
    <nd ref="12700754909"/>
    <nd ref="12700754910"/>
    <nd ref="13697849148"/>
    <nd ref="12700754911"/>
    <nd ref="12700754912"/>
    <nd ref="12700754913"/>
    <nd ref="12700754914"/>
    <nd ref="12700754953"/>
    <nd ref="12700754952"/>
    <nd ref="12700754951"/>
    <nd ref="12700754950"/>
    <nd ref="12700754949"/>
    <nd ref="12700754948"/>
    <nd ref="12700754947"/>
    <nd ref="12700754946"/>
    <nd ref="12700754945"/>
    <nd ref="12700754944"/>
    <nd ref="12700754943"/>
    <nd ref="12700754942"/>
    <nd ref="12700754941"/>
    <nd ref="12700754940"/>
    <nd ref="12700754939"/>
    <nd ref="12700754938"/>
    <nd ref="12700754937"/>
    <nd ref="12700754936"/>
    <nd ref="12700754935"/>
    <nd ref="12700754934"/>
    <nd ref="12700754933"/>
    <nd ref="12700754932"/>
    <nd ref="12700754931"/>
    <nd ref="12700754930"/>
    <nd ref="12700754929"/>
    <nd ref="12700754928"/>
    <nd ref="12700754927"/>
    <nd ref="12700754926"/>
    <nd ref="12700754925"/>
    <nd ref="12700754924"/>
    <nd ref="12700754923"/>
    <nd ref="12700754922"/>
    <nd ref="12700754921"/>
    <nd ref="12700754920"/>
    <nd ref="12700754919"/>
    <nd ref="12700754918"/>
    <nd ref="12700754917"/>
    <nd ref="12700754916"/>
    <nd ref="12700754915"/>
    <tag k="name" v="Telheiras Sul"/>
    <tag k="place" v="neighbourhood"/>
  </way>
  <way id="1371896837" version="1" timestamp="2025-03-26T20:10:32Z" changeset="164137428" uid="1193685" user="DiogoBaptista98">
    <nd ref="11571472173"/>
    <nd ref="11571472172"/>
    <nd ref="11571472168"/>
    <nd ref="11571472167"/>
    <nd ref="11571472116"/>
    <nd ref="11571472115"/>
    <nd ref="11571472114"/>
    <nd ref="11571472113"/>
    <nd ref="11571472095"/>
    <nd ref="11571472096"/>
    <nd ref="11571472122"/>
    <nd ref="11571472121"/>
    <nd ref="11571472124"/>
    <nd ref="11571472126"/>
    <nd ref="11571472170"/>
    <nd ref="11571472169"/>
    <nd ref="11571472183"/>
    <nd ref="11571472182"/>
    <nd ref="11571472181"/>
    <nd ref="11571472180"/>
    <nd ref="11571472179"/>
    <nd ref="11571472178"/>
    <nd ref="11571472177"/>
    <nd ref="11571472176"/>
    <nd ref="11571472175"/>
    <nd ref="11571472174"/>
    <nd ref="11571472173"/>
    <tag k="architect" v="Duarte Nuno Simões;Maria do Rosário Venade;Maria Teresa Marques da Silva;Nuno da Silva Araújo Simões;Sérgio de Almeida Rebelo"/>
    <tag k="name" v="Bairro Coociclo"/>
    <tag k="place" v="city_block"/>
  </way>
  <way id="1395958602" version="3" timestamp="2026-02-24T12:31:19Z" changeset="178986514" uid="15324596" user="dmfr">
    <nd ref="12921178310"/>
    <nd ref="11148084927"/>
    <nd ref="11148084960"/>
    <nd ref="11148084928"/>
    <nd ref="11148084961"/>
    <nd ref="11421080336"/>
    <tag k="circuits" v="4"/>
    <tag k="frequency" v="50"/>
    <tag k="layer" v="-1"/>
    <tag k="location" v="underground"/>
    <tag k="operator" v="E-REDES"/>
    <tag k="operator:wikidata" v="Q111843687"/>
    <tag k="operator:wikipedia" v="pt:Energias de Portugal"/>
    <tag k="power" v="cable"/>
    <tag k="voltage" v="60000"/>
  </way>
  <way id="1443483185" version="2" timestamp="2025-10-20T13:32:06Z" changeset="173537227" uid="16603393" user="Dilxe">
    <nd ref="13245805162"/>
    <nd ref="13245805163"/>
    <tag k="footway" v="crossing"/>
    <tag k="highway" v="footway"/>
    <tag k="surface" v="sett"/>
  </way>
  <way id="1443483186" version="2" timestamp="2025-10-20T13:32:23Z" changeset="173537227" uid="16603393" user="Dilxe">
    <nd ref="13245805163"/>
    <nd ref="3653656818"/>
    <nd ref="13245805164"/>
    <tag k="footway" v="crossing"/>
    <tag k="highway" v="footway"/>
    <tag k="surface" v="asphalt"/>
  </way>
  <way id="1443483187" version="2" timestamp="2025-10-20T13:32:14Z" changeset="173537227" uid="16603393" user="Dilxe">
    <nd ref="13245805164"/>
    <nd ref="4270870560"/>
    <tag k="footway" v="crossing"/>
    <tag k="highway" v="footway"/>
    <tag k="surface" v="sett"/>
  </way>
  <way id="1472729374" version="1" timestamp="2026-01-30T15:32:58Z" changeset="177895332" uid="347293" user="Alexmol">
    <nd ref="13512416487"/>
    <nd ref="13512416479"/>
    <nd ref="13512416477"/>
    <nd ref="13512416476"/>
    <nd ref="13512416487"/>
    <tag k="access" v="yes"/>
    <tag k="amenity" v="charging_station"/>
    <tag k="brand" v="edp Charge"/>
    <tag k="brand:wikidata" v="Q1341222"/>
    <tag k="capacity" v="4"/>
    <tag k="fee" v="yes"/>
    <tag k="maxstay" v="unlimited"/>
    <tag k="motorcar" v="yes"/>
    <tag k="name" v="LSB-01142/1143"/>
    <tag k="network" v="Mobi.E"/>
    <tag k="opening_hours" v="24/7"/>
    <tag k="operator" v="EDP"/>
    <tag k="operator:wikidata" v="Q1341222"/>
    <tag k="parking:fee" v="no"/>
    <tag k="phone" v="+351 800 222 222"/>
    <tag k="ref" v="LSB-01142;LSB-01143"/>
    <tag k="website" v="https://www.mobie.pt/"/>
  </way>
  <way id="1472729375" version="1" timestamp="2026-01-30T15:32:58Z" changeset="177895332" uid="347293" user="Alexmol">
    <nd ref="13512416484"/>
    <nd ref="13512416482"/>
    <nd ref="13512416485"/>
    <nd ref="13512416486"/>
    <nd ref="13512416484"/>
    <tag k="amenity" v="parking_space"/>
    <tag k="parking_space" v="charging"/>
  </way>
  <way id="1472729376" version="1" timestamp="2026-01-30T15:32:58Z" changeset="177895332" uid="347293" user="Alexmol">
    <nd ref="13512416482"/>
    <nd ref="13512416483"/>
    <nd ref="13512416480"/>
    <nd ref="13512416485"/>
    <nd ref="13512416482"/>
    <tag k="amenity" v="parking_space"/>
    <tag k="parking_space" v="charging"/>
  </way>
  <way id="1472729377" version="1" timestamp="2026-01-30T15:32:58Z" changeset="177895332" uid="347293" user="Alexmol">
    <nd ref="13512416483"/>
    <nd ref="13512416481"/>
    <nd ref="13512416479"/>
    <nd ref="13512416480"/>
    <nd ref="13512416483"/>
    <tag k="amenity" v="parking_space"/>
    <tag k="parking_space" v="charging"/>
  </way>
  <way id="1472729378" version="1" timestamp="2026-01-30T15:32:58Z" changeset="177895332" uid="347293" user="Alexmol">
    <nd ref="13512416488"/>
    <nd ref="13512416484"/>
    <nd ref="13512416486"/>
    <nd ref="13512416487"/>
    <nd ref="13512416488"/>
    <tag k="amenity" v="parking_space"/>
    <tag k="parking_space" v="charging"/>
  </way>
  <way id="1494641930" version="2" timestamp="2026-04-08T08:44:25Z" changeset="181036708" uid="2644617" user="Jimiiee">
    <nd ref="13695631582"/>
    <nd ref="13715708682"/>
    <nd ref="13715708683"/>
    <nd ref="13695631583"/>
    <nd ref="13695631584"/>
    <nd ref="13695631585"/>
    <nd ref="13695631586"/>
    <nd ref="6776063313"/>
    <nd ref="13695631587"/>
    <nd ref="13695631588"/>
    <nd ref="13695631589"/>
    <nd ref="13695631590"/>
    <nd ref="13695631591"/>
    <nd ref="13695631582"/>
    <tag k="landuse" v="grass"/>
  </way>
  <way id="1494978830" version="2" timestamp="2026-04-08T08:44:25Z" changeset="181036708" uid="2644617" user="Jimiiee">
    <nd ref="13697849135"/>
    <nd ref="4271011561"/>
    <nd ref="13715660891"/>
    <nd ref="4271011599"/>
    <nd ref="13715660864"/>
    <nd ref="13715660863"/>
    <nd ref="13715660862"/>
    <nd ref="13715660861"/>
    <nd ref="13715660860"/>
    <nd ref="13715660859"/>
    <nd ref="13715660858"/>
    <nd ref="13697849137"/>
    <nd ref="13715708659"/>
    <nd ref="6776063312"/>
    <nd ref="6776063313"/>
    <nd ref="13695631586"/>
    <nd ref="13695631585"/>
    <nd ref="13695631584"/>
    <nd ref="13695631583"/>
    <nd ref="13715708683"/>
    <nd ref="13715708682"/>
    <nd ref="13695631582"/>
    <nd ref="5121144707"/>
    <nd ref="5121144708"/>
    <nd ref="5121144709"/>
    <nd ref="5121144710"/>
    <nd ref="5121144711"/>
    <nd ref="5121144712"/>
    <nd ref="5121144713"/>
    <nd ref="5121144714"/>
    <nd ref="5121144715"/>
    <nd ref="5121165246"/>
    <nd ref="5121165245"/>
    <nd ref="5121165244"/>
    <nd ref="13697849142"/>
    <nd ref="13697849143"/>
    <nd ref="13697849144"/>
    <nd ref="13697849145"/>
    <nd ref="13697849146"/>
    <nd ref="13697849147"/>
    <nd ref="13697849148"/>
    <nd ref="13697849149"/>
    <nd ref="13697849150"/>
    <nd ref="13697849151"/>
    <nd ref="13697849152"/>
    <nd ref="13697849153"/>
    <nd ref="13697849154"/>
    <nd ref="13697849155"/>
    <nd ref="13697849156"/>
    <nd ref="13697849157"/>
    <nd ref="13697849158"/>
    <nd ref="13697849159"/>
    <nd ref="13697849160"/>
    <nd ref="13697849161"/>
    <nd ref="13697849162"/>
    <nd ref="13715708604"/>
    <nd ref="13697849163"/>
    <nd ref="13715660895"/>
    <nd ref="13697849135"/>
    <tag k="landuse" v="residential"/>
  </way>
  <way id="1497611641" version="1" timestamp="2026-04-08T08:44:25Z" changeset="181036708" uid="2644617" user="Jimiiee">
    <nd ref="13715660858"/>
    <nd ref="13715660859"/>
    <nd ref="13715660860"/>
    <nd ref="13715660861"/>
    <nd ref="13715660862"/>
    <nd ref="13715660863"/>
    <nd ref="13715660864"/>
    <nd ref="4271011599"/>
    <nd ref="13715660865"/>
    <nd ref="4271011612"/>
    <nd ref="13715660866"/>
    <nd ref="13715660867"/>
    <nd ref="13715660868"/>
    <nd ref="13715660869"/>
    <nd ref="13715660870"/>
    <nd ref="4271011611"/>
    <nd ref="5389859840"/>
    <nd ref="5389859839"/>
    <nd ref="13715660871"/>
    <nd ref="13715660872"/>
    <nd ref="13715660873"/>
    <nd ref="13715660874"/>
    <nd ref="13715660875"/>
    <nd ref="13715660876"/>
    <nd ref="13715660877"/>
    <nd ref="13715660878"/>
    <nd ref="13715660879"/>
    <nd ref="13715660880"/>
    <nd ref="13715660881"/>
    <nd ref="13715660882"/>
    <nd ref="13715660883"/>
    <nd ref="13715660884"/>
    <nd ref="13715660885"/>
    <nd ref="6776063312"/>
    <nd ref="13715708659"/>
    <nd ref="13697849137"/>
    <nd ref="13715660858"/>
    <tag k="landuse" v="grass"/>
  </way>
  <way id="1497611642" version="1" timestamp="2026-04-08T08:44:25Z" changeset="181036708" uid="2644617" user="Jimiiee">
    <nd ref="13715660886"/>
    <nd ref="13715708609"/>
    <nd ref="13715660887"/>
    <nd ref="13715660888"/>
    <nd ref="13715660896"/>
    <nd ref="13715660889"/>
    <nd ref="13715660890"/>
    <nd ref="13715660886"/>
    <tag k="access" v="yes"/>
    <tag k="amenity" v="parking"/>
    <tag k="parking" v="surface"/>
  </way>
  <way id="1497611643" version="1" timestamp="2026-04-08T08:44:25Z" changeset="181036708" uid="2644617" user="Jimiiee">
    <nd ref="13715660892"/>
    <nd ref="13715660893"/>
    <tag k="highway" v="steps"/>
  </way>
  <way id="1497611644" version="1" timestamp="2026-04-08T08:44:25Z" changeset="181036708" uid="2644617" user="Jimiiee">
    <nd ref="13715660893"/>
    <nd ref="13715660894"/>
    <tag k="highway" v="footway"/>
  </way>
  <way id="1497611645" version="1" timestamp="2026-04-08T08:44:25Z" changeset="181036708" uid="2644617" user="Jimiiee">
    <nd ref="4162331751"/>
    <nd ref="13715660892"/>
    <tag k="highway" v="footway"/>
  </way>
  <way id="1497611646" version="1" timestamp="2026-04-08T08:44:25Z" changeset="181036708" uid="2644617" user="Jimiiee">
    <nd ref="4270956951"/>
    <nd ref="13697849163"/>
    <nd ref="13715660895"/>
    <nd ref="13715660896"/>
    <nd ref="13715660888"/>
    <nd ref="13715660887"/>
    <nd ref="13715660897"/>
    <nd ref="13715660898"/>
    <nd ref="13715660899"/>
    <nd ref="13715660900"/>
    <nd ref="13715708601"/>
    <nd ref="4270956992"/>
    <nd ref="7042299196"/>
    <nd ref="4270956986"/>
    <nd ref="4270956951"/>
    <tag k="natural" v="scrub"/>
  </way>
  <way id="1497611647" version="1" timestamp="2026-04-08T08:44:25Z" changeset="181036708" uid="2644617" user="Jimiiee">
    <nd ref="1929583963"/>
    <nd ref="13715708602"/>
    <nd ref="13715708603"/>
    <nd ref="13715708604"/>
    <nd ref="13697849163"/>
    <nd ref="4270956951"/>
    <nd ref="4270956898"/>
    <nd ref="4270956892"/>
    <nd ref="1929583963"/>
    <tag k="leaf_type" v="mixed"/>
    <tag k="natural" v="wood"/>
  </way>
  <way id="1497611648" version="1" timestamp="2026-04-08T08:44:25Z" changeset="181036708" uid="2644617" user="Jimiiee">
    <nd ref="13715708605"/>
    <nd ref="13715708606"/>
    <nd ref="13715708607"/>
    <nd ref="13715708608"/>
    <nd ref="13715708602"/>
    <nd ref="1929583963"/>
    <nd ref="4270956884"/>
    <nd ref="13715708605"/>
    <tag k="landuse" v="grass"/>
  </way>
  <way id="1497611649" version="1" timestamp="2026-04-08T08:44:25Z" changeset="181036708" uid="2644617" user="Jimiiee">
    <nd ref="13715660887"/>
    <nd ref="13715708609"/>
    <nd ref="13715708610"/>
    <nd ref="13715660897"/>
    <nd ref="13715660887"/>
    <tag k="landuse" v="grass"/>
  </way>
  <way id="1497611650" version="1" timestamp="2026-04-08T08:44:25Z" changeset="181036708" uid="2644617" user="Jimiiee">
    <nd ref="13715708611"/>
    <nd ref="13715708612"/>
    <tag k="natural" v="tree_row"/>
  </way>
  <way id="1497611651" version="1" timestamp="2026-04-08T08:44:25Z" changeset="181036708" uid="2644617" user="Jimiiee">
    <nd ref="13715708617"/>
    <nd ref="13715708618"/>
    <nd ref="13715708619"/>
    <nd ref="13715708620"/>
    <nd ref="13715708621"/>
    <nd ref="13715708622"/>
    <nd ref="13715708617"/>
    <tag k="landuse" v="grass"/>
  </way>
  <way id="1497611652" version="1" timestamp="2026-04-08T08:44:25Z" changeset="181036708" uid="2644617" user="Jimiiee">
    <nd ref="13715708623"/>
    <nd ref="13715708624"/>
    <nd ref="13715708625"/>
    <nd ref="13715708626"/>
    <nd ref="13715708627"/>
    <nd ref="13715708628"/>
    <nd ref="13715708629"/>
    <nd ref="13715708630"/>
    <nd ref="13715708631"/>
    <nd ref="13715708632"/>
    <nd ref="13715708633"/>
    <nd ref="13715708634"/>
    <nd ref="13715708635"/>
    <nd ref="13715708623"/>
    <tag k="landuse" v="grass"/>
  </way>
  <way id="1497611653" version="1" timestamp="2026-04-08T08:44:25Z" changeset="181036708" uid="2644617" user="Jimiiee">
    <nd ref="13715708639"/>
    <nd ref="13715708640"/>
    <nd ref="13715708641"/>
    <tag k="barrier" v="wall"/>
    <tag k="wall" v="noise_barrier"/>
  </way>
  <way id="1497611654" version="1" timestamp="2026-04-08T08:44:25Z" changeset="181036708" uid="2644617" user="Jimiiee">
    <nd ref="13715708644"/>
    <nd ref="13715708645"/>
    <nd ref="13715708646"/>
    <nd ref="13715708647"/>
    <nd ref="13715708648"/>
    <nd ref="13715708649"/>
    <nd ref="13715708650"/>
    <nd ref="13715708651"/>
    <nd ref="13715708652"/>
    <nd ref="1740309876"/>
    <tag k="highway" v="path"/>
  </way>
  <way id="1497611655" version="1" timestamp="2026-04-08T08:44:25Z" changeset="181036708" uid="2644617" user="Jimiiee">
    <nd ref="13715660900"/>
    <nd ref="10187000300"/>
    <nd ref="13715708653"/>
    <nd ref="13715708654"/>
    <nd ref="13715708655"/>
    <nd ref="13715708656"/>
    <nd ref="4270956989"/>
    <nd ref="4270956991"/>
    <nd ref="7042299193"/>
    <nd ref="13715708601"/>
    <nd ref="13715660900"/>
    <tag k="landuse" v="grass"/>
  </way>
  <way id="1497611656" version="1" timestamp="2026-04-08T08:44:25Z" changeset="181036708" uid="2644617" user="Jimiiee">
    <nd ref="3936256625"/>
    <nd ref="13715708660"/>
    <nd ref="13715708661"/>
    <nd ref="13715708662"/>
    <nd ref="13715708663"/>
    <nd ref="3936256625"/>
    <tag k="natural" v="scrub"/>
  </way>
  <way id="1497611657" version="1" timestamp="2026-04-08T08:44:25Z" changeset="181036708" uid="2644617" user="Jimiiee">
    <nd ref="13715708664"/>
    <nd ref="13715708665"/>
    <nd ref="13715708666"/>
    <nd ref="13715708667"/>
    <nd ref="13715708668"/>
    <nd ref="13715708669"/>
    <nd ref="13715708670"/>
    <nd ref="13715708671"/>
    <nd ref="13715708672"/>
    <nd ref="13715708673"/>
    <nd ref="13715708674"/>
    <nd ref="13715708675"/>
    <nd ref="13715708676"/>
    <nd ref="13715708677"/>
    <nd ref="13715708678"/>
    <nd ref="13715708679"/>
    <nd ref="13715708680"/>
    <nd ref="13715708681"/>
    <nd ref="13715708664"/>
    <tag k="landuse" v="grass"/>
  </way>
  <way id="1497611658" version="1" timestamp="2026-04-08T08:44:25Z" changeset="181036708" uid="2644617" user="Jimiiee">
    <nd ref="13715708684"/>
    <nd ref="13715708685"/>
    <nd ref="13715708686"/>
    <nd ref="4271011378"/>
    <nd ref="13715708684"/>
    <tag k="building" v="yes"/>
  </way>
  <way id="1497922973" version="1" timestamp="2026-04-09T12:17:25Z" changeset="181094495" uid="2644617" user="Jimiiee">
    <nd ref="13718446509"/>
    <nd ref="13718446510"/>
    <nd ref="13718446511"/>
    <nd ref="13718446512"/>
    <nd ref="13718446509"/>
    <tag k="landuse" v="grass"/>
  </way>
  <relation id="6365185" version="1" timestamp="2016-06-29T04:59:04Z" changeset="40357615" uid="47097" user="Josef K">
    <member type="way" ref="427935101" role="outer"/>
    <member type="way" ref="427935103" role="inner"/>
    <tag k="building" v="school"/>
    <tag k="type" v="multipolygon"/>
  </relation>

</osm>
